condition,episode,step,gate_drift_m,gate_rotation_deg,world_drift_m,world_rotation_deg,relative_drift_m,relative_rotation_deg,linear_speed_m_s,angular_speed_rad_s,world_linear_speed_m_s,world_angular_speed_rad_s,relative_linear_speed_m_s,relative_angular_speed_rad_s,anchor_excess_vs_eb_m,occupant_in_goal,support_contact,support_bodies,target_contact,robot_contact,passed
eb,0,0,0.0,0.0,0.0,0.0,0.0,0.0,0.0,0.0,0.0,0.0,0.0,0.0,0.0,0,1,floor,0,0,1
eb,0,1,7.979727989493313e-17,0.0,7.979727989493313e-17,0.0,0.01176443798081438,1.045654894575938e-05,3.0522638789036503e-15,3.620737725887167e-14,3.0522638789036503e-15,3.620737725887167e-14,0.2352887596162876,3.6500241499888623e-06,0.0,0,1,floor,0,0,1
eb,0,2,1.6653345369377348e-16,0.0,1.6653345369377348e-16,0.0,0.04217233182325151,0.0662856487992957,3.0514179698244616e-15,3.612185535859091e-14,3.0514179698244616e-15,3.612185535859091e-14,0.6081585753085362,0.023134300720626087,0.0,0,1,floor,0,0,1
eb,0,3,2.5326962749261384e-16,0.0,2.5326962749261384e-16,0.0,0.03872749564336592,0.26565476523627524,3.0522883826892616e-15,3.615788912488063e-14,3.0522883826892616e-15,3.615788912488063e-14,0.06909553410052831,0.06959295263307137,0.0,0,1,floor,0,0,1
eb,0,4,3.400058012914542e-16,0.0,3.400058012914542e-16,0.0,0.0385340906288272,0.27417653745097564,3.0524273355371e-15,3.6177350459725215e-14,3.0524273355371e-15,3.6177350459725215e-14,0.0038749839370472534,0.0029746599881648613,0.0,0,1,floor,0,0,1
eb,0,5,4.2674197509029455e-16,0.0,4.2674197509029455e-16,0.0,0.03852585446808471,0.2745279440516996,3.0515404063576523e-15,3.618390998616174e-14,3.0515404063576523e-15,3.618390998616174e-14,0.0001649999291201358,0.00012265819127572165,0.0,0,1,floor,0,0,1
eb,0,6,5.134781488891349e-16,0.0,5.134781488891349e-16,0.0,0.03852549816758565,0.2745428881048784,3.0502822819928117e-15,3.6221693769877536e-14,3.0502822819928117e-15,3.6221693769877536e-14,7.137607458033322e-06,5.057621821307297e-06,0.0,0,1,floor,0,0,1
eb,0,7,6.002143226879753e-16,0.0,6.002143226879753e-16,0.0,0.038525482745618254,0.2745435241435238,3.0547712004776386e-15,3.601582827928983e-14,3.0547712004776386e-15,3.601582827928983e-14,3.08925916169701e-07,0.0,0.0,0,1,floor,0,0,1
eb,0,8,6.869504964868156e-16,0.0,6.869504964868156e-16,0.0,0.038525482078064846,0.2745435512119594,3.049972765499289e-15,3.615416841732714e-14,3.049972765499289e-15,3.615416841732714e-14,1.3371478261615492e-08,0.0,0.0,0,1,floor,0,0,1
eb,0,9,7.73686670285656e-16,0.0,7.73686670285656e-16,0.0,0.038525482049168225,0.2745435523722248,3.0563288394390764e-15,3.599638445271794e-14,3.0563288394390764e-15,3.599638445271794e-14,5.787885127797549e-10,0.0,0.0,0,1,floor,0,0,1
eb,0,10,8.604228440844963e-16,0.0,8.604228440844963e-16,0.0,0.03852548204791743,0.27454355240674067,3.053514779580539e-15,3.6095953936063e-14,3.053514779580539e-15,3.6095953936063e-14,2.505208402678968e-11,0.0,0.0,0,1,floor,0,0,1
eb,1,0,0.0,0.0,0.0,0.0,0.0,0.0,0.0,0.0,0.0,0.0,0.0,0.0,0.0,0,1,floor,0,0,1
eb,1,1,7.979727989493313e-17,0.0,7.979727989493313e-17,0.0,0.011764437136945517,1.045654894575938e-05,3.0522638789036503e-15,3.620737725887167e-14,3.0522638789036503e-15,3.620737725887167e-14,0.23528874273891032,3.6500241499888623e-06,0.0,0,1,floor,0,0,1
eb,1,2,1.6653345369377348e-16,0.0,1.6653345369377348e-16,0.0,0.04216798326705235,0.0662856487992957,3.0514179698244616e-15,3.612185535859091e-14,3.0514179698244616e-15,3.612185535859091e-14,0.608071621194293,0.023134300720626087,0.0,0,1,floor,0,0,1
eb,1,3,2.5326962749261384e-16,0.0,2.5326962749261384e-16,0.0,0.03871008460226367,0.26565476523627524,3.0522883826892616e-15,3.615788912488063e-14,3.0522883826892616e-15,3.615788912488063e-14,0.06935608752126067,0.06959295263307137,0.0,0,1,floor,0,0,1
eb,1,4,3.400058012914542e-16,0.0,3.400058012914542e-16,0.0,0.03851612053694703,0.27417653745097564,3.0524273355371e-15,3.6177350459725215e-14,3.0524273355371e-15,3.6177350459725215e-14,0.003886148475526877,0.0029746599881648613,0.0,0,1,floor,0,0,1
eb,1,5,4.2674197509029455e-16,0.0,4.2674197509029455e-16,0.0,0.03850786127466991,0.2745279440516996,3.0515404063576523e-15,3.618390998616174e-14,3.0515404063576523e-15,3.618390998616174e-14,0.00016546132472337253,0.00012265819127572165,0.0,0,1,floor,0,0,1
eb,1,6,5.134781488891349e-16,0.0,5.134781488891349e-16,0.0,0.03850750399003363,0.2745428881048784,3.0502822819928117e-15,3.6221693769877536e-14,3.0502822819928117e-15,3.6221693769877536e-14,7.157264103435538e-06,5.057621821307297e-06,0.0,0,1,floor,0,0,1
eb,1,7,6.002143226879753e-16,0.0,6.002143226879753e-16,0.0,0.03850748852610608,0.2745435241435238,3.0547712004776386e-15,3.601582827928983e-14,3.0547712004776386e-15,3.601582827928983e-14,3.0976404501194835e-07,0.0,0.0,0,1,floor,0,0,1
eb,1,8,6.869504964868156e-16,0.0,6.869504964868156e-16,0.0,0.03850748785676375,0.2745435512119594,3.049972765499289e-15,3.615416841732714e-14,3.049972765499289e-15,3.615416841732714e-14,1.340721249059628e-08,0.0,0.0,0,1,floor,0,0,1
eb,1,9,7.73686670285656e-16,0.0,7.73686670285656e-16,0.0,0.03850748782779088,0.2745435523722248,3.0563288394390764e-15,3.599638445271794e-14,3.0563288394390764e-15,3.599638445271794e-14,5.80311778237593e-10,0.0,0.0,0,1,floor,0,0,1
eb,1,10,8.604228440844963e-16,0.0,8.604228440844963e-16,0.0,0.03850748782653682,0.27454355240674067,3.053514779580539e-15,3.6095953936063e-14,3.053514779580539e-15,3.6095953936063e-14,2.5117244105245458e-11,0.0,0.0,0,1,floor,0,0,1
eb,2,0,0.0,0.0,0.0,0.0,0.0,0.0,0.0,0.0,0.0,0.0,0.0,0.0,0.0,0,1,floor,0,0,1
eb,2,1,7.979727989493313e-17,0.0,7.979727989493313e-17,0.0,0.011764438767658097,1.045654894575938e-05,3.0522638789036503e-15,3.620737725887167e-14,3.0522638789036503e-15,3.620737725887167e-14,0.23528877535316192,3.6500241499888623e-06,0.0,0,1,floor,0,0,1
eb,2,2,1.6653345369377348e-16,0.0,1.6653345369377348e-16,0.0,0.04217653432869576,0.0662856487992957,3.0514179698244616e-15,3.612185535859091e-14,3.0514179698244616e-15,3.612185535859091e-14,0.6082426095526635,0.023134300720626087,0.0,0,1,floor,0,0,1
eb,2,3,2.5326962749261384e-16,0.0,2.5326962749261384e-16,0.0,0.0387443253346962,0.26565476523627524,3.0522883826892616e-15,3.615788912488063e-14,3.0522883826892616e-15,3.615788912488063e-14,0.06884366853045674,0.06959295263307137,0.0,0,1,floor,0,0,1
eb,2,4,3.400058012914542e-16,0.0,3.400058012914542e-16,0.0,0.03855146058804079,0.27417653745097564,3.0524273355371e-15,3.6177350459725215e-14,3.0524273355371e-15,3.6177350459725215e-14,0.003864194598319405,0.0029746599881648613,0.0,0,1,floor,0,0,1
eb,2,5,4.2674197509029455e-16,0.0,4.2674197509029455e-16,0.0,0.03854324674261703,0.2745279440516996,3.0515404063576523e-15,3.618390998616174e-14,3.0515404063576523e-15,3.618390998616174e-14,0.00016455423979888154,0.00012265819127572165,0.0,0,1,floor,0,0,1
eb,2,6,5.134781488891349e-16,0.0,5.134781488891349e-16,0.0,0.038542891392406915,0.2745428881048784,3.0502822819928117e-15,3.6221693769877536e-14,3.0502822819928117e-15,3.6221693769877536e-14,7.118627025324298e-06,5.057621821307297e-06,0.0,0,1,floor,0,0,1
eb,2,7,6.002143226879753e-16,0.0,6.002143226879753e-16,0.0,0.03854287601094125,0.2745435241435238,3.0547712004776386e-15,3.601582827928983e-14,3.0547712004776386e-15,3.601582827928983e-14,3.08116924214224e-07,0.0,0.0,0,1,floor,0,0,1
eb,2,8,6.869504964868156e-16,0.0,6.869504964868156e-16,0.0,0.03854287534511393,0.2745435512119594,3.049972765499289e-15,3.615416841732714e-14,3.049972765499289e-15,3.615416841732714e-14,1.3336999438011974e-08,0.0,0.0,0,1,floor,0,0,1
eb,2,9,7.73686670285656e-16,0.0,7.73686670285656e-16,0.0,0.03854287531629087,0.2745435523722248,3.0563288394390764e-15,3.599638445271794e-14,3.0563288394390764e-15,3.599638445271794e-14,5.773189963908254e-10,0.0,0.0,0,1,floor,0,0,1
eb,2,10,8.604228440844963e-16,0.0,8.604228440844963e-16,0.0,0.0385428753150432,0.27454355240674067,3.053514779580539e-15,3.6095953936063e-14,3.053514779580539e-15,3.6095953936063e-14,2.4989746555178884e-11,0.0,0.0,0,1,floor,0,0,1
eb,3,0,0.0,0.0,0.0,0.0,0.0,0.0,0.0,0.0,0.0,0.0,0.0,0.0,0.0,0,1,floor,0,0,1
eb,3,1,7.979727989493313e-17,0.0,7.979727989493313e-17,0.0,0.011764439097471003,1.045654894575938e-05,3.0522638789036503e-15,3.620737725887167e-14,3.0522638789036503e-15,3.620737725887167e-14,0.23528878194942004,3.6500241499888623e-06,0.0,0,1,floor,0,0,1
eb,3,2,1.6653345369377348e-16,0.0,1.6653345369377348e-16,0.0,0.042178218217046794,0.0662856487992957,3.0544050023514547e-15,3.599155220365676e-14,3.0544050023514547e-15,3.599155220365676e-14,0.6082762806722017,0.023134300720626087,0.0,0,1,floor,0,0,1
eb,3,3,2.5326962749261384e-16,0.0,2.5326962749261384e-16,0.0,0.038751067037567304,0.26565476523627524,3.049819857295691e-15,3.628454673620168e-14,3.049819857295691e-15,3.628454673620168e-14,0.06874278528211669,0.06959295263307137,0.0,0,1,floor,0,0,1
eb,3,4,3.400058012914542e-16,0.0,3.400058012914542e-16,0.0,0.03855841877248379,0.27417653745097564,3.0523838298522694e-15,3.616898730331993e-14,3.0523838298522694e-15,3.616898730331993e-14,0.003859871412168459,0.0029746599881648613,0.0,0,1,floor,0,0,1
eb,3,5,4.2674197509029455e-16,0.0,4.2674197509029455e-16,0.0,0.03855021387374779,0.2745279440516996,3.052942551646401e-15,3.6162500165572146e-14,3.052942551646401e-15,3.6162500165572146e-14,0.0001643755544416557,0.00012265819127572165,0.0,0,1,floor,0,0,1
eb,3,6,5.134781488891349e-16,0.0,5.134781488891349e-16,0.0,0.03854985890470881,0.2745428881048784,3.055040573496892e-15,3.6073261475629027e-14,3.055040573496892e-15,3.6073261475629027e-14,7.111013810348111e-06,5.057621821307297e-06,0.0,0,1,floor,0,0,1
eb,3,7,6.002143226879753e-16,0.0,6.002143226879753e-16,0.0,0.03854984353949656,0.2745435241435238,3.055421940471083e-15,3.6092564241561244e-14,3.055421940471083e-15,3.6092564241561244e-14,3.077922761053907e-07,0.0,0.0,0,1,floor,0,0,1
eb,3,8,6.869504964868156e-16,0.0,6.869504964868156e-16,0.0,0.03854984287436227,0.2745435512119594,3.055548499778131e-15,3.6137135026039613e-14,3.055548499778131e-15,3.6137135026039613e-14,1.3323156138082846e-08,0.0,0.0,0,1,floor,0,0,1
eb,3,9,7.73686670285656e-16,0.0,7.73686670285656e-16,0.0,0.03854984284556875,0.2745435523722248,3.0510272143547547e-15,3.615183986451091e-14,3.0510272143547547e-15,3.615183986451091e-14,5.767288233303058e-10,0.0,0.0,0,1,floor,0,0,1
eb,3,10,8.604228440844963e-16,0.0,8.604228440844963e-16,0.0,0.03854984284432232,0.27454355240674067,3.0525377706966073e-15,3.625192825673658e-14,3.0525377706966073e-15,3.625192825673658e-14,2.4964791645196092e-11,0.0,0.0,0,1,floor,0,0,1
eb,4,0,0.0,0.0,0.0,0.0,0.0,0.0,0.0,0.0,0.0,0.0,0.0,0.0,0.0,0,1,floor,0,0,1
eb,4,1,7.979727989493313e-17,0.0,7.979727989493313e-17,0.0,0.011764434674787834,1.045654894575938e-05,3.0522638789036503e-15,3.620737725887167e-14,3.0522638789036503e-15,3.620737725887167e-14,0.23528869349575668,3.6500241499888623e-06,0.0,0,1,floor,0,0,1
eb,4,2,1.6653345369377348e-16,0.0,1.6653345369377348e-16,0.0,0.04215117642477969,0.0662856487992957,3.0514179698244616e-15,3.612185535859091e-14,3.0514179698244616e-15,3.612185535859091e-14,0.6077355341042626,0.023134300720626087,0.0,0,1,floor,0,0,1
eb,4,3,2.5326962749261384e-16,0.0,2.5326962749261384e-16,0.0,0.038642696996770955,0.26565476523627524,3.0522883826892616e-15,3.615788912488063e-14,3.0522883826892616e-15,3.615788912488063e-14,0.07036505585518067,0.06959295263307137,0.0,0,1,floor,0,0,1
eb,4,4,3.400058012914542e-16,0.0,3.400058012914542e-16,0.0,0.03844657242774876,0.27417653745097564,3.0524273355371e-15,3.6177350459725215e-14,3.0524273355371e-15,3.6177350459725215e-14,0.003929295806265633,0.0029746599881648613,0.0,0,1,floor,0,0,1
eb,4,5,4.2674197509029455e-16,0.0,4.2674197509029455e-16,0.0,0.0384382241676424,0.2745279440516996,3.0515404063576523e-15,3.618390998616174e-14,3.0515404063576523e-15,3.618390998616174e-14,0.00016723886999940127,0.00012265819127572165,0.0,0,1,floor,0,0,1
eb,4,6,5.134781488891349e-16,0.0,5.134781488891349e-16,0.0,0.038437863101547814,0.2745428881048784,3.0502822819928117e-15,3.6221693769877536e-14,3.0502822819928117e-15,3.6221693769877536e-14,7.2327944276509285e-06,5.057621821307297e-06,0.0,0,1,floor,0,0,1
eb,4,7,6.002143226879753e-16,0.0,6.002143226879753e-16,0.0,0.03843784747681693,0.2745435241435238,3.0547712004776386e-15,3.601582827928983e-14,3.0547712004776386e-15,3.601582827928983e-14,3.1297605422240684e-07,0.0,0.0,0,1,floor,0,0,1
eb,4,8,6.869504964868156e-16,0.0,6.869504964868156e-16,0.0,0.03843784680063736,0.2745435512119594,3.049972765499289e-15,3.615416841732714e-14,3.049972765499289e-15,3.615416841732714e-14,1.354379085229061e-08,0.0,0.0,0,1,floor,0,0,1
eb,4,9,7.73686670285656e-16,0.0,7.73686670285656e-16,0.0,0.03843784677137382,0.2745435523722248,3.0563288394390764e-15,3.599638445271794e-14,3.0563288394390764e-15,3.599638445271794e-14,5.861182610441028e-10,0.0,0.0,0,1,floor,0,0,1
eb,4,10,8.604228440844963e-16,0.0,8.604228440844963e-16,0.0,0.03843784677010739,0.27454355240674067,3.053514779580539e-15,3.6095953936063e-14,3.053514779580539e-15,3.6095953936063e-14,2.5364252340920792e-11,0.0,0.0,0,1,floor,0,0,1
eb,5,0,0.0,0.0,0.0,0.0,0.0,0.0,0.0,0.0,0.0,0.0,0.0,0.0,0.0,0,1,floor,0,0,1
eb,5,1,7.979727989493313e-17,0.0,7.979727989493313e-17,0.0,0.011764434843377181,1.045654894575938e-05,3.0522638789036503e-15,3.620737725887167e-14,3.0522638789036503e-15,3.620737725887167e-14,0.2352886968675436,3.6500241499888623e-06,0.0,0,1,floor,0,0,1
eb,5,2,1.6653345369377348e-16,0.0,1.6653345369377348e-16,0.0,0.042152426933719275,0.0662856487992957,3.0514179698244616e-15,3.612185535859091e-14,3.0514179698244616e-15,3.612185535859091e-14,0.6077605408731238,0.023134300720626087,0.0,0,1,floor,0,0,1
eb,5,3,2.5326962749261384e-16,0.0,2.5326962749261384e-16,0.0,0.038647712695226474,0.26565476523627524,3.0522883826892616e-15,3.615788912488063e-14,3.0522883826892616e-15,3.615788912488063e-14,0.07028994645009848,0.06959295263307137,0.0,0,1,floor,0,0,1
eb,5,4,3.400058012914542e-16,0.0,3.400058012914542e-16,0.0,0.038451748874543085,0.27417653745097564,3.0524273355371e-15,3.6177350459725215e-14,3.0524273355371e-15,3.6177350459725215e-14,0.003926085457494687,0.0029746599881648613,0.0,0,1,floor,0,0,1
eb,5,5,4.2674197509029455e-16,0.0,4.2674197509029455e-16,0.0,0.038443407231037126,0.2745279440516996,3.0515404063576523e-15,3.618390998616174e-14,3.0515404063576523e-15,3.618390998616174e-14,0.00016710671537251219,0.00012265819127572165,0.0,0,1,floor,0,0,1
eb,5,6,5.134781488891349e-16,0.0,5.134781488891349e-16,0.0,0.03844304644589607,0.2745428881048784,3.0502822819928117e-15,3.6221693769877536e-14,3.0502822819928117e-15,3.6221693769877536e-14,7.2271826242162345e-06,5.057621821307297e-06,0.0,0,1,floor,0,0,1
eb,5,7,6.002143226879753e-16,0.0,6.002143226879753e-16,0.0,0.038443030833104706,0.2745435241435238,3.0547712004776386e-15,3.601582827928983e-14,3.0547712004776386e-15,3.601582827928983e-14,3.127375619931973e-07,0.0,0.0,0,1,floor,0,0,1
eb,5,8,6.869504964868156e-16,0.0,6.869504964868156e-16,0.0,0.038443030157432445,0.2745435512119594,3.049972765499289e-15,3.615416841732714e-14,3.049972765499289e-15,3.615416841732714e-14,1.3533656821976465e-08,0.0,0.0,0,1,floor,0,0,1
eb,5,9,7.73686670285656e-16,0.0,7.73686670285656e-16,0.0,0.038443030128190454,0.2745435523722248,3.0563288394390764e-15,3.599638445271794e-14,3.0563288394390764e-15,3.599638445271794e-14,5.856877512832289e-10,0.0,0.0,0,1,floor,0,0,1
eb,5,10,8.604228440844963e-16,0.0,8.604228440844963e-16,0.0,0.038443030126924946,0.27454355240674067,3.053514779580539e-15,3.6095953936063e-14,3.053514779580539e-15,3.6095953936063e-14,2.534595176110169e-11,0.0,0.0,0,1,floor,0,0,1
eb,6,0,0.0,0.0,0.0,0.0,0.0,0.0,0.0,0.0,0.0,0.0,0.0,0.0,0.0,0,1,floor,0,0,1
eb,6,1,7.979727989493313e-17,0.0,7.979727989493313e-17,0.0,0.011764434925916065,1.045654894575938e-05,3.0522638789036503e-15,3.620737725887167e-14,3.0522638789036503e-15,3.620737725887167e-14,0.2352886985183213,3.6500241499888623e-06,0.0,0,1,floor,0,0,1
eb,6,2,1.6653345369377348e-16,0.0,1.6653345369377348e-16,0.0,0.042154137909119704,0.0662856487992957,3.0514179698244616e-15,3.612185535859091e-14,3.0514179698244616e-15,3.612185535859091e-14,0.607794758678122,0.023134300720626087,0.0,0,1,floor,0,0,1
eb,6,3,2.5326962749261384e-16,0.0,2.5326962749261384e-16,0.0,0.03865459294099951,0.26565476523627524,3.0522883826892616e-15,3.615788912488063e-14,3.0522883826892616e-15,3.615788912488063e-14,0.0701868286098841,0.06959295263307137,0.0,0,1,floor,0,0,1
eb,6,4,3.400058012914542e-16,0.0,3.400058012914542e-16,0.0,0.03845884902564744,0.27417653745097564,3.0524273355371e-15,3.6177350459725215e-14,3.0524273355371e-15,3.6177350459725215e-14,0.003921693680621354,0.0029746599881648613,0.0,0,1,floor,0,0,1
eb,6,5,4.2674197509029455e-16,0.0,4.2674197509029455e-16,0.0,0.03845051638178615,0.2745279440516996,3.0515404063576523e-15,3.618390998616174e-14,3.0515404063576523e-15,3.618390998616174e-14,0.00016692696413149753,0.00012265819127572165,0.0,0,1,floor,0,0,1
eb,6,6,5.134781488891349e-16,0.0,5.134781488891349e-16,0.0,0.0384501559769462,0.2745428881048784,3.0502822819928117e-15,3.6221693769877536e-14,3.0502822819928117e-15,3.6221693769877536e-14,7.219586452153719e-06,5.057621821307297e-06,0.0,0,1,floor,0,0,1
eb,6,7,6.002143226879753e-16,0.0,6.002143226879753e-16,0.0,0.038450140380236954,0.2745435241435238,3.0547712004776386e-15,3.601582827928983e-14,3.0547712004776386e-15,3.601582827928983e-14,3.124163214290952e-07,0.0,0.0,0,1,floor,0,0,1
eb,6,8,6.869504964868156e-16,0.0,6.869504964868156e-16,0.0,0.038450139705244586,0.2745435512119594,3.049972765499289e-15,3.615416841732714e-14,3.049972765499289e-15,3.615416841732714e-14,1.352007548728007e-08,0.0,0.0,0,1,floor,0,0,1
eb,6,9,7.73686670285656e-16,0.0,7.73686670285656e-16,0.0,0.03845013967603132,0.2745435523722248,3.0563288394390764e-15,3.599638445271794e-14,3.0563288394390764e-15,3.599638445271794e-14,5.851139162739518e-10,0.0,0.0,0,1,floor,0,0,1
eb,6,10,8.604228440844963e-16,0.0,8.604228440844963e-16,0.0,0.038450139674767035,0.27454355240674067,3.053514779580539e-15,3.6095953936063e-14,3.053514779580539e-15,3.6095953936063e-14,2.5321575381769335e-11,0.0,0.0,0,1,floor,0,0,1
eb,7,0,0.0,0.0,0.0,0.0,0.0,0.0,0.0,0.0,0.0,0.0,0.0,0.0,0.0,0,1,floor,0,0,1
eb,7,1,7.979727989493313e-17,0.0,7.979727989493313e-17,0.0,0.011764438953298702,1.045654894575938e-05,3.0522638789036503e-15,3.620737725887167e-14,3.0522638789036503e-15,3.620737725887167e-14,0.23528877906597404,3.6500241499888623e-06,0.0,0,1,floor,0,0,1
eb,7,2,1.6653345369377348e-16,0.0,1.6653345369377348e-16,0.0,0.0421766751405094,0.0662856487992957,3.0514179698244616e-15,3.612185535859091e-14,3.0514179698244616e-15,3.612185535859091e-14,0.6082454220718934,0.023134300720626087,0.0,0,1,floor,0,0,1
eb,7,3,2.5326962749261384e-16,0.0,2.5326962749261384e-16,0.0,0.03874487026225055,0.26565476523627524,3.0522883826892616e-15,3.615788912488063e-14,3.0522883826892616e-15,3.615788912488063e-14,0.06883560799389948,0.06959295263307137,0.0,0,1,floor,0,0,1
eb,7,4,3.400058012914542e-16,0.0,3.400058012914542e-16,0.0,0.03855202365502312,0.27417653745097564,3.0524273355371e-15,3.6177350459725215e-14,3.0524273355371e-15,3.6177350459725215e-14,0.0038638323499692187,0.0029746599881648613,0.0,0,1,floor,0,0,1
eb,7,5,4.2674197509029455e-16,0.0,4.2674197509029455e-16,0.0,0.038543810614666836,0.2745279440516996,3.0515404063576523e-15,3.618390998616174e-14,3.0515404063576523e-15,3.618390998616174e-14,0.00016453816087807813,0.00012265819127572165,0.0,0,1,floor,0,0,1
eb,7,6,5.134781488891349e-16,0.0,5.134781488891349e-16,0.0,0.038543455300712764,0.2745428881048784,3.0502822819928117e-15,3.6221693769877536e-14,3.0502822819928117e-15,3.6221693769877536e-14,7.117902881150508e-06,5.057621821307297e-06,0.0,0,1,floor,0,0,1
eb,7,7,6.002143226879753e-16,0.0,6.002143226879753e-16,0.0,0.038543439920877054,0.2745435241435238,3.0547712004776386e-15,3.601582827928983e-14,3.0547712004776386e-15,3.601582827928983e-14,3.0808436765801686e-07,0.0,0.0,0,1,floor,0,0,1
eb,7,8,6.869504964868156e-16,0.0,6.869504964868156e-16,0.0,0.038543439255122894,0.2745435512119594,3.049972765499289e-15,3.615416841732714e-14,3.049972765499289e-15,3.615416841732714e-14,1.333553808273251e-08,0.0,0.0,0,1,floor,0,0,1
eb,7,9,7.73686670285656e-16,0.0,7.73686670285656e-16,0.0,0.03854343922630311,0.2745435523722248,3.0563288394390764e-15,3.599638445271794e-14,3.0563288394390764e-15,3.599638445271794e-14,5.772535617206443e-10,0.0,0.0,0,1,floor,0,0,1
eb,7,10,8.604228440844963e-16,0.0,8.604228440844963e-16,0.0,0.03854343922505557,0.27454355240674067,3.053514779580539e-15,3.6095953936063e-14,3.053514779580539e-15,3.6095953936063e-14,2.4986973804793977e-11,0.0,0.0,0,1,floor,0,0,1
eb,8,0,0.0,0.0,0.0,0.0,0.0,0.0,0.0,0.0,0.0,0.0,0.0,0.0,0.0,0,1,floor,0,0,1
eb,8,1,7.979727989493313e-17,0.0,7.979727989493313e-17,0.0,0.011764435545408413,1.045654894575938e-05,3.0522638789036503e-15,3.620737725887167e-14,3.0522638789036503e-15,3.620737725887167e-14,0.23528871090816825,3.6500241499888623e-06,0.0,0,1,floor,0,0,1
eb,8,2,1.6653345369377348e-16,0.0,1.6653345369377348e-16,0.0,0.04215678197970726,0.0662856487992957,3.0514179698244616e-15,3.612185535859091e-14,3.0514179698244616e-15,3.612185535859091e-14,0.6078476276194869,0.023134300720626087,0.0,0,1,floor,0,0,1
eb,8,3,2.5326962749261384e-16,0.0,2.5326962749261384e-16,0.0,0.0386651667704186,0.26565476523627524,3.0522883826892616e-15,3.615788912488063e-14,3.0522883826892616e-15,3.615788912488063e-14,0.07002864541338075,0.06959295263307137,0.0,0,1,floor,0,0,1
eb,8,4,3.400058012914542e-16,0.0,3.400058012914542e-16,0.0,0.03846976280155396,0.27417653745097564,3.0524273355371e-15,3.6177350459725215e-14,3.0524273355371e-15,3.6177350459725215e-14,0.003914904567754745,0.0029746599881648613,0.0,0,1,floor,0,0,1
eb,8,5,4.2674197509029455e-16,0.0,4.2674197509029455e-16,0.0,0.03846144424252222,0.2745279440516996,3.0515404063576523e-15,3.618390998616174e-14,3.0515404063576523e-15,3.618390998616174e-14,0.0001666456471693743,0.00012265819127572165,0.0,0,1,floor,0,0,1
eb,8,6,5.134781488891349e-16,0.0,5.134781488891349e-16,0.0,0.03846108443902021,0.2745428881048784,3.0502822819928117e-15,3.6221693769877536e-14,3.0502822819928117e-15,3.6221693769877536e-14,7.207575334697505e-06,5.057621821307297e-06,0.0,0,1,floor,0,0,1
eb,8,7,6.002143226879753e-16,0.0,6.002143226879753e-16,0.0,0.03846106886800644,0.2745435241435238,3.0547712004776386e-15,3.601582827928983e-14,3.0547712004776386e-15,3.601582827928983e-14,3.119030575490496e-07,0.0,0.0,0,1,floor,0,0,1
eb,8,8,6.869504964868156e-16,0.0,6.869504964868156e-16,0.0,0.038461068194112026,0.2745435512119594,3.049972765499289e-15,3.615416841732714e-14,3.049972765499289e-15,3.615416841732714e-14,1.3498142901989954e-08,0.0,0.0,0,1,floor,0,0,1
eb,8,9,7.73686670285656e-16,0.0,7.73686670285656e-16,0.0,0.038461068164945676,0.2745435523722248,3.0563288394390764e-15,3.599638445271794e-14,3.0563288394390764e-15,3.599638445271794e-14,5.841766758831944e-10,0.0,0.0,0,1,floor,0,0,1
eb,8,10,8.604228440844963e-16,0.0,8.604228440844963e-16,0.0,0.0384610681636834,0.27454355240674067,3.053514779580539e-15,3.6095953936063e-14,3.053514779580539e-15,3.6095953936063e-14,2.5281369381847135e-11,0.0,0.0,0,1,floor,0,0,1
eb,9,0,0.0,0.0,0.0,0.0,0.0,0.0,0.0,0.0,0.0,0.0,0.0,0.0,0.0,0,1,floor,0,0,1
eb,9,1,7.979727989493313e-17,0.0,7.979727989493313e-17,0.0,0.011764435474139492,1.045654894575938e-05,3.0522638789036503e-15,3.620737725887167e-14,3.0522638789036503e-15,3.620737725887167e-14,0.23528870948278982,3.6500241499888623e-06,0.0,0,1,floor,0,0,1
eb,9,2,1.6653345369377348e-16,0.0,1.6653345369377348e-16,0.0,0.04215558241432679,0.0662856487992957,3.0514179698244616e-15,3.612185535859091e-14,3.0514179698244616e-15,3.612185535859091e-14,0.6078236377738633,0.023134300720626087,0.0,0,1,floor,0,0,1
eb,9,3,2.5326962749261384e-16,0.0,2.5326962749261384e-16,0.0,0.03866034462473114,0.26565476523627524,3.0522883826892616e-15,3.615788912488063e-14,3.0522883826892616e-15,3.615788912488063e-14,0.07010090856920359,0.06959295263307137,0.0,0,1,floor,0,0,1
eb,9,4,3.400058012914542e-16,0.0,3.400058012914542e-16,0.0,0.038464786477060454,0.27417653745097564,3.0524273355371e-15,3.6177350459725215e-14,3.0524273355371e-15,3.6177350459725215e-14,0.003917983688054958,0.0029746599881648613,0.0,0,1,floor,0,0,1
eb,9,5,4.2674197509029455e-16,0.0,4.2674197509029455e-16,0.0,0.03845646160354895,0.2745279440516996,3.0515404063576523e-15,3.618390998616174e-14,3.0515404063576523e-15,3.618390998616174e-14,0.000166771766534973,0.00012265819127572165,0.0,0,1,floor,0,0,1
eb,9,6,5.134781488891349e-16,0.0,5.134781488891349e-16,0.0,0.03845610153304624,0.2745428881048784,3.0502822819928117e-15,3.6221693769877536e-14,3.0502822819928117e-15,3.6221693769877536e-14,7.212908405843097e-06,5.057621821307297e-06,0.0,0,1,floor,0,0,1
eb,9,7,6.002143226879753e-16,0.0,6.002143226879753e-16,0.0,0.03845608595073432,0.2745435241435238,3.0547712004776386e-15,3.601582827928983e-14,3.0547712004776386e-15,3.601582827928983e-14,3.121287368427511e-07,0.0,0.0,0,1,floor,0,0,1
eb,9,8,6.869504964868156e-16,0.0,6.869504964868156e-16,0.0,0.03845608527636196,0.2745435512119594,3.049972765499289e-15,3.615416841732714e-14,3.049972765499289e-15,3.615416841732714e-14,1.3507690326556307e-08,0.0,0.0,0,1,floor,0,0,1
eb,9,9,7.73686670285656e-16,0.0,7.73686670285656e-16,0.0,0.03845608524717539,0.2745435523722248,3.0563288394390764e-15,3.599638445271794e-14,3.0563288394390764e-15,3.599638445271794e-14,5.84580564257508e-10,0.0,0.0,0,1,floor,0,0,1
eb,9,10,8.604228440844963e-16,0.0,8.604228440844963e-16,0.0,0.03845608524591226,0.27454355240674067,3.053514779580539e-15,3.6095953936063e-14,3.053514779580539e-15,3.6095953936063e-14,2.529853611013995e-11,0.0,0.0,0,1,floor,0,0,1
eb,10,0,0.0,0.0,0.0,0.0,0.0,0.0,0.0,0.0,0.0,0.0,0.0,0.0,0.0,0,1,floor,0,0,1
eb,10,1,7.979727989493313e-17,0.0,7.979727989493313e-17,0.0,0.011764433585061134,1.045654894575938e-05,3.0522638789036503e-15,3.620737725887167e-14,3.0522638789036503e-15,3.620737725887167e-14,0.23528867170122267,3.6500241499888623e-06,0.0,0,1,floor,0,0,1
eb,10,2,1.6653345369377348e-16,0.0,1.6653345369377348e-16,0.0,0.04214602394600284,0.0662856487992957,3.0514179698244616e-15,3.612185535859091e-14,3.0514179698244616e-15,3.612185535859091e-14,0.607632506480331,0.023134300720626087,0.0,0,1,floor,0,0,1
eb,10,3,2.5326962749261384e-16,0.0,2.5326962749261384e-16,0.0,0.03862207786458422,0.26565476523627524,3.0522883826892616e-15,3.615788912488063e-14,3.0522883826892616e-15,3.615788912488063e-14,0.07067359483650074,0.06959295263307137,0.0,0,1,floor,0,0,1
eb,10,4,3.400058012914542e-16,0.0,3.400058012914542e-16,0.0,0.038425290871894044,0.27417653745097564,3.0524273355371e-15,3.6177350459725215e-14,3.0524273355371e-15,3.6177350459725215e-14,0.003942525331575838,0.0029746599881648613,0.0,0,1,floor,0,0,1
eb,10,5,4.2674197509029455e-16,0.0,4.2674197509029455e-16,0.0,0.03841691520710174,0.2745279440516996,3.0515404063576523e-15,3.618390998616174e-14,3.0515404063576523e-15,3.618390998616174e-14,0.00016778623195870277,0.00012265819127572165,0.0,0,1,floor,0,0,1
eb,10,6,5.134781488891349e-16,0.0,5.134781488891349e-16,0.0,0.03841655297244125,0.2745428881048784,3.0502822819928117e-15,3.6221693769877536e-14,3.0502822819928117e-15,3.6221693769877536e-14,7.256135631072954e-06,5.057621821307297e-06,0.0,0,1,floor,0,0,1
eb,10,7,6.002143226879753e-16,0.0,6.002143226879753e-16,0.0,0.038416537297839094,0.2745435241435238,3.0547712004776386e-15,3.601582827928983e-14,3.0547712004776386e-15,3.601582827928983e-14,3.1397223846979324e-07,0.0,0.0,0,1,floor,0,0,1
eb,10,8,6.869504964868156e-16,0.0,6.869504964868156e-16,0.0,0.038416536619531226,0.2745435512119594,3.049972765499289e-15,3.615416841732714e-14,3.049972765499289e-15,3.615416841732714e-14,1.3586305620071872e-08,0.0,0.0,0,1,floor,0,0,1
eb,10,9,7.73686670285656e-16,0.0,7.73686670285656e-16,0.0,0.03841653659017686,0.2745435523722248,3.0563288394390764e-15,3.599638445271794e-14,3.0563288394390764e-15,3.599638445271794e-14,5.879326665159914e-10,0.0,0.0,0,1,floor,0,0,1
eb,10,10,8.604228440844963e-16,0.0,8.604228440844963e-16,0.0,0.03841653658890658,0.27454355240674067,3.053514779580539e-15,3.6095953936063e-14,3.053514779580539e-15,3.6095953936063e-14,2.544133780273438e-11,0.0,0.0,0,1,floor,0,0,1
eb,11,0,0.0,0.0,0.0,0.0,0.0,0.0,0.0,0.0,0.0,0.0,0.0,0.0,0.0,0,1,floor,0,0,1
eb,11,1,7.979727989493313e-17,0.0,7.979727989493313e-17,0.0,0.011764438924600919,1.045654894575938e-05,3.0522638789036503e-15,3.620737725887167e-14,3.0522638789036503e-15,3.620737725887167e-14,0.23528877849201837,3.6500241499888623e-06,0.0,0,1,floor,0,0,1
eb,11,2,1.6653345369377348e-16,0.0,1.6653345369377348e-16,0.0,0.04217719914213931,0.0662856487992957,3.0514179698244616e-15,3.612185535859091e-14,3.0514179698244616e-15,3.612185535859091e-14,0.6082559026624624,0.023134300720626087,0.0,0,1,floor,0,0,1
eb,11,3,2.5326962749261384e-16,0.0,2.5326962749261384e-16,0.0,0.03874698383129217,0.26565476523627524,3.0522883826892616e-15,3.615788912488063e-14,3.0522883826892616e-15,3.615788912488063e-14,0.06880390239669694,0.06959295263307137,0.0,0,1,floor,0,0,1
eb,11,4,3.400058012914542e-16,0.0,3.400058012914542e-16,0.0,0.03855420455958925,0.27417653745097564,3.0524273355371e-15,3.6177350459725215e-14,3.0524273355371e-15,3.6177350459725215e-14,0.0038624876424113597,0.0029746599881648613,0.0,0,1,floor,0,0,1
eb,11,5,4.2674197509029455e-16,0.0,4.2674197509029455e-16,0.0,0.038545994256019456,0.2745279440516996,3.0515404063576523e-15,3.618390998616174e-14,3.0515404063576523e-15,3.618390998616174e-14,0.00016448350100470294,0.00012265819127572165,0.0,0,1,floor,0,0,1
eb,11,6,5.134781488891349e-16,0.0,5.134781488891349e-16,0.0,0.03854563905703988,0.2745428881048784,3.0502822819928117e-15,3.6221693769877536e-14,3.0502822819928117e-15,3.6221693769877536e-14,7.115606462934974e-06,5.057621821307297e-06,0.0,0,1,floor,0,0,1
eb,11,7,6.002143226879753e-16,0.0,6.002143226879753e-16,0.0,0.038545623682037004,0.2745435241435238,3.0547712004776386e-15,3.601582827928983e-14,3.0547712004776386e-15,3.601582827928983e-14,3.0798783553875057e-07,0.0,0.0,0,1,floor,0,0,1
eb,11,8,6.869504964868156e-16,0.0,6.869504964868156e-16,0.0,0.038545623016485876,0.2745435512119594,3.049972765499289e-15,3.615416841732714e-14,3.049972765499289e-15,3.615416841732714e-14,1.3331482463975702e-08,0.0,0.0,0,1,floor,0,0,1
eb,11,9,7.73686670285656e-16,0.0,7.73686670285656e-16,0.0,0.03854562298767461,0.2745435523722248,3.0563288394390764e-15,3.599638445271794e-14,3.0563288394390764e-15,3.599638445271794e-14,5.770833705604893e-10,0.0,0.0,0,1,floor,0,0,1
eb,11,10,8.604228440844963e-16,0.0,8.604228440844963e-16,0.0,0.038545622986427434,0.27454355240674067,3.053514779580539e-15,3.6095953936063e-14,3.053514779580539e-15,3.6095953936063e-14,2.497976465671123e-11,0.0,0.0,0,1,floor,0,0,1
eb,12,0,0.0,0.0,0.0,0.0,0.0,0.0,0.0,0.0,0.0,0.0,0.0,0.0,0.0,0,1,floor,0,0,1
eb,12,1,7.979727989493313e-17,0.0,7.979727989493313e-17,0.0,0.011764436166796028,1.045654894575938e-05,3.0522638789036503e-15,3.620737725887167e-14,3.0522638789036503e-15,3.620737725887167e-14,0.23528872333592055,3.6500241499888623e-06,0.0,0,1,floor,0,0,1
eb,12,2,1.6653345369377348e-16,0.0,1.6653345369377348e-16,0.0,0.04215939099129258,0.0662856487992957,3.0514179698244616e-15,3.612185535859091e-14,3.0514179698244616e-15,3.612185535859091e-14,0.6078997953439895,0.023134300720626087,0.0,0,1,floor,0,0,1
eb,12,3,2.5326962749261384e-16,0.0,2.5326962749261384e-16,0.0,0.03867559919186159,0.26565476523627524,3.0522883826892616e-15,3.615788912488063e-14,3.0522883826892616e-15,3.615788912488063e-14,0.06987258552182535,0.06959295263307137,0.0,0,1,floor,0,0,1
eb,12,4,3.400058012914542e-16,0.0,3.400058012914542e-16,0.0,0.03848053066432717,0.27417653745097564,3.0524273355371e-15,3.6177350459725215e-14,3.0524273355371e-15,3.6177350459725215e-14,0.003908205463351784,0.0029746599881648613,0.0,0,1,floor,0,0,1
eb,12,5,4.2674197509029455e-16,0.0,4.2674197509029455e-16,0.0,0.0384722260070086,0.2745279440516996,3.0515404063576523e-15,3.618390998616174e-14,3.0515404063576523e-15,3.618390998616174e-14,0.00016636798894614226,0.00012265819127572165,0.0,0,1,floor,0,0,1
eb,12,6,5.134781488891349e-16,0.0,5.134781488891349e-16,0.0,0.03847186679715137,0.2745428881048784,3.0502822819928117e-15,3.6221693769877536e-14,3.0502822819928117e-15,3.6221693769877536e-14,7.195717935360005e-06,5.057621821307297e-06,0.0,0,1,floor,0,0,1
eb,12,7,6.002143226879753e-16,0.0,6.002143226879753e-16,0.0,0.03847185125150968,0.2745435241435238,3.0547712004776386e-15,3.601582827928983e-14,3.0547712004776386e-15,3.601582827928983e-14,3.1139625552512545e-07,0.0,0.0,0,1,floor,0,0,1
eb,12,8,6.869504964868156e-16,0.0,6.869504964868156e-16,0.0,0.038471850578699646,0.2745435512119594,3.049972765499289e-15,3.615416841732714e-14,3.049972765499289e-15,3.615416841732714e-14,1.3476481822683699e-08,0.0,0.0,0,1,floor,0,0,1
eb,12,9,7.73686670285656e-16,0.0,7.73686670285656e-16,0.0,0.038471850549579634,0.2745435523722248,3.0563288394390764e-15,3.599638445271794e-14,3.0563288394390764e-15,3.599638445271794e-14,5.832510346869468e-10,0.0,0.0,0,1,floor,0,0,1
eb,12,10,8.604228440844963e-16,0.0,8.604228440844963e-16,0.0,0.03847185054831932,0.27454355240674067,3.053514779580539e-15,3.6095953936063e-14,3.053514779580539e-15,3.6095953936063e-14,2.524199517546277e-11,0.0,0.0,0,1,floor,0,0,1
eb,13,0,0.0,0.0,0.0,0.0,0.0,0.0,0.0,0.0,0.0,0.0,0.0,0.0,0.0,0,1,floor,0,0,1
eb,13,1,7.979727989493313e-17,0.0,7.979727989493313e-17,0.0,0.011764434452778158,1.045654894575938e-05,3.0522638789036503e-15,3.620737725887167e-14,3.0522638789036503e-15,3.620737725887167e-14,0.23528868905556313,3.6500241499888623e-06,0.0,0,1,floor,0,0,1
eb,13,2,1.6653345369377348e-16,0.0,1.6653345369377348e-16,0.0,0.04215059210577872,0.0662856487992957,3.0514179698244616e-15,3.612185535859091e-14,3.0514179698244616e-15,3.612185535859091e-14,0.6077238521822134,0.023134300720626087,0.0,0,1,floor,0,0,1
eb,13,3,2.5326962749261384e-16,0.0,2.5326962749261384e-16,0.0,0.03864037040389245,0.26565476523627524,3.0522883826892616e-15,3.615788912488063e-14,3.0522883826892616e-15,3.615788912488063e-14,0.07039981153363978,0.06959295263307137,0.0,0,1,floor,0,0,1
eb,13,4,3.400058012914542e-16,0.0,3.400058012914542e-16,0.0,0.03844417068965099,0.27417653745097564,3.0524273355371e-15,3.6177350459725215e-14,3.0524273355371e-15,3.6177350459725215e-14,0.003930796553939825,0.0029746599881648613,0.0,0,1,floor,0,0,1
eb,13,5,4.2674197509029455e-16,0.0,4.2674197509029455e-16,0.0,0.03843581928625991,0.2745279440516996,3.0515404063576523e-15,3.618390998616174e-14,3.0515404063576523e-15,3.618390998616174e-14,0.00016730165144019355,0.00012265819127572165,0.0,0,1,floor,0,0,1
eb,13,6,5.134781488891349e-16,0.0,5.134781488891349e-16,0.0,0.03843545808491522,0.2745428881048784,3.0502822819928117e-15,3.6221693769877536e-14,3.0502822819928117e-15,3.6221693769877536e-14,7.235495929368943e-06,5.057621821307297e-06,0.0,0,1,floor,0,0,1
eb,13,7,6.002143226879753e-16,0.0,6.002143226879753e-16,0.0,0.038435442454360036,0.2745435241435238,3.0547712004776386e-15,3.601582827928983e-14,3.0547712004776386e-15,3.601582827928983e-14,3.1309239453604783e-07,0.0,0.0,0,1,floor,0,0,1
eb,13,8,6.869504964868156e-16,0.0,6.869504964868156e-16,0.0,0.03843544177792964,0.2745435512119594,3.049972765499289e-15,3.615416841732714e-14,3.049972765499289e-15,3.615416841732714e-14,1.354880131236014e-08,0.0,0.0,0,1,floor,0,0,1
eb,13,9,7.73686670285656e-16,0.0,7.73686670285656e-16,0.0,0.0384354417486553,0.2745435523722248,3.0563288394390764e-15,3.599638445271794e-14,3.0563288394390764e-15,3.599638445271794e-14,5.863339570385875e-10,0.0,0.0,0,1,floor,0,0,1
eb,13,10,8.604228440844963e-16,0.0,8.604228440844963e-16,0.0,0.038435441747388416,0.27454355240674067,3.053514779580539e-15,3.6095953936063e-14,3.053514779580539e-15,3.6095953936063e-14,2.5373403093011033e-11,0.0,0.0,0,1,floor,0,0,1
eb,14,0,0.0,0.0,0.0,0.0,0.0,0.0,0.0,0.0,0.0,0.0,0.0,0.0,0.0,0,1,floor,0,0,1
eb,14,1,7.979727989493313e-17,0.0,7.979727989493313e-17,0.0,0.011764436207618136,1.045654894575938e-05,3.0522638789036503e-15,3.620737725887167e-14,3.0522638789036503e-15,3.620737725887167e-14,0.2352887241523627,3.6500241499888623e-06,0.0,0,1,floor,0,0,1
eb,14,2,1.6653345369377348e-16,0.0,1.6653345369377348e-16,0.0,0.04216081618937135,0.0662856487992957,3.0514179698244616e-15,3.612185535859091e-14,3.0514179698244616e-15,3.612185535859091e-14,0.6079282984456283,0.023134300720626087,0.0,0,1,floor,0,0,1
eb,14,3,2.5326962749261384e-16,0.0,2.5326962749261384e-16,0.0,0.03868133358619671,0.26565476523627524,3.0522883826892616e-15,3.615788912488063e-14,3.0522883826892616e-15,3.615788912488063e-14,0.0697866272992128,0.06959295263307137,0.0,0,1,floor,0,0,1
eb,14,4,3.400058012914542e-16,0.0,3.400058012914542e-16,0.0,0.03848644822765107,0.27417653745097564,3.0524273355371e-15,3.6177350459725215e-14,3.0524273355371e-15,3.6177350459725215e-14,0.003904547405931644,0.0029746599881648613,0.0,0,1,floor,0,0,1
eb,14,5,4.2674197509029455e-16,0.0,4.2674197509029455e-16,0.0,0.038478151056745874,0.2745279440516996,3.0515404063576523e-15,3.618390998616174e-14,3.0515404063576523e-15,3.618390998616174e-14,0.00016621846355007502,0.00012265819127572165,0.0,0,1,floor,0,0,1
eb,14,6,5.134781488891349e-16,0.0,5.134781488891349e-16,0.0,0.03847779216289541,0.2745428881048784,3.0502822819928117e-15,3.6221693769877536e-14,3.0502822819928117e-15,3.6221693769877536e-14,7.189406058686454e-06,5.057621821307297e-06,0.0,0,1,floor,0,0,1
eb,14,7,6.002143226879753e-16,0.0,6.002143226879753e-16,0.0,0.038477776630601854,0.2745435241435238,3.0547712004776386e-15,3.601582827928983e-14,3.0547712004776386e-15,3.601582827928983e-14,3.1112962941408385e-07,0.0,0.0,0,1,floor,0,0,1
eb,14,8,6.869504964868156e-16,0.0,6.869504964868156e-16,0.0,0.038477775958355456,0.2745435512119594,3.049972765499289e-15,3.615416841732714e-14,3.049972765499289e-15,3.615416841732714e-14,1.3465222746762353e-08,0.0,0.0,0,1,floor,0,0,1
eb,14,9,7.73686670285656e-16,0.0,7.73686670285656e-16,0.0,0.038477775929259245,0.2745435523722248,3.0563288394390764e-15,3.599638445271794e-14,3.0563288394390764e-15,3.599638445271794e-14,5.827756119442122e-10,0.0,0.0,0,1,floor,0,0,1
eb,14,10,8.604228440844963e-16,0.0,8.604228440844963e-16,0.0,0.03847777592799995,0.27454355240674067,3.053514779580539e-15,3.6095953936063e-14,3.053514779580539e-15,3.6095953936063e-14,2.5221753821272823e-11,0.0,0.0,0,1,floor,0,0,1
eb,15,0,0.0,0.0,0.0,0.0,0.0,0.0,0.0,0.0,0.0,0.0,0.0,0.0,0.0,0,1,floor,0,0,1
eb,15,1,7.979727989493313e-17,0.0,7.979727989493313e-17,0.0,0.011764438003926096,1.045654894575938e-05,3.0522638789036503e-15,3.620737725887167e-14,3.0522638789036503e-15,3.620737725887167e-14,0.2352887600785219,3.6500241499888623e-06,0.0,0,1,floor,0,0,1
eb,15,2,1.6653345369377348e-16,0.0,1.6653345369377348e-16,0.0,0.042173057387096945,0.0662856487992957,3.0544050023514547e-15,3.599155220365676e-14,3.0544050023514547e-15,3.599155220365676e-14,0.6081730861010907,0.023134300720626087,0.0,0,1,floor,0,0,1
eb,15,3,2.5326962749261384e-16,0.0,2.5326962749261384e-16,0.0,0.03873041472802499,0.26565476523627524,3.049819857295691e-15,3.628454673620168e-14,3.049819857295691e-15,3.628454673620168e-14,0.06905178113426039,0.06959295263307137,0.0,0,1,floor,0,0,1
eb,15,4,3.400058012914542e-16,0.0,3.400058012914542e-16,0.0,0.03853710296480187,0.27417653745097564,3.0523838298522694e-15,3.616898730331993e-14,3.0523838298522694e-15,3.616898730331993e-14,0.0038731216683839807,0.0029746599881648613,0.0,0,1,floor,0,0,1
eb,15,5,4.2674197509029455e-16,0.0,4.2674197509029455e-16,0.0,0.03852887061620858,0.2745279440516996,3.052942551646401e-15,3.6162500165572146e-14,3.052942551646401e-15,3.6162500165572146e-14,0.00016492379122511717,0.00012265819127572165,0.0,0,1,floor,0,0,1
eb,15,6,5.134781488891349e-16,0.0,5.134781488891349e-16,0.0,0.03852851447665216,0.2745428881048784,3.055040573496892e-15,3.6073261475629027e-14,3.055040573496892e-15,3.6073261475629027e-14,7.134392883124957e-06,5.057621821307297e-06,0.0,0,1,floor,0,0,1
eb,15,7,6.002143226879753e-16,0.0,6.002143226879753e-16,0.0,0.03852849906148426,0.2745435241435238,3.055421940471083e-15,3.6092564241561244e-14,3.055421940471083e-15,3.6092564241561244e-14,3.087901004534574e-07,0.0,0.0,0,1,floor,0,0,1
eb,15,8,6.869504964868156e-16,0.0,6.869504964868156e-16,0.0,0.03852849839421802,0.2745435512119594,3.055548499778131e-15,3.6137135026039613e-14,3.055548499778131e-15,3.6137135026039613e-14,1.3365741965575859e-08,0.0,0.0,0,1,floor,0,0,1
eb,15,9,7.73686670285656e-16,0.0,7.73686670285656e-16,0.0,0.038528498365333536,0.2745435523722248,3.0510272143547547e-15,3.615183986451091e-14,3.0510272143547547e-15,3.615183986451091e-14,5.785462308969151e-10,0.0,0.0,0,1,floor,0,0,1
eb,15,10,8.604228440844963e-16,0.0,8.604228440844963e-16,0.0,0.03852849836408323,0.27454355240674067,3.0525377706966073e-15,3.625192825673658e-14,3.0525377706966073e-15,3.625192825673658e-14,2.5042126945552993e-11,0.0,0.0,0,1,floor,0,0,1
eb,16,0,0.0,0.0,0.0,0.0,0.0,0.0,0.0,0.0,0.0,0.0,0.0,0.0,0.0,0,1,floor,0,0,1
eb,16,1,7.979727989493313e-17,0.0,7.979727989493313e-17,0.0,0.011764437162394645,1.045654894575938e-05,3.0522638789036503e-15,3.620737725887167e-14,3.0522638789036503e-15,3.620737725887167e-14,0.2352887432478929,3.6500241499888623e-06,0.0,0,1,floor,0,0,1
eb,16,2,1.6653345369377348e-16,0.0,1.6653345369377348e-16,0.0,0.04216602902600597,0.0662856487992957,3.0514179698244616e-15,3.612185535859091e-14,3.0514179698244616e-15,3.612185535859091e-14,0.608032535924017,0.023134300720626087,0.0,0,1,floor,0,0,1
eb,16,3,2.5326962749261384e-16,0.0,2.5326962749261384e-16,0.0,0.03870221186028037,0.26565476523627524,3.0522883826892616e-15,3.615788912488063e-14,3.0522883826892616e-15,3.615788912488063e-14,0.06947414378320454,0.06959295263307137,0.0,0,1,floor,0,0,1
eb,16,4,3.400058012914542e-16,0.0,3.400058012914542e-16,0.0,0.03850799665124834,0.27417653745097564,3.0524273355371e-15,3.6177350459725215e-14,3.0524273355371e-15,3.6177350459725215e-14,0.003891163982193605,0.0029746599881648613,0.0,0,1,floor,0,0,1
eb,16,5,4.2674197509029455e-16,0.0,4.2674197509029455e-16,0.0,0.038499727152871664,0.2745279440516996,3.0515404063576523e-15,3.618390998616174e-14,3.0515404063576523e-15,3.618390998616174e-14,0.0001656657667718483,0.00012265819127572165,0.0,0,1,floor,0,0,1
eb,16,6,5.134781488891349e-16,0.0,5.134781488891349e-16,0.0,0.038499369437181824,0.2745428881048784,3.0502822819928117e-15,3.6221693769877536e-14,3.0502822819928117e-15,3.6221693769877536e-14,7.165873808541214e-06,5.057621821307297e-06,0.0,0,1,floor,0,0,1
eb,16,7,6.002143226879753e-16,0.0,6.002143226879753e-16,0.0,0.038499353955090715,0.2745435241435238,3.0547712004776386e-15,3.601582827928983e-14,3.0547712004776386e-15,3.601582827928983e-14,3.101268542594971e-07,0.0,0.0,0,1,floor,0,0,1
eb,16,8,6.869504964868156e-16,0.0,6.869504964868156e-16,0.0,0.038499353284983336,0.2745435512119594,3.049972765499289e-15,3.615416841732714e-14,3.049972765499289e-15,3.615416841732714e-14,1.3422494663369355e-08,0.0,0.0,0,1,floor,0,0,1
eb,16,9,7.73686670285656e-16,0.0,7.73686670285656e-16,0.0,0.03849935325597825,0.2745435523722248,3.0563288394390764e-15,3.599638445271794e-14,3.0563288394390764e-15,3.599638445271794e-14,5.809551715146449e-10,0.0,0.0,0,1,floor,0,0,1
eb,16,10,8.604228440844963e-16,0.0,8.604228440844963e-16,0.0,0.03849935325472283,0.27454355240674067,3.053514779580539e-15,3.6095953936063e-14,3.053514779580539e-15,3.6095953936063e-14,2.5144417423952447e-11,0.0,0.0,0,1,floor,0,0,1
eb,17,0,0.0,0.0,0.0,0.0,0.0,0.0,0.0,0.0,0.0,0.0,0.0,0.0,0.0,0,1,floor,0,0,1
eb,17,1,7.979727989493313e-17,0.0,7.979727989493313e-17,0.0,0.011764435498355215,1.045654894575938e-05,3.0522638789036503e-15,3.620737725887167e-14,3.0522638789036503e-15,3.620737725887167e-14,0.2352887099671043,3.6500241499888623e-06,0.0,0,1,floor,0,0,1
eb,17,2,1.6653345369377348e-16,0.0,1.6653345369377348e-16,0.0,0.04215542420732635,0.0662856487992957,3.0514179698244616e-15,3.612185535859091e-14,3.0514179698244616e-15,3.612185535859091e-14,0.6078204731543796,0.023134300720626087,0.0,0,1,floor,0,0,1
eb,17,3,2.5326962749261384e-16,0.0,2.5326962749261384e-16,0.0,0.03865970464126194,0.26565476523627524,3.0522883826892616e-15,3.615788912488063e-14,3.0522883826892616e-15,3.615788912488063e-14,0.07011051906406736,0.06959295263307137,0.0,0,1,floor,0,0,1
eb,17,4,3.400058012914542e-16,0.0,3.400058012914542e-16,0.0,0.038464126167202704,0.27417653745097564,3.0524273355371e-15,3.6177350459725215e-14,3.0524273355371e-15,3.6177350459725215e-14,0.003918389629095335,0.0029746599881648613,0.0,0,1,floor,0,0,1
eb,17,5,4.2674197509029455e-16,0.0,4.2674197509029455e-16,0.0,0.038455800472998826,0.2745279440516996,3.0515404063576523e-15,3.618390998616174e-14,3.0515404063576523e-15,3.618390998616174e-14,0.0001667881582995624,0.00012265819127572165,0.0,0,1,floor,0,0,1
eb,17,6,5.134781488891349e-16,0.0,5.134781488891349e-16,0.0,0.03845544036821403,0.2745428881048784,3.0502822819928117e-15,3.6221693769877536e-14,3.0502822819928117e-15,3.6221693769877536e-14,7.213593158205979e-06,5.057621821307297e-06,0.0,0,1,floor,0,0,1
eb,17,7,6.002143226879753e-16,0.0,6.002143226879753e-16,0.0,0.038455424784469616,0.2745435241435238,3.0547712004776386e-15,3.601582827928983e-14,3.0547712004776386e-15,3.601582827928983e-14,3.1215735097341887e-07,0.0,0.0,0,1,floor,0,0,1
eb,17,8,6.869504964868156e-16,0.0,6.869504964868156e-16,0.0,0.038455424110037446,0.2745435512119594,3.049972765499289e-15,3.615416841732714e-14,3.049972765499289e-15,3.615416841732714e-14,1.3508885079085928e-08,0.0,0.0,0,1,floor,0,0,1
eb,17,9,7.73686670285656e-16,0.0,7.73686670285656e-16,0.0,0.038455424080848385,0.2745435523722248,3.0563288394390764e-15,3.599638445271794e-14,3.0563288394390764e-15,3.599638445271794e-14,5.846304486847673e-10,0.0,0.0,0,1,floor,0,0,1
eb,17,10,8.604228440844963e-16,0.0,8.604228440844963e-16,0.0,0.03845542407958515,0.27454355240674067,3.053514779580539e-15,3.6095953936063e-14,3.053514779580539e-15,3.6095953936063e-14,2.5300501876457465e-11,0.0,0.0,0,1,floor,0,0,1
eb,18,0,0.0,0.0,0.0,0.0,0.0,0.0,0.0,0.0,0.0,0.0,0.0,0.0,0.0,0,1,floor,0,0,1
eb,18,1,7.979727989493313e-17,0.0,7.979727989493313e-17,0.0,0.011764434905017813,1.045654894575938e-05,3.0522638789036503e-15,3.620737725887167e-14,3.0522638789036503e-15,3.620737725887167e-14,0.23528869810035624,3.6500241499888623e-06,0.0,0,1,floor,0,0,1
eb,18,2,1.6653345369377348e-16,0.0,1.6653345369377348e-16,0.0,0.04215333498427276,0.0662856487992957,3.0514179698244616e-15,3.612185535859091e-14,3.0514179698244616e-15,3.612185535859091e-14,0.6077787006236649,0.023134300720626087,0.0,0,1,floor,0,0,1
eb,18,3,2.5326962749261384e-16,0.0,2.5326962749261384e-16,0.0,0.03865136206083345,0.26565476523627524,3.0522883826892616e-15,3.615788912488063e-14,3.0522883826892616e-15,3.615788912488063e-14,0.07023526194260982,0.06959295263307137,0.0,0,1,floor,0,0,1
eb,18,4,3.400058012914542e-16,0.0,3.400058012914542e-16,0.0,0.03845551495265222,0.27417653745097564,3.0524273355371e-15,3.6177350459725215e-14,3.0524273355371e-15,3.6177350459725215e-14,0.003923754565118242,0.0029746599881648613,0.0,0,1,floor,0,0,1
eb,18,5,4.2674197509029455e-16,0.0,4.2674197509029455e-16,0.0,0.03844717809186919,0.2745279440516996,3.0515404063576523e-15,3.618390998616174e-14,3.0515404063576523e-15,3.618390998616174e-14,0.0001670111892785649,0.00012265819127572165,0.0,0,1,floor,0,0,1
eb,18,6,5.134781488891349e-16,0.0,5.134781488891349e-16,0.0,0.038446817509056305,0.2745428881048784,3.0502822819928117e-15,3.6221693769877536e-14,3.0502822819928117e-15,3.6221693769877536e-14,7.223141299336572e-06,5.057621821307297e-06,0.0,0,1,floor,0,0,1
eb,18,7,6.002143226879753e-16,0.0,6.002143226879753e-16,0.0,0.038446801904830616,0.2745435241435238,3.0547712004776386e-15,3.601582827928983e-14,3.0547712004776386e-15,3.601582827928983e-14,3.1256646253035684e-07,0.0,0.0,0,1,floor,0,0,1
eb,18,8,6.869504964868156e-16,0.0,6.869504964868156e-16,0.0,0.038446801229520905,0.2745435512119594,3.049972765499289e-15,3.615416841732714e-14,3.049972765499289e-15,3.615416841732714e-14,1.3526414575140458e-08,0.0,0.0,0,1,floor,0,0,1
eb,18,9,7.73686670285656e-16,0.0,7.73686670285656e-16,0.0,0.03844680120029425,0.2745435523722248,3.0563288394390764e-15,3.599638445271794e-14,3.0563288394390764e-15,3.599638445271794e-14,5.853814366844897e-10,0.0,0.0,0,1,floor,0,0,1
eb,18,10,8.604228440844963e-16,0.0,8.604228440844963e-16,0.0,0.03844680119902939,0.27454355240674067,3.053514779580539e-15,3.6095953936063e-14,3.053514779580539e-15,3.6095953936063e-14,2.5332919243988793e-11,0.0,0.0,0,1,floor,0,0,1
eb,19,0,0.0,0.0,0.0,0.0,0.0,0.0,0.0,0.0,0.0,0.0,0.0,0.0,0.0,0,1,floor,0,0,1
eb,19,1,7.979727989493313e-17,0.0,7.979727989493313e-17,0.0,0.011764434739167995,1.045654894575938e-05,3.0522638789036503e-15,3.620737725887167e-14,3.0522638789036503e-15,3.620737725887167e-14,0.2352886947833599,3.6500241499888623e-06,0.0,0,1,floor,0,0,1
eb,19,2,1.6653345369377348e-16,0.0,1.6653345369377348e-16,0.0,0.04215282377817265,0.0662856487992957,3.0514179698244616e-15,3.612185535859091e-14,3.0514179698244616e-15,3.612185535859091e-14,0.6077684798342181,0.023134300720626087,0.0,0,1,floor,0,0,1
eb,19,3,2.5326962749261384e-16,0.0,2.5326962749261384e-16,0.0,0.038649323201050766,0.26565476523627524,3.0522883826892616e-15,3.615788912488063e-14,3.0522883826892616e-15,3.615788912488063e-14,0.07026573597774638,0.06959295263307137,0.0,0,1,floor,0,0,1
eb,19,4,3.400058012914542e-16,0.0,3.400058012914542e-16,0.0,0.03845341035676092,0.27417653745097564,3.0524273355371e-15,3.6177350459725215e-14,3.0524273355371e-15,3.6177350459725215e-14,0.00392506739501996,0.0029746599881648613,0.0,0,1,floor,0,0,1
eb,19,5,4.2674197509029455e-16,0.0,4.2674197509029455e-16,0.0,0.03844507075621662,0.2745279440516996,3.0515404063576523e-15,3.618390998616174e-14,3.0515404063576523e-15,3.618390998616174e-14,0.00016706591086728344,0.00012265819127572165,0.0,0,1,floor,0,0,1
eb,19,6,5.134781488891349e-16,0.0,5.134781488891349e-16,0.0,0.03844471005586349,0.2745428881048784,3.0502822819928117e-15,3.6221693769877536e-14,3.0502822819928117e-15,3.6221693769877536e-14,7.225489054575463e-06,5.057621821307297e-06,0.0,0,1,floor,0,0,1
eb,19,7,6.002143226879753e-16,0.0,6.002143226879753e-16,0.0,0.038444694446590884,0.2745435241435238,3.0547712004776386e-15,3.601582827928983e-14,3.0547712004776386e-15,3.601582827928983e-14,3.126672744173994e-07,0.0,0.0,0,1,floor,0,0,1
eb,19,8,6.869504964868156e-16,0.0,6.869504964868156e-16,0.0,0.03844469377106445,0.2745435512119594,3.049972765499289e-15,3.615416841732714e-14,3.049972765499289e-15,3.615416841732714e-14,1.3530743679268083e-08,0.0,0.0,0,1,floor,0,0,1
eb,19,9,7.73686670285656e-16,0.0,7.73686670285656e-16,0.0,0.038444693741828496,0.2745435523722248,3.0563288394390764e-15,3.599638445271794e-14,3.0563288394390764e-15,3.599638445271794e-14,5.855671863928394e-10,0.0,0.0,0,1,floor,0,0,1
eb,19,10,8.604228440844963e-16,0.0,8.604228440844963e-16,0.0,0.03844469374056325,0.27454355240674067,3.053514779580539e-15,3.6095953936063e-14,3.053514779580539e-15,3.6095953936063e-14,2.534068355493853e-11,0.0,0.0,0,1,floor,0,0,1
eb,20,0,0.0,0.0,0.0,0.0,0.0,0.0,0.0,0.0,0.0,0.0,0.0,0.0,0.0,0,1,floor,0,0,1
eb,20,1,7.979727989493313e-17,0.0,7.979727989493313e-17,0.0,0.011764437471442981,1.045654894575938e-05,3.0522638789036503e-15,3.620737725887167e-14,3.0522638789036503e-15,3.620737725887167e-14,0.2352887494288596,3.6500241499888623e-06,0.0,0,1,floor,0,0,1
eb,20,2,1.6653345369377348e-16,0.0,1.6653345369377348e-16,0.0,0.042167984321466866,0.0662856487992957,3.0514179698244616e-15,3.612185535859091e-14,3.0514179698244616e-15,3.612185535859091e-14,0.6080716355927138,0.023134300720626087,0.0,0,1,floor,0,0,1
eb,20,3,2.5326962749261384e-16,0.0,2.5326962749261384e-16,0.0,0.0387100489908772,0.26565476523627524,3.0522883826892616e-15,3.615788912488063e-14,3.0522883826892616e-15,3.615788912488063e-14,0.06935681887379933,0.06959295263307137,0.0,0,1,floor,0,0,1
eb,20,4,3.400058012914542e-16,0.0,3.400058012914542e-16,0.0,0.03851608513849757,0.27417653745097564,3.0524273355371e-15,3.6177350459725215e-14,3.0524273355371e-15,3.6177350459725215e-14,0.0038861442245907503,0.0029746599881648613,0.0,0,1,floor,0,0,1
eb,20,5,4.2674197509029455e-16,0.0,4.2674197509029455e-16,0.0,0.03850782600220271,0.2745279440516996,3.0515404063576523e-15,3.618390998616174e-14,3.0515404063576523e-15,3.618390998616174e-14,0.00016545880874375393,0.00012265819127572165,0.0,0,1,floor,0,0,1
eb,20,6,5.134781488891349e-16,0.0,5.134781488891349e-16,0.0,0.038507468727071496,0.2745428881048784,3.0502822819928117e-15,3.6221693769877536e-14,3.0502822819928117e-15,3.6221693769877536e-14,7.15707426775415e-06,5.057621821307297e-06,0.0,0,1,floor,0,0,1
eb,20,7,6.002143226879753e-16,0.0,6.002143226879753e-16,0.0,0.03850745326372685,0.2745435241435238,3.0547712004776386e-15,3.601582827928983e-14,3.0547712004776386e-15,3.601582827928983e-14,3.0975240272160723e-07,0.0,0.0,0,1,floor,0,0,1
eb,20,8,6.869504964868156e-16,0.0,6.869504964868156e-16,0.0,0.038507452594417096,0.2745435512119594,3.049972765499289e-15,3.615416841732714e-14,3.049972765499289e-15,3.615416841732714e-14,1.340656189218871e-08,0.0,0.0,0,1,floor,0,0,1
eb,20,9,7.73686670285656e-16,0.0,7.73686670285656e-16,0.0,0.03850745256544594,0.2745435523722248,3.0563288394390764e-15,3.599638445271794e-14,3.0563288394390764e-15,3.599638445271794e-14,5.802773967755046e-10,0.0,0.0,0,1,floor,0,0,1
eb,20,10,8.604228440844963e-16,0.0,8.604228440844963e-16,0.0,0.03850745256419196,0.27454355240674067,3.053514779580539e-15,3.6095953936063e-14,3.053514779580539e-15,3.6095953936063e-14,2.5115580434580736e-11,0.0,0.0,0,1,floor,0,0,1
eb,21,0,0.0,0.0,0.0,0.0,0.0,0.0,0.0,0.0,0.0,0.0,0.0,0.0,0.0,0,1,floor,0,0,1
eb,21,1,7.979727989493313e-17,0.0,7.979727989493313e-17,0.0,0.011764438477009564,1.045654894575938e-05,3.0522638789036503e-15,3.620737725887167e-14,3.0522638789036503e-15,3.620737725887167e-14,0.23528876954019126,3.6500241499888623e-06,0.0,0,1,floor,0,0,1
eb,21,2,1.6653345369377348e-16,0.0,1.6653345369377348e-16,0.0,0.042175124911448966,0.0662856487992957,3.0514179698244616e-15,3.612185535859091e-14,3.0514179698244616e-15,3.612185535859091e-14,0.6082144270635734,0.023134300720626087,0.0,0,1,floor,0,0,1
eb,21,3,2.5326962749261384e-16,0.0,2.5326962749261384e-16,0.0,0.03873868425767082,0.26565476523627524,3.0522883826892616e-15,3.615788912488063e-14,3.0522883826892616e-15,3.615788912488063e-14,0.06892807390559276,0.06959295263307137,0.0,0,1,floor,0,0,1
eb,21,4,3.400058012914542e-16,0.0,3.400058012914542e-16,0.0,0.03854563831221993,0.27417653745097564,3.0524273355371e-15,3.6177350459725215e-14,3.0524273355371e-15,3.6177350459725215e-14,0.0038678131910422453,0.0029746599881648613,0.0,0,1,floor,0,0,1
eb,21,5,4.2674197509029455e-16,0.0,4.2674197509029455e-16,0.0,0.038537416973148844,0.2745279440516996,3.0515404063576523e-15,3.618390998616174e-14,3.0515404063576523e-15,3.618390998616174e-14,0.00016470390512148887,0.00012265819127572165,0.0,0,1,floor,0,0,1
eb,21,6,5.134781488891349e-16,0.0,5.134781488891349e-16,0.0,0.03853706130349332,0.2745428881048784,3.0502822819928117e-15,3.6221693769877536e-14,3.0502822819928117e-15,3.6221693769877536e-14,7.125007396158169e-06,5.057621821307297e-06,0.0,0,1,floor,0,0,1
eb,21,7,6.002143226879753e-16,0.0,6.002143226879753e-16,0.0,0.03853704590839852,0.2745435241435238,3.0547712004776386e-15,3.601582827928983e-14,3.0547712004776386e-15,3.601582827928983e-14,3.0838915540890333e-07,0.0,0.0,0,1,floor,0,0,1
eb,21,8,6.869504964868156e-16,0.0,6.869504964868156e-16,0.0,0.038537045241989754,0.2745435512119594,3.049972765499289e-15,3.615416841732714e-14,3.049972765499289e-15,3.615416841732714e-14,1.3348613875078248e-08,0.0,0.0,0,1,floor,0,0,1
eb,21,9,7.73686670285656e-16,0.0,7.73686670285656e-16,0.0,0.038537045213141885,0.2745435523722248,3.0563288394390764e-15,3.599638445271794e-14,3.0563288394390764e-15,3.599638445271794e-14,5.778146485333117e-10,0.0,0.0,0,1,floor,0,0,1
eb,21,10,8.604228440844963e-16,0.0,8.604228440844963e-16,0.0,0.038537045211893155,0.27454355240674067,3.053514779580539e-15,3.6095953936063e-14,3.053514779580539e-15,3.6095953936063e-14,2.501079454766907e-11,0.0,0.0,0,1,floor,0,0,1
eb,22,0,0.0,0.0,0.0,0.0,0.0,0.0,0.0,0.0,0.0,0.0,0.0,0.0,0.0,0,1,floor,0,0,1
eb,22,1,7.979727989493313e-17,0.0,7.979727989493313e-17,0.0,0.011764436846889187,1.045654894575938e-05,3.0522638789036503e-15,3.620737725887167e-14,3.0522638789036503e-15,3.620737725887167e-14,0.23528873693778374,3.6500241499888623e-06,0.0,0,1,floor,0,0,1
eb,22,2,1.6653345369377348e-16,0.0,1.6653345369377348e-16,0.0,0.042166357905985705,0.0662856487992957,3.0514179698244616e-15,3.612185535859091e-14,3.0514179698244616e-15,3.612185535859091e-14,0.60803911982358,0.023134300720626087,0.0,0,1,floor,0,0,1
eb,22,3,2.5326962749261384e-16,0.0,2.5326962749261384e-16,0.0,0.038703573851218684,0.26565476523627524,3.0522883826892616e-15,3.615788912488063e-14,3.0522883826892616e-15,3.615788912488063e-14,0.06945353626966962,0.06959295263307137,0.0,0,1,floor,0,0,1
eb,22,4,3.400058012914542e-16,0.0,3.400058012914542e-16,0.0,0.03850940083521761,0.27417653745097564,3.0524273355371e-15,3.6177350459725215e-14,3.0524273355371e-15,3.6177350459725215e-14,0.0038903213565189072,0.0029746599881648613,0.0,0,1,floor,0,0,1
eb,22,5,4.2674197509029455e-16,0.0,4.2674197509029455e-16,0.0,0.038501132947405044,0.2745279440516996,3.0515404063576523e-15,3.618390998616174e-14,3.0515404063576523e-15,3.618390998616174e-14,0.00016563359928670687,0.00012265819127572165,0.0,0,1,floor,0,0,1
eb,22,6,5.134781488891349e-16,0.0,5.134781488891349e-16,0.0,0.03850077529563044,0.2745428881048784,3.0502822819928117e-15,3.6221693769877536e-14,3.0502822819928117e-15,3.6221693769877536e-14,7.164597173902409e-06,5.057621821307297e-06,0.0,0,1,floor,0,0,1
eb,22,7,6.002143226879753e-16,0.0,6.002143226879753e-16,0.0,0.038500759816062886,0.2745435241435238,3.0547712004776386e-15,3.601582827928983e-14,3.0547712004776386e-15,3.601582827928983e-14,3.100764463021265e-07,0.0,0.0,0,1,floor,0,0,1
eb,22,8,6.869504964868156e-16,0.0,6.869504964868156e-16,0.0,0.03850075914605434,0.2745435512119594,3.049972765499289e-15,3.615416841732714e-14,3.049972765499289e-15,3.615416841732714e-14,1.342052045599435e-08,0.0,0.0,0,1,floor,0,0,1
eb,22,9,7.73686670285656e-16,0.0,7.73686670285656e-16,0.0,0.038500759117053085,0.2745435523722248,3.0563288394390764e-15,3.599638445271794e-14,3.0563288394390764e-15,3.599638445271794e-14,5.808786700062898e-10,0.0,0.0,0,1,floor,0,0,1
eb,22,10,8.604228440844963e-16,0.0,8.604228440844963e-16,0.0,0.03850075911579782,0.27454355240674067,3.053514779580539e-15,3.6095953936063e-14,3.053514779580539e-15,3.6095953936063e-14,2.5141367176920624e-11,0.0,0.0,0,1,floor,0,0,1
eb,23,0,0.0,0.0,0.0,0.0,0.0,0.0,0.0,0.0,0.0,0.0,0.0,0.0,0.0,0,1,floor,0,0,1
eb,23,1,7.979727989493313e-17,0.0,7.979727989493313e-17,0.0,0.011764438447708477,1.045654894575938e-05,3.0522638789036503e-15,3.620737725887167e-14,3.0522638789036503e-15,3.620737725887167e-14,0.23528876895416953,3.6500241499888623e-06,0.0,0,1,floor,0,0,1
eb,23,2,1.6653345369377348e-16,0.0,1.6653345369377348e-16,0.0,0.04217380596683236,0.0662856487992957,3.0514179698244616e-15,3.612185535859091e-14,3.0514179698244616e-15,3.612185535859091e-14,0.6081880487974718,0.023134300720626087,0.0,0,1,floor,0,0,1
eb,23,3,2.5326962749261384e-16,0.0,2.5326962749261384e-16,0.0,0.03873337637186743,0.26565476523627524,3.0522883826892616e-15,3.615788912488063e-14,3.0522883826892616e-15,3.615788912488063e-14,0.0690076384806892,0.06959295263307137,0.0,0,1,floor,0,0,1
eb,23,4,3.400058012914542e-16,0.0,3.400058012914542e-16,0.0,0.03854016091522812,0.27417653745097564,3.0524273355371e-15,3.6177350459725215e-14,3.0524273355371e-15,3.6177350459725215e-14,0.0038711983895918785,0.0029746599881648613,0.0,0,1,floor,0,0,1
eb,23,5,4.2674197509029455e-16,0.0,4.2674197509029455e-16,0.0,0.03853193265093258,0.2745279440516996,3.0515404063576523e-15,3.618390998616174e-14,3.0515404063576523e-15,3.618390998616174e-14,0.0001648422182458179,0.00012265819127572165,0.0,0,1,floor,0,0,1
eb,23,6,5.134781488891349e-16,0.0,5.134781488891349e-16,0.0,0.03853157668906461,0.2745428881048784,3.0502822819928117e-15,3.6221693769877536e-14,3.0502822819928117e-15,3.6221693769877536e-14,7.130843860051839e-06,5.057621821307297e-06,0.0,0,1,floor,0,0,1
eb,23,7,6.002143226879753e-16,0.0,6.002143226879753e-16,0.0,0.03853156128163133,0.2745435241435238,3.0547712004776386e-15,3.601582827928983e-14,3.0547712004776386e-15,3.601582827928983e-14,3.0863560789305277e-07,0.0,0.0,0,1,floor,0,0,1
eb,23,8,6.869504964868156e-16,0.0,6.869504964868156e-16,0.0,0.03853156061470176,0.2745435512119594,3.049972765499289e-15,3.615416841732714e-14,3.049972765499289e-15,3.615416841732714e-14,1.3359016985078215e-08,0.0,0.0,0,1,floor,0,0,1
eb,23,9,7.73686670285656e-16,0.0,7.73686670285656e-16,0.0,0.0385315605858319,0.2745435523722248,3.0563288394390764e-15,3.599638445271794e-14,3.0563288394390764e-15,3.599638445271794e-14,5.782537387780086e-10,0.0,0.0,0,1,floor,0,0,1
eb,23,10,8.604228440844963e-16,0.0,8.604228440844963e-16,0.0,0.03853156058458224,0.27454355240674067,3.053514779580539e-15,3.6095953936063e-14,3.053514779580539e-15,3.6095953936063e-14,2.5029396953756472e-11,0.0,0.0,0,1,floor,0,0,1
eb,24,0,0.0,0.0,0.0,0.0,0.0,0.0,0.0,0.0,0.0,0.0,0.0,0.0,0.0,0,1,floor,0,0,1
eb,24,1,7.979727989493313e-17,0.0,7.979727989493313e-17,0.0,0.0117644366065045,1.045654894575938e-05,3.0522638789036503e-15,3.620737725887167e-14,3.0522638789036503e-15,3.620737725887167e-14,0.23528873213009,3.6500241499888623e-06,0.0,0,1,floor,0,0,1
eb,24,2,1.6653345369377348e-16,0.0,1.6653345369377348e-16,0.0,0.04216398713210646,0.0662856487992957,3.0514179698244616e-15,3.612185535859091e-14,3.0514179698244616e-15,3.612185535859091e-14,0.6079917092259534,0.023134300720626087,0.0,0,1,floor,0,0,1
eb,24,3,2.5326962749261384e-16,0.0,2.5326962749261384e-16,0.0,0.038694055411456714,0.26565476523627524,3.0522883826892616e-15,3.615788912488063e-14,3.0522883826892616e-15,3.615788912488063e-14,0.06959611189181898,0.06959295263307137,0.0,0,1,floor,0,0,1
eb,24,4,3.400058012914542e-16,0.0,3.400058012914542e-16,0.0,0.03849957765943123,0.27417653745097564,3.0524273355371e-15,3.6177350459725215e-14,3.0524273355371e-15,3.6177350459725215e-14,0.0038964071587498476,0.0029746599881648613,0.0,0,1,floor,0,0,1
eb,24,5,4.2674197509029455e-16,0.0,4.2674197509029455e-16,0.0,0.03849129725608488,0.2745279440516996,3.0515404063576523e-15,3.618390998616174e-14,3.0515404063576523e-15,3.618390998616174e-14,0.00016588356836285458,0.00012265819127572165,0.0,0,1,floor,0,0,1
eb,24,6,5.134781488891349e-16,0.0,5.134781488891349e-16,0.0,0.03849093907386151,0.2745428881048784,3.0502822819928117e-15,3.6221693769877536e-14,3.0502822819928117e-15,3.6221693769877536e-14,7.175192184894285e-06,5.057621821307297e-06,0.0,0,1,floor,0,0,1
eb,24,7,6.002143226879753e-16,0.0,6.002143226879753e-16,0.0,0.03849092357179421,0.2745435241435238,3.0547712004776386e-15,3.601582827928983e-14,3.0547712004776386e-15,3.601582827928983e-14,3.1052586958071606e-07,0.0,0.0,0,1,floor,0,0,1
eb,24,8,6.869504964868156e-16,0.0,6.869504964868156e-16,0.0,0.03849092290083148,0.2745435512119594,3.049972765499289e-15,3.615416841732714e-14,3.049972765499289e-15,3.615416841732714e-14,1.3439580657241747e-08,0.0,0.0,0,1,floor,0,0,1
eb,24,9,7.73686670285656e-16,0.0,7.73686670285656e-16,0.0,0.03849092287178978,0.2745435523722248,3.0563288394390764e-15,3.599638445271794e-14,3.0563288394390764e-15,3.599638445271794e-14,5.816867387730739e-10,0.0,0.0,0,1,floor,0,0,1
eb,24,10,8.604228440844963e-16,0.0,8.604228440844963e-16,0.0,0.038490922870532795,0.27454355240674067,3.053514779580539e-15,3.6095953936063e-14,3.053514779580539e-15,3.6095953936063e-14,2.517574999686916e-11,0.0,0.0,0,1,floor,0,0,1
eb,25,0,0.0,0.0,0.0,0.0,0.0,0.0,0.0,0.0,0.0,0.0,0.0,0.0,0.0,0,1,floor,0,0,1
eb,25,1,7.979727989493313e-17,0.0,7.979727989493313e-17,0.0,0.011764433717858508,1.045654894575938e-05,3.0522638789036503e-15,3.620737725887167e-14,3.0522638789036503e-15,3.620737725887167e-14,0.23528867435717016,3.6500241499888623e-06,0.0,0,1,floor,0,0,1
eb,25,2,1.6653345369377348e-16,0.0,1.6653345369377348e-16,0.0,0.0421466403589687,0.0662856487992957,3.0514179698244616e-15,3.612185535859091e-14,3.0514179698244616e-15,3.612185535859091e-14,0.6076448320649069,0.023134300720626087,0.0,0,1,floor,0,0,1
eb,25,3,2.5326962749261384e-16,0.0,2.5326962749261384e-16,0.0,0.03862454432970437,0.26565476523627524,3.0522883826892616e-15,3.615788912488063e-14,3.0522883826892616e-15,3.615788912488063e-14,0.07063668840847524,0.06959295263307137,0.0,0,1,floor,0,0,1
eb,25,4,3.400058012914542e-16,0.0,3.400058012914542e-16,0.0,0.03842783658613577,0.27417653745097564,3.0524273355371e-15,3.6177350459725215e-14,3.0524273355371e-15,3.6177350459725215e-14,0.003940942608913993,0.0029746599881648613,0.0,0,1,floor,0,0,1
eb,25,5,4.2674197509029455e-16,0.0,4.2674197509029455e-16,0.0,0.038419464200757134,0.2745279440516996,3.0515404063576523e-15,3.618390998616174e-14,3.0515404063576523e-15,3.618390998616174e-14,0.0001677207309858723,0.00012265819127572165,0.0,0,1,floor,0,0,1
eb,25,6,5.134781488891349e-16,0.0,5.134781488891349e-16,0.0,0.03841910210596448,0.2745428881048784,3.0502822819928117e-15,3.6221693769877536e-14,3.0502822819928117e-15,3.6221693769877536e-14,7.253341868109296e-06,5.057621821307297e-06,0.0,0,1,floor,0,0,1
eb,25,7,6.002143226879753e-16,0.0,6.002143226879753e-16,0.0,0.038419086437332786,0.2745435241435238,3.0547712004776386e-15,3.601582827928983e-14,3.0547712004776386e-15,3.601582827928983e-14,3.1385297729416424e-07,0.0,0.0,0,1,floor,0,0,1
eb,25,8,6.869504964868156e-16,0.0,6.869504964868156e-16,0.0,0.03841908575927978,0.2745435512119594,3.049972765499289e-15,3.615416841732714e-14,3.049972765499289e-15,3.615416841732714e-14,1.358121446505256e-08,0.0,0.0,0,1,floor,0,0,1
eb,25,9,7.73686670285656e-16,0.0,7.73686670285656e-16,0.0,0.03841908572993629,0.2745435523722248,3.0563288394390764e-15,3.599638445271794e-14,3.0563288394390764e-15,3.599638445271794e-14,5.87715330425789e-10,0.0,0.0,0,1,floor,0,0,1
eb,25,10,8.604228440844963e-16,0.0,8.604228440844963e-16,0.0,0.03841908572866645,0.27454355240674067,3.053514779580539e-15,3.6095953936063e-14,3.053514779580539e-15,3.6095953936063e-14,2.5432440008416194e-11,0.0,0.0,0,1,floor,0,0,1
eb,26,0,0.0,0.0,0.0,0.0,0.0,0.0,0.0,0.0,0.0,0.0,0.0,0.0,0.0,0,1,floor,0,0,1
eb,26,1,7.979727989493313e-17,0.0,7.979727989493313e-17,0.0,0.011764435718797287,1.045654894575938e-05,3.0522638789036503e-15,3.620737725887167e-14,3.0522638789036503e-15,3.620737725887167e-14,0.23528871437594573,3.6500241499888623e-06,0.0,0,1,floor,0,0,1
eb,26,2,1.6653345369377348e-16,0.0,1.6653345369377348e-16,0.0,0.04215714125000244,0.0662856487992957,3.0514179698244616e-15,3.612185535859091e-14,3.0514179698244616e-15,3.612185535859091e-14,0.6078548095467007,0.023134300720626087,0.0,0,1,floor,0,0,1
eb,26,3,2.5326962749261384e-16,0.0,2.5326962749261384e-16,0.0,0.038666592887933,0.26565476523627524,3.0522883826892616e-15,3.615788912488063e-14,3.0522883826892616e-15,3.615788912488063e-14,0.07000736403512108,0.06959295263307137,0.0,0,1,floor,0,0,1
eb,26,4,3.400058012914542e-16,0.0,3.400058012914542e-16,0.0,0.03847123513087591,0.27417653745097564,3.0524273355371e-15,3.6177350459725215e-14,3.0524273355371e-15,3.6177350459725215e-14,0.0039139816692918585,0.0029746599881648613,0.0,0,1,floor,0,0,1
eb,26,5,4.2674197509029455e-16,0.0,4.2674197509029455e-16,0.0,0.03846291851778513,0.2745279440516996,3.0515404063576523e-15,3.618390998616174e-14,3.0515404063576523e-15,3.618390998616174e-14,0.00016660678096301084,0.00012265819127572165,0.0,0,1,floor,0,0,1
eb,26,6,5.134781488891349e-16,0.0,5.134781488891349e-16,0.0,0.03846255879846453,0.2745428881048784,3.0502822819928117e-15,3.6221693769877536e-14,3.0502822819928117e-15,3.6221693769877536e-14,7.205893904388486e-06,5.057621821307297e-06,0.0,0,1,floor,0,0,1
eb,26,7,6.002143226879753e-16,0.0,6.002143226879753e-16,0.0,0.03846254323109504,0.2745435241435238,3.0547712004776386e-15,3.601582827928983e-14,3.0547712004776386e-15,3.601582827928983e-14,3.118302638258307e-07,0.0,0.0,0,1,floor,0,0,1
eb,26,8,6.869504964868156e-16,0.0,6.869504964868156e-16,0.0,0.038462542557358384,0.2745435512119594,3.049972765499289e-15,3.615416841732714e-14,3.049972765499289e-15,3.615416841732714e-14,1.3494991686367135e-08,0.0,0.0,0,1,floor,0,0,1
eb,26,9,7.73686670285656e-16,0.0,7.73686670285656e-16,0.0,0.038462542528198876,0.2745435523722248,3.0563288394390764e-15,3.599638445271794e-14,3.0563288394390764e-15,3.599638445271794e-14,5.840399796958624e-10,0.0,0.0,0,1,floor,0,0,1
eb,26,10,8.604228440844963e-16,0.0,8.604228440844963e-16,0.0,0.03846254252693688,0.27454355240674067,3.053514779580539e-15,3.6095953936063e-14,3.053514779580539e-15,3.6095953936063e-14,2.527582392554075e-11,0.0,0.0,0,1,floor,0,0,1
eb,27,0,0.0,0.0,0.0,0.0,0.0,0.0,0.0,0.0,0.0,0.0,0.0,0.0,0.0,0,1,floor,0,0,1
eb,27,1,7.979727989493313e-17,0.0,7.979727989493313e-17,0.0,0.011764437308600694,1.045654894575938e-05,3.0522638789036503e-15,3.620737725887167e-14,3.0522638789036503e-15,3.620737725887167e-14,0.23528874617201387,3.6500241499888623e-06,0.0,0,1,floor,0,0,1
eb,27,2,1.6653345369377348e-16,0.0,1.6653345369377348e-16,0.0,0.04216662588419015,0.0662856487992957,3.0514179698244616e-15,3.612185535859091e-14,3.0514179698244616e-15,3.612185535859091e-14,0.6080444701454168,0.023134300720626087,0.0,0,1,floor,0,0,1
eb,27,3,2.5326962749261384e-16,0.0,2.5326962749261384e-16,0.0,0.03870459798095383,0.26565476523627524,3.0522883826892616e-15,3.615788912488063e-14,3.0522883826892616e-15,3.615788912488063e-14,0.06943845326592954,0.06959295263307137,0.0,0,1,floor,0,0,1
eb,27,4,3.400058012914542e-16,0.0,3.400058012914542e-16,0.0,0.038510459511091,0.27417653745097564,3.0524273355371e-15,3.6177350459725215e-14,3.0524273355371e-15,3.6177350459725215e-14,0.0038896314486389916,0.0029746599881648613,0.0,0,1,floor,0,0,1
eb,27,5,4.2674197509029455e-16,0.0,4.2674197509029455e-16,0.0,0.03850219319444034,0.2745279440516996,3.0515404063576523e-15,3.618390998616174e-14,3.0515404063576523e-15,3.618390998616174e-14,0.00016560221928753888,0.00012265819127572165,0.0,0,1,floor,0,0,1
eb,27,6,5.134781488891349e-16,0.0,5.134781488891349e-16,0.0,0.03850183561466975,0.2745428881048784,3.0502822819928117e-15,3.6221693769877536e-14,3.0502822819928117e-15,3.6221693769877536e-14,7.163159011091909e-06,5.057621821307297e-06,0.0,0,1,floor,0,0,1
eb,27,7,6.002143226879753e-16,0.0,6.002143226879753e-16,0.0,0.03850182013838989,0.2745435241435238,3.0547712004776386e-15,3.601582827928983e-14,3.0547712004776386e-15,3.601582827928983e-14,3.10010777436354e-07,0.0,0.0,0,1,floor,0,0,1
eb,27,8,6.869504964868156e-16,0.0,6.869504964868156e-16,0.0,0.03850181946853098,0.2745435512119594,3.049972765499289e-15,3.615416841732714e-14,3.049972765499289e-15,3.615416841732714e-14,1.3417531432969673e-08,0.0,0.0,0,1,floor,0,0,1
eb,27,9,7.73686670285656e-16,0.0,7.73686670285656e-16,0.0,0.03850181943953651,0.2745435523722248,3.0563288394390764e-15,3.599638445271794e-14,3.0563288394390764e-15,3.599638445271794e-14,5.807431099361089e-10,0.0,0.0,0,1,floor,0,0,1
eb,27,10,8.604228440844963e-16,0.0,8.604228440844963e-16,0.0,0.03850181943828155,0.27454355240674067,3.053514779580539e-15,3.6095953936063e-14,3.053514779580539e-15,3.6095953936063e-14,2.5135267218238377e-11,0.0,0.0,0,1,floor,0,0,1
eb,28,0,0.0,0.0,0.0,0.0,0.0,0.0,0.0,0.0,0.0,0.0,0.0,0.0,0.0,0,1,floor,0,0,1
eb,28,1,7.979727989493313e-17,0.0,7.979727989493313e-17,0.0,0.011764437235049207,1.045654894575938e-05,3.0522638789036503e-15,3.620737725887167e-14,3.0522638789036503e-15,3.620737725887167e-14,0.23528874470098413,3.6500241499888623e-06,0.0,0,1,floor,0,0,1
eb,28,2,1.6653345369377348e-16,0.0,1.6653345369377348e-16,0.0,0.04216763236709311,0.0662856487992957,3.0514179698244616e-15,3.612185535859091e-14,3.0514179698244616e-15,3.612185535859091e-14,0.6080646012437728,0.023134300720626087,0.0,0,1,floor,0,0,1
eb,28,3,2.5326962749261384e-16,0.0,2.5326962749261384e-16,0.0,0.03870865984188048,0.26565476523627524,3.0522883826892616e-15,3.615788912488063e-14,3.0522883826892616e-15,3.615788912488063e-14,0.06937750771644081,0.06959295263307137,0.0,0,1,floor,0,0,1
eb,28,4,3.400058012914542e-16,0.0,3.400058012914542e-16,0.0,0.038514650703306605,0.27417653745097564,3.0524273355371e-15,3.6177350459725215e-14,3.0524273355371e-15,3.6177350459725215e-14,0.0038870486173394983,0.0029746599881648613,0.0,0,1,floor,0,0,1
eb,28,5,4.2674197509029455e-16,0.0,4.2674197509029455e-16,0.0,0.038506389636736235,0.2745279440516996,3.0515404063576523e-15,3.618390998616174e-14,3.0515404063576523e-15,3.618390998616174e-14,0.0001654973612503611,0.00012265819127572165,0.0,0,1,floor,0,0,1
eb,28,6,5.134781488891349e-16,0.0,5.134781488891349e-16,0.0,0.03850603227729349,0.2745428881048784,3.0502822819928117e-15,3.6221693769877536e-14,3.0502822819928117e-15,3.6221693769877536e-14,7.158758262334742e-06,5.057621821307297e-06,0.0,0,1,floor,0,0,1
eb,28,7,6.002143226879753e-16,0.0,6.002143226879753e-16,0.0,0.038506016810264776,0.2745435241435238,3.0547712004776386e-15,3.601582827928983e-14,3.0547712004776386e-15,3.601582827928983e-14,3.0982598954970916e-07,0.0,0.0,0,1,floor,0,0,1
eb,28,8,6.869504964868156e-16,0.0,6.869504964868156e-16,0.0,0.038506016140794054,0.2745435512119594,3.049972765499289e-15,3.615416841732714e-14,3.049972765499289e-15,3.615416841732714e-14,1.340977710082101e-08,0.0,0.0,0,1,floor,0,0,1
eb,28,9,7.73686670285656e-16,0.0,7.73686670285656e-16,0.0,0.03850601611181588,0.2745435523722248,3.0563288394390764e-15,3.599638445271794e-14,3.0563288394390764e-15,3.599638445271794e-14,5.804176701654385e-10,0.0,0.0,0,1,floor,0,0,1
eb,28,10,8.604228440844963e-16,0.0,8.604228440844963e-16,0.0,0.0385060161105616,0.27454355240674067,3.053514779580539e-15,3.6095953936063e-14,3.053514779580539e-15,3.6095953936063e-14,2.5121680561429337e-11,0.0,0.0,0,1,floor,0,0,1
eb,29,0,0.0,0.0,0.0,0.0,0.0,0.0,0.0,0.0,0.0,0.0,0.0,0.0,0.0,0,1,floor,0,0,1
eb,29,1,7.979727989493313e-17,0.0,7.979727989493313e-17,0.0,0.011764434658836722,1.045654894575938e-05,3.0522638789036503e-15,3.620737725887167e-14,3.0522638789036503e-15,3.620737725887167e-14,0.23528869317673443,3.6500241499888623e-06,0.0,0,1,floor,0,0,1
eb,29,2,1.6653345369377348e-16,0.0,1.6653345369377348e-16,0.0,0.04215131215963835,0.0662856487992957,3.0514179698244616e-15,3.612185535859091e-14,3.0514179698244616e-15,3.612185535859091e-14,0.6077382491163061,0.023134300720626087,0.0,0,1,floor,0,0,1
eb,29,3,2.5326962749261384e-16,0.0,2.5326962749261384e-16,0.0,0.03864324550035954,0.26565476523627524,3.0522883826892616e-15,3.615788912488063e-14,3.0522883826892616e-15,3.615788912488063e-14,0.07035682177173788,0.06959295263307137,0.0,0,1,floor,0,0,1
eb,29,4,3.400058012914542e-16,0.0,3.400058012914542e-16,0.0,0.03844713837162727,0.27417653745097564,3.0524273355371e-15,3.6177350459725215e-14,3.0524273355371e-15,3.6177350459725215e-14,0.003928947500949125,0.0029746599881648613,0.0,0,1,floor,0,0,1
eb,29,5,4.2674197509029455e-16,0.0,4.2674197509029455e-16,0.0,0.03843879081737736,0.2745279440516996,3.0515404063576523e-15,3.618390998616174e-14,3.0515404063576523e-15,3.618390998616174e-14,0.0001672247717571565,0.00012265819127572165,0.0,0,1,floor,0,0,1
eb,29,6,5.134781488891349e-16,0.0,5.134781488891349e-16,0.0,0.03843842978082912,0.2745428881048784,3.0502822819928117e-15,3.6221693769877536e-14,3.0502822819928117e-15,3.6221693769877536e-14,7.232204263026116e-06,5.057621821307297e-06,0.0,0,1,floor,0,0,1
eb,29,7,6.002143226879753e-16,0.0,6.002143226879753e-16,0.0,0.03843841415733551,0.2745435241435238,3.0547712004776386e-15,3.601582827928983e-14,3.0547712004776386e-15,3.601582827928983e-14,3.1295133943139567e-07,0.0,0.0,0,1,floor,0,0,1
eb,29,8,6.869504964868156e-16,0.0,6.869504964868156e-16,0.0,0.03843841348120772,0.2745435512119594,3.049972765499289e-15,3.615416841732714e-14,3.049972765499289e-15,3.615416841732714e-14,1.3542756603006166e-08,0.0,0.0,0,1,floor,0,0,1
eb,29,9,7.73686670285656e-16,0.0,7.73686670285656e-16,0.0,0.03843841345194634,0.2745435523722248,3.0563288394390764e-15,3.599638445271794e-14,3.0563288394390764e-15,3.599638445271794e-14,5.860750310060729e-10,0.0,0.0,0,1,floor,0,0,1
eb,29,10,8.604228440844963e-16,0.0,8.604228440844963e-16,0.0,0.03843841345068001,0.27454355240674067,3.053514779580539e-15,3.6095953936063e-14,3.053514779580539e-15,3.6095953936063e-14,2.5362311526583113e-11,0.0,0.0,0,1,floor,0,0,1
eb,30,0,0.0,0.0,0.0,0.0,0.0,0.0,0.0,0.0,0.0,0.0,0.0,0.0,0.0,0,1,floor,0,0,1
eb,30,1,7.979727989493313e-17,0.0,7.979727989493313e-17,0.0,0.011764433885142261,1.045654894575938e-05,3.0522638789036503e-15,3.620737725887167e-14,3.0522638789036503e-15,3.620737725887167e-14,0.2352886777028452,3.6500241499888623e-06,0.0,0,1,floor,0,0,1
eb,30,2,1.6653345369377348e-16,0.0,1.6653345369377348e-16,0.0,0.042146115532821916,0.0662856487992957,3.0514179698244616e-15,3.612185535859091e-14,3.0514179698244616e-15,3.612185535859091e-14,0.6076343322123915,0.023134300720626087,0.0,0,1,floor,0,0,1
eb,30,3,2.5326962749261384e-16,0.0,2.5326962749261384e-16,0.0,0.03862241092720187,0.26565476523627524,3.0522883826892616e-15,3.615788912488063e-14,3.0522883826892616e-15,3.615788912488063e-14,0.07066877765058546,0.06959295263307137,0.0,0,1,floor,0,0,1
eb,30,4,3.400058012914542e-16,0.0,3.400058012914542e-16,0.0,0.038425635774264486,0.27417653745097564,3.0524273355371e-15,3.6177350459725215e-14,3.0524273355371e-15,3.6177350459725215e-14,0.0039422888753090695,0.0029746599881648613,0.0,0,1,floor,0,0,1
eb,30,5,4.2674197509029455e-16,0.0,4.2674197509029455e-16,0.0,0.038417260697684065,0.2745279440516996,3.0515404063576523e-15,3.618390998616174e-14,3.0515404063576523e-15,3.618390998616174e-14,0.00016777448355333107,0.00012265819127572165,0.0,0,1,floor,0,0,1
eb,30,6,5.134781488891349e-16,0.0,5.134781488891349e-16,0.0,0.03841689849157634,0.2745428881048784,3.0502822819928117e-15,3.6221693769877536e-14,3.0502822819928117e-15,3.6221693769877536e-14,7.255565321055905e-06,5.057621821307297e-06,0.0,0,1,floor,0,0,1
eb,30,7,6.002143226879753e-16,0.0,6.002143226879753e-16,0.0,0.03841688281834159,0.2745435241435238,3.0547712004776386e-15,3.601582827928983e-14,3.0547712004776386e-15,3.601582827928983e-14,3.139449250602305e-07,0.0,0.0,0,1,floor,0,0,1
eb,30,8,6.869504964868156e-16,0.0,6.869504964868156e-16,0.0,0.03841688214009852,0.2745435512119594,3.049972765499289e-15,3.615416841732714e-14,3.049972765499289e-15,3.615416841732714e-14,1.3585011084333853e-08,0.0,0.0,0,1,floor,0,0,1
eb,30,9,7.73686670285656e-16,0.0,7.73686670285656e-16,0.0,0.03841688211074721,0.2745435523722248,3.0563288394390764e-15,3.599638445271794e-14,3.0563288394390764e-15,3.599638445271794e-14,5.878716654778956e-10,0.0,0.0,0,1,floor,0,0,1
eb,30,10,8.604228440844963e-16,0.0,8.604228440844963e-16,0.0,0.038416882109477066,0.27454355240674067,3.053514779580539e-15,3.6095953936063e-14,3.053514779580539e-15,3.6095953936063e-14,2.543856476717994e-11,0.0,0.0,0,1,floor,0,0,1
eb,31,0,0.0,0.0,0.0,0.0,0.0,0.0,0.0,0.0,0.0,0.0,0.0,0.0,0.0,0,1,floor,0,0,1
eb,31,1,7.979727989493313e-17,0.0,7.979727989493313e-17,0.0,0.01176443836523131,1.045654894575938e-05,3.0522638789036503e-15,3.620737725887167e-14,3.0522638789036503e-15,3.620737725887167e-14,0.2352887673046262,3.6500241499888623e-06,0.0,0,1,floor,0,0,1
eb,31,2,1.6653345369377348e-16,0.0,1.6653345369377348e-16,0.0,0.0421744754174975,0.0662856487992957,3.0514179698244616e-15,3.612185535859091e-14,3.0514179698244616e-15,3.612185535859091e-14,0.6082014394398763,0.023134300720626087,0.0,0,1,floor,0,0,1
eb,31,3,2.5326962749261384e-16,0.0,2.5326962749261384e-16,0.0,0.03873608207089659,0.26565476523627524,3.0522883826892616e-15,3.615788912488063e-14,3.0522883826892616e-15,3.615788912488063e-14,0.06896702282390303,0.06959295263307137,0.0,0,1,floor,0,0,1
eb,31,4,3.400058012914542e-16,0.0,3.400058012914542e-16,0.0,0.038542952629738385,0.27417653745097564,3.0524273355371e-15,3.6177350459725215e-14,3.0524273355371e-15,3.6177350459725215e-14,0.0038694806283179188,0.0029746599881648613,0.0,0,1,floor,0,0,1
eb,31,5,4.2674197509029455e-16,0.0,4.2674197509029455e-16,0.0,0.038534727845391144,0.2745279440516996,3.0515404063576523e-15,3.618390998616174e-14,3.0515404063576523e-15,3.618390998616174e-14,0.00016477271533597295,0.00012265819127572165,0.0,0,1,floor,0,0,1
eb,31,6,5.134781488891349e-16,0.0,5.134781488891349e-16,0.0,0.03853437202914163,0.2745428881048784,3.0502822819928117e-15,3.6221693769877536e-14,3.0502822819928117e-15,3.6221693769877536e-14,7.1279353645735564e-06,5.057621821307297e-06,0.0,0,1,floor,0,0,1
eb,31,7,6.002143226879753e-16,0.0,6.002143226879753e-16,0.0,0.038534356627804155,0.2745435241435238,3.0547712004776386e-15,3.601582827928983e-14,3.0547712004776386e-15,3.601582827928983e-14,3.0851384815878e-07,0.0,0.0,0,1,floor,0,0,1
eb,31,8,6.869504964868156e-16,0.0,6.869504964868156e-16,0.0,0.03853435596112958,0.2745435512119594,3.049972765499289e-15,3.615416841732714e-14,3.049972765499289e-15,3.615416841732714e-14,1.3353923531604128e-08,0.0,0.0,0,1,floor,0,0,1
eb,31,9,7.73686670285656e-16,0.0,7.73686670285656e-16,0.0,0.03853435593227038,0.2745435523722248,3.0563288394390764e-15,3.599638445271794e-14,3.0563288394390764e-15,3.599638445271794e-14,5.780408226091997e-10,0.0,0.0,0,1,floor,0,0,1
eb,31,10,8.604228440844963e-16,0.0,8.604228440844963e-16,0.0,0.03853435593102116,0.27454355240674067,3.053514779580539e-15,3.6095953936063e-14,3.053514779580539e-15,3.6095953936063e-14,2.502052431715037e-11,0.0,0.0,0,1,floor,0,0,1
eb,32,0,0.0,0.0,0.0,0.0,0.0,0.0,0.0,0.0,0.0,0.0,0.0,0.0,0.0,0,1,floor,0,0,1
eb,32,1,7.979727989493313e-17,0.0,7.979727989493313e-17,0.0,0.011764433885587238,1.045654894575938e-05,3.0522638789036503e-15,3.620737725887167e-14,3.0522638789036503e-15,3.620737725887167e-14,0.23528867771174475,3.6500241499888623e-06,0.0,0,1,floor,0,0,1
eb,32,2,1.6653345369377348e-16,0.0,1.6653345369377348e-16,0.0,0.04214699634092663,0.0662856487992957,3.0514179698244616e-15,3.612185535859091e-14,3.0514179698244616e-15,3.612185535859091e-14,0.6076519483386685,0.023134300720626087,0.0,0,1,floor,0,0,1
eb,32,3,2.5326962749261384e-16,0.0,2.5326962749261384e-16,0.0,0.03862595787950235,0.26565476523627524,3.0522883826892616e-15,3.615788912488063e-14,3.0522883826892616e-15,3.615788912488063e-14,0.07061559117815644,0.06959295263307137,0.0,0,1,floor,0,0,1
eb,32,4,3.400058012914542e-16,0.0,3.400058012914542e-16,0.0,0.03842929592382128,0.27417653745097564,3.0524273355371e-15,3.6177350459725215e-14,3.0524273355371e-15,3.6177350459725215e-14,0.003940028158093844,0.0029746599881648613,0.0,0,1,floor,0,0,1
eb,32,5,4.2674197509029455e-16,0.0,4.2674197509029455e-16,0.0,0.03842092546510563,0.2745279440516996,3.0515404063576523e-15,3.618390998616174e-14,3.0515404063576523e-15,3.618390998616174e-14,0.0001676822491069305,0.00012265819127572165,0.0,0,1,floor,0,0,1
eb,32,6,5.134781488891349e-16,0.0,5.134781488891349e-16,0.0,0.03842056345361095,0.2745428881048784,3.0502822819928117e-15,3.6221693769877536e-14,3.0502822819928117e-15,3.6221693769877536e-14,7.251678054091449e-06,5.057621821307297e-06,0.0,0,1,floor,0,0,1
eb,32,7,6.002143226879753e-16,0.0,6.002143226879753e-16,0.0,0.03842054778858322,0.2745435241435238,3.0547712004776386e-15,3.601582827928983e-14,3.0547712004776386e-15,3.601582827928983e-14,3.1378098792235506e-07,0.0,0.0,0,1,floor,0,0,1
eb,32,8,6.869504964868156e-16,0.0,6.869504964868156e-16,0.0,0.03842054711068613,0.2745435512119594,3.049972765499289e-15,3.615416841732714e-14,3.049972765499289e-15,3.615416841732714e-14,1.3578099748461115e-08,0.0,0.0,0,1,floor,0,0,1
eb,32,9,7.73686670285656e-16,0.0,7.73686670285656e-16,0.0,0.03842054708134939,0.2745435523722248,3.0563288394390764e-15,3.599638445271794e-14,3.0563288394390764e-15,3.599638445271794e-14,5.875805981777008e-10,0.0,0.0,0,1,floor,0,0,1
eb,32,10,8.604228440844963e-16,0.0,8.604228440844963e-16,0.0,0.03842054708007986,0.27454355240674067,3.053514779580539e-15,3.6095953936063e-14,3.053514779580539e-15,3.6095953936063e-14,2.542636436621692e-11,0.0,0.0,0,1,floor,0,0,1
eb,33,0,0.0,0.0,0.0,0.0,0.0,0.0,0.0,0.0,0.0,0.0,0.0,0.0,0.0,0,1,floor,0,0,1
eb,33,1,7.979727989493313e-17,0.0,7.979727989493313e-17,0.0,0.011764434523318164,1.045654894575938e-05,3.0522638789036503e-15,3.620737725887167e-14,3.0522638789036503e-15,3.620737725887167e-14,0.23528869046636328,3.6500241499888623e-06,0.0,0,1,floor,0,0,1
eb,33,2,1.6653345369377348e-16,0.0,1.6653345369377348e-16,0.0,0.04215103686828625,0.0662856487992957,3.0514179698244616e-15,3.612185535859091e-14,3.0514179698244616e-15,3.612185535859091e-14,0.607732746008,0.023134300720626087,0.0,0,1,floor,0,0,1
eb,33,3,2.5326962749261384e-16,0.0,2.5326962749261384e-16,0.0,0.038642153052749095,0.26565476523627524,3.0522883826892616e-15,3.615788912488063e-14,3.0522883826892616e-15,3.615788912488063e-14,0.07037312275995411,0.06959295263307137,0.0,0,1,floor,0,0,1
eb,33,4,3.400058012914542e-16,0.0,3.400058012914542e-16,0.0,0.03844601051354479,0.27417653745097564,3.0524273355371e-15,3.6177350459725215e-14,3.0524273355371e-15,3.6177350459725215e-14,0.003929654693537412,0.0029746599881648613,0.0,0,1,floor,0,0,1
eb,33,5,4.2674197509029455e-16,0.0,4.2674197509029455e-16,0.0,0.038437661467257585,0.2745279440516996,3.0515404063576523e-15,3.618390998616174e-14,3.0515404063576523e-15,3.618390998616174e-14,0.00016725457247501255,0.00012265819127572165,0.0,0,1,floor,0,0,1
eb,33,6,5.134781488891349e-16,0.0,5.134781488891349e-16,0.0,0.03843730036613151,0.2745428881048784,3.0502822819928117e-15,3.6221693769877536e-14,3.0502822819928117e-15,3.6221693769877536e-14,7.233494146478449e-06,5.057621821307297e-06,0.0,0,1,floor,0,0,1
eb,33,7,6.002143226879753e-16,0.0,6.002143226879753e-16,0.0,0.03843728473984092,0.2745435241435238,3.0547712004776386e-15,3.601582827928983e-14,3.0547712004776386e-15,3.601582827928983e-14,3.1300720900351737e-07,0.0,0.0,0,1,floor,0,0,1
eb,33,8,6.869504964868156e-16,0.0,6.869504964868156e-16,0.0,0.038437284063591974,0.2745435512119594,3.049972765499289e-15,3.615416841732714e-14,3.049972765499289e-15,3.615416841732714e-14,1.3545176598110693e-08,0.0,0.0,0,1,floor,0,0,1
eb,33,9,7.73686670285656e-16,0.0,7.73686670285656e-16,0.0,0.03843728403432535,0.2745435523722248,3.0563288394390764e-15,3.599638445271794e-14,3.0563288394390764e-15,3.599638445271794e-14,5.861798163479861e-10,0.0,0.0,0,1,floor,0,0,1
eb,33,10,8.604228440844963e-16,0.0,8.604228440844963e-16,0.0,0.03843728403305881,0.27454355240674067,3.053514779580539e-15,3.6095953936063e-14,3.053514779580539e-15,3.6095953936063e-14,2.536674846544651e-11,0.0,0.0,0,1,floor,0,0,1
eb,34,0,0.0,0.0,0.0,0.0,0.0,0.0,0.0,0.0,0.0,0.0,0.0,0.0,0.0,0,1,floor,0,0,1
eb,34,1,7.979727989493313e-17,0.0,7.979727989493313e-17,0.0,0.011764438114480264,1.045654894575938e-05,3.0522638789036503e-15,3.620737725887167e-14,3.0522638789036503e-15,3.620737725887167e-14,0.23528876228960527,3.6500241499888623e-06,0.0,0,1,floor,0,0,1
eb,34,2,1.6653345369377348e-16,0.0,1.6653345369377348e-16,0.0,0.042173651881197594,0.0662856487992957,3.0514179698244616e-15,3.612185535859091e-14,3.0514179698244616e-15,3.612185535859091e-14,0.6081849737539278,0.023134300720626087,0.0,0,1,floor,0,0,1
eb,34,3,2.5326962749261384e-16,0.0,2.5326962749261384e-16,0.0,0.03873279557677387,0.26565476523627524,3.0522883826892616e-15,3.615788912488063e-14,3.0522883826892616e-15,3.615788912488063e-14,0.06901614979683825,0.06959295263307137,0.0,0,1,floor,0,0,1
eb,34,4,3.400058012914542e-16,0.0,3.400058012914542e-16,0.0,0.0385395602406568,0.27417653745097564,3.0524273355371e-15,3.6177350459725215e-14,3.0524273355371e-15,3.6177350459725215e-14,0.003871595388895946,0.0029746599881648613,0.0,0,1,floor,0,0,1
eb,34,5,4.2674197509029455e-16,0.0,4.2674197509029455e-16,0.0,0.03853133104855763,0.2745279440516996,3.0515404063576523e-15,3.618390998616174e-14,3.0515404063576523e-15,3.618390998616174e-14,0.00016486074849451755,0.00012265819127572165,0.0,0,1,floor,0,0,1
eb,34,6,5.134781488891349e-16,0.0,5.134781488891349e-16,0.0,0.038530975043409924,0.2745428881048784,3.0502822819928117e-15,3.6221693769877536e-14,3.0502822819928117e-15,3.6221693769877536e-14,7.1317082885816595e-06,5.057621821307297e-06,0.0,0,1,floor,0,0,1
eb,34,7,6.002143226879753e-16,0.0,6.002143226879753e-16,0.0,0.03853095963397018,0.2745435241435238,3.0547712004776386e-15,3.601582827928983e-14,3.0547712004776386e-15,3.601582827928983e-14,3.0867568486965603e-07,0.0,0.0,0,1,floor,0,0,1
eb,34,8,6.869504964868156e-16,0.0,6.869504964868156e-16,0.0,0.03853095896694805,0.2745435512119594,3.049972765499289e-15,3.615416841732714e-14,3.049972765499289e-15,3.615416841732714e-14,1.3360865874573925e-08,0.0,0.0,0,1,floor,0,0,1
eb,34,9,7.73686670285656e-16,0.0,7.73686670285656e-16,0.0,0.03853095893807395,0.2745435523722248,3.0563288394390764e-15,3.599638445271794e-14,3.0563288394390764e-15,3.599638445271794e-14,5.783385574058837e-10,0.0,0.0,0,1,floor,0,0,1
eb,34,10,8.604228440844963e-16,0.0,8.604228440844963e-16,0.0,0.038530958936824095,0.27454355240674067,3.053514779580539e-15,3.6095953936063e-14,3.053514779580539e-15,3.6095953936063e-14,2.5033279008584257e-11,0.0,0.0,0,1,floor,0,0,1
eb,35,0,0.0,0.0,0.0,0.0,0.0,0.0,0.0,0.0,0.0,0.0,0.0,0.0,0.0,0,1,floor,0,0,1
eb,35,1,7.979727989493313e-17,0.0,7.979727989493313e-17,0.0,0.011764437766560831,1.045654894575938e-05,3.0522638789036503e-15,3.620737725887167e-14,3.0522638789036503e-15,3.620737725887167e-14,0.23528875533121663,3.6500241499888623e-06,0.0,0,1,floor,0,0,1
eb,35,2,1.6653345369377348e-16,0.0,1.6653345369377348e-16,0.0,0.042169908445935836,0.0662856487992957,3.0514179698244616e-15,3.612185535859091e-14,3.0514179698244616e-15,3.612185535859091e-14,0.6081101121211373,0.023134300720626087,0.0,0,1,floor,0,0,1
eb,35,3,2.5326962749261384e-16,0.0,2.5326962749261384e-16,0.0,0.03871776225616008,0.26565476523627524,3.0522883826892616e-15,3.615788912488063e-14,3.0522883826892616e-15,3.615788912488063e-14,0.069241343982209,0.06959295263307137,0.0,0,1,floor,0,0,1
eb,35,4,3.400058012914542e-16,0.0,3.400058012914542e-16,0.0,0.03852404575127208,0.27417653745097564,3.0524273355371e-15,3.6177350459725215e-14,3.0524273355371e-15,3.6177350459725215e-14,0.003881204552208125,0.0029746599881648613,0.0,0,1,floor,0,0,1
eb,35,5,4.2674197509029455e-16,0.0,4.2674197509029455e-16,0.0,0.03851579680862658,0.2745279440516996,3.0515404063576523e-15,3.618390998616174e-14,3.0515404063576523e-15,3.618390998616174e-14,0.0001652552154868274,0.00012265819127572165,0.0,0,1,floor,0,0,1
eb,35,6,5.134781488891349e-16,0.0,5.134781488891349e-16,0.0,0.038515439966781126,0.2745428881048784,3.0502822819928117e-15,3.6221693769877536e-14,3.0502822819928117e-15,3.6221693769877536e-14,7.1484200215344606e-06,5.057621821307297e-06,0.0,0,1,floor,0,0,1
eb,35,7,6.002143226879753e-16,0.0,6.002143226879753e-16,0.0,0.03851542452186867,0.2745435241435238,3.0547712004776386e-15,3.601582827928983e-14,3.0547712004776386e-15,3.601582827928983e-14,3.093842298017723e-07,0.0,0.0,0,1,floor,0,0,1
eb,35,8,6.869504964868156e-16,0.0,6.869504964868156e-16,0.0,0.03851542385334293,0.2745435512119594,3.049972765499289e-15,3.615416841732714e-14,3.049972765499289e-15,3.615416841732714e-14,1.3390900831833356e-08,0.0,0.0,0,1,floor,0,0,1
eb,35,9,7.73686670285656e-16,0.0,7.73686670285656e-16,0.0,0.03851542382440513,0.2745435523722248,3.0563288394390764e-15,3.599638445271794e-14,3.0563288394390764e-15,3.599638445271794e-14,5.796112695856998e-10,0.0,0.0,0,1,floor,0,0,1
eb,35,10,8.604228440844963e-16,0.0,8.604228440844963e-16,0.0,0.03851542382315257,0.27454355240674067,3.053514779580539e-15,3.6095953936063e-14,3.053514779580539e-15,3.6095953936063e-14,2.5087297888956982e-11,0.0,0.0,0,1,floor,0,0,1
eb,36,0,0.0,0.0,0.0,0.0,0.0,0.0,0.0,0.0,0.0,0.0,0.0,0.0,0.0,0,1,floor,0,0,1
eb,36,1,7.979727989493313e-17,0.0,7.979727989493313e-17,0.0,0.011764438405252087,1.045654894575938e-05,3.0522638789036503e-15,3.620737725887167e-14,3.0522638789036503e-15,3.620737725887167e-14,0.23528876810504173,3.6500241499888623e-06,0.0,0,1,floor,0,0,1
eb,36,2,1.6653345369377348e-16,0.0,1.6653345369377348e-16,0.0,0.042175027933561884,0.0662856487992957,3.0514179698244616e-15,3.612185535859091e-14,3.0514179698244616e-15,3.612185535859091e-14,0.6082124889439143,0.023134300720626087,0.0,0,1,floor,0,0,1
eb,36,3,2.5326962749261384e-16,0.0,2.5326962749261384e-16,0.0,0.038738302279016645,0.26565476523627524,3.0522883826892616e-15,3.615788912488063e-14,3.0522883826892616e-15,3.615788912488063e-14,0.06893375860017256,0.06959295263307137,0.0,0,1,floor,0,0,1
eb,36,4,3.400058012914542e-16,0.0,3.400058012914542e-16,0.0,0.038545243853824664,0.27417653745097564,3.0524273355371e-15,3.6177350459725215e-14,3.0524273355371e-15,3.6177350459725215e-14,0.0038680624152591515,0.0029746599881648613,0.0,0,1,floor,0,0,1
eb,36,5,4.2674197509029455e-16,0.0,4.2674197509029455e-16,0.0,0.03853702198049894,0.2745279440516996,3.0515404063576523e-15,3.618390998616174e-14,3.0515404063576523e-15,3.618390998616174e-14,0.0001647145753943076,0.00012265819127572165,0.0,0,1,floor,0,0,1
eb,36,6,5.134781488891349e-16,0.0,5.134781488891349e-16,0.0,0.038536666287428585,0.2745428881048784,3.0502822819928117e-15,3.6221693769877536e-14,3.0502822819928117e-15,3.6221693769877536e-14,7.125475065339471e-06,5.057621821307297e-06,0.0,0,1,floor,0,0,1
eb,36,7,6.002143226879753e-16,0.0,6.002143226879753e-16,0.0,0.03853665089130733,0.2745435241435238,3.0547712004776386e-15,3.601582827928983e-14,3.0547712004776386e-15,3.601582827928983e-14,3.0840965796689406e-07,0.0,0.0,0,1,floor,0,0,1
eb,36,8,6.869504964868156e-16,0.0,6.869504964868156e-16,0.0,0.03853665022485357,0.2745435512119594,3.049972765499289e-15,3.615416841732714e-14,3.049972765499289e-15,3.615416841732714e-14,1.334951253313089e-08,0.0,0.0,0,1,floor,0,0,1
eb,36,9,7.73686670285656e-16,0.0,7.73686670285656e-16,0.0,0.03853665019600373,0.2745435523722248,3.0563288394390764e-15,3.599638445271794e-14,3.0563288394390764e-15,3.599638445271794e-14,5.778540203508317e-10,0.0,0.0,0,1,floor,0,0,1
eb,36,10,8.604228440844963e-16,0.0,8.604228440844963e-16,0.0,0.03853665019475491,0.27454355240674067,3.053514779580539e-15,3.6095953936063e-14,3.053514779580539e-15,3.6095953936063e-14,2.5012458202695252e-11,0.0,0.0,0,1,floor,0,0,1
eb,37,0,0.0,0.0,0.0,0.0,0.0,0.0,0.0,0.0,0.0,0.0,0.0,0.0,0.0,0,1,floor,0,0,1
eb,37,1,7.979727989493313e-17,0.0,7.979727989493313e-17,0.0,0.011764437541710955,1.045654894575938e-05,3.0522638789036503e-15,3.620737725887167e-14,3.0522638789036503e-15,3.620737725887167e-14,0.23528875083421907,3.6500241499888623e-06,0.0,0,1,floor,0,0,1
eb,37,2,1.6653345369377348e-16,0.0,1.6653345369377348e-16,0.0,0.042170223695868564,0.0662856487992957,3.0514179698244616e-15,3.612185535859091e-14,3.0514179698244616e-15,3.612185535859091e-14,0.6081164216070979,0.023134300720626087,0.0,0,1,floor,0,0,1
eb,37,3,2.5326962749261384e-16,0.0,2.5326962749261384e-16,0.0,0.03871905855686363,0.26565476523627524,3.0522883826892616e-15,3.615788912488063e-14,3.0522883826892616e-15,3.615788912488063e-14,0.0692217752654803,0.06959295263307137,0.0,0,1,floor,0,0,1
eb,37,4,3.400058012914542e-16,0.0,3.400058012914542e-16,0.0,0.03852538251432669,0.27417653745097564,3.0524273355371e-15,3.6177350459725215e-14,3.0524273355371e-15,3.6177350459725215e-14,0.0038803964962683653,0.0029746599881648613,0.0,0,1,floor,0,0,1
eb,37,5,4.2674197509029455e-16,0.0,4.2674197509029455e-16,0.0,0.03851713514343442,0.2745279440516996,3.0515404063576523e-15,3.618390998616174e-14,3.0515404063576523e-15,3.618390998616174e-14,0.00016522382344504087,0.00012265819127572165,0.0,0,1,floor,0,0,1
eb,37,6,5.134781488891349e-16,0.0,5.134781488891349e-16,0.0,0.038516778365005784,0.2745428881048784,3.0502822819928117e-15,3.6221693769877536e-14,3.0502822819928117e-15,3.6221693769877536e-14,7.147153354657287e-06,5.057621821307297e-06,0.0,0,1,floor,0,0,1
eb,37,7,6.002143226879753e-16,0.0,6.002143226879753e-16,0.0,0.038516762922645206,0.2745435241435238,3.0547712004776386e-15,3.601582827928983e-14,3.0547712004776386e-15,3.601582827928983e-14,3.0933325674445645e-07,0.0,0.0,0,1,floor,0,0,1
eb,37,8,6.869504964868156e-16,0.0,6.869504964868156e-16,0.0,0.03851676225422166,0.2745435512119594,3.049972765499289e-15,3.615416841732714e-14,3.049972765499289e-15,3.615416841732714e-14,1.3388859540051068e-08,0.0,0.0,0,1,floor,0,0,1
eb,37,9,7.73686670285656e-16,0.0,7.73686670285656e-16,0.0,0.03851676222528793,0.2745435523722248,3.0563288394390764e-15,3.599638445271794e-14,3.0563288394390764e-15,3.599638445271794e-14,5.795297774651347e-10,0.0,0.0,0,1,floor,0,0,1
eb,37,10,8.604228440844963e-16,0.0,8.604228440844963e-16,0.0,0.038516762224035536,0.27454355240674067,3.053514779580539e-15,3.6095953936063e-14,3.053514779580539e-15,3.6095953936063e-14,2.5083971127016782e-11,0.0,0.0,0,1,floor,0,0,1
eb,38,0,0.0,0.0,0.0,0.0,0.0,0.0,0.0,0.0,0.0,0.0,0.0,0.0,0.0,0,1,floor,0,0,1
eb,38,1,7.979727989493313e-17,0.0,7.979727989493313e-17,0.0,0.011764437144971938,1.045654894575938e-05,3.0522638789036503e-15,3.620737725887167e-14,3.0522638789036503e-15,3.620737725887167e-14,0.23528874289943874,3.6500241499888623e-06,0.0,0,1,floor,0,0,1
eb,38,2,1.6653345369377348e-16,0.0,1.6653345369377348e-16,0.0,0.04216637666587344,0.0662856487992957,3.0544050023514547e-15,3.599155220365676e-14,3.0544050023514547e-15,3.599155220365676e-14,0.6080394890592072,0.023134300720626087,0.0,0,1,floor,0,0,1
eb,38,3,2.5326962749261384e-16,0.0,2.5326962749261384e-16,0.0,0.03870361387864417,0.26565476523627524,3.049819857295691e-15,3.628454673620168e-14,3.049819857295691e-15,3.628454673620168e-14,0.06945311203049913,0.06959295263307137,0.0,0,1,floor,0,0,1
eb,38,4,3.400058012914542e-16,0.0,3.400058012914542e-16,0.0,0.038509443342572676,0.27417653745097564,3.0523838298522694e-15,3.616898730331993e-14,3.0523838298522694e-15,3.616898730331993e-14,0.0038902718319962985,0.0029746599881648613,0.0,0,1,floor,0,0,1
eb,38,5,4.2674197509029455e-16,0.0,4.2674197509029455e-16,0.0,0.03850117566045158,0.2745279440516996,3.052942551646401e-15,3.6162500165572146e-14,3.052942551646401e-15,3.6162500165572146e-14,0.00016562949127017958,0.00012265819127572165,0.0,0,1,floor,0,0,1
eb,38,6,5.134781488891349e-16,0.0,5.134781488891349e-16,0.0,0.03850081802108439,0.2745428881048784,3.055040573496892e-15,3.6073261475629027e-14,3.055040573496892e-15,3.6073261475629027e-14,7.16434936551177e-06,5.057621821307297e-06,0.0,0,1,floor,0,0,1
eb,38,7,6.002143226879753e-16,0.0,6.002143226879753e-16,0.0,0.0385008025422023,0.2745435241435238,3.055421940471083e-15,3.6092564241561244e-14,3.055421940471083e-15,3.6092564241561244e-14,3.100627552817063e-07,0.0,0.0,0,1,floor,0,0,1
eb,38,8,6.869504964868156e-16,0.0,6.869504964868156e-16,0.0,0.038500801872229776,0.2745435512119594,3.055548499778131e-15,3.6137135026039613e-14,3.055548499778131e-15,3.6137135026039613e-14,1.3419800869561982e-08,0.0,0.0,0,1,floor,0,0,1
eb,38,9,7.73686670285656e-16,0.0,7.73686670285656e-16,0.0,0.038500801843230355,0.2745435523722248,3.0510272143547547e-15,3.615183986451091e-14,3.0510272143547547e-15,3.615183986451091e-14,5.808420700641047e-10,0.0,0.0,0,1,floor,0,0,1
eb,38,10,8.604228440844963e-16,0.0,8.604228440844963e-16,0.0,0.03850080184197517,0.27454355240674067,3.0525377706966073e-15,3.625192825673658e-14,3.0525377706966073e-15,3.625192825673658e-14,2.5139703870774643e-11,0.0,0.0,0,1,floor,0,0,1
eb,39,0,0.0,0.0,0.0,0.0,0.0,0.0,0.0,0.0,0.0,0.0,0.0,0.0,0.0,0,1,floor,0,0,1
eb,39,1,7.979727989493313e-17,0.0,7.979727989493313e-17,0.0,0.011764434249446717,1.045654894575938e-05,3.0522638789036503e-15,3.620737725887167e-14,3.0522638789036503e-15,3.620737725887167e-14,0.23528868498893435,3.6500241499888623e-06,0.0,0,1,floor,0,0,1
eb,39,2,1.6653345369377348e-16,0.0,1.6653345369377348e-16,0.0,0.04215028023818772,0.0662856487992957,3.0544050023514547e-15,3.599155220365676e-14,3.0544050023514547e-15,3.599155220365676e-14,0.6077176189064818,0.023134300720626087,0.0,0,1,floor,0,0,1
eb,39,3,2.5326962749261384e-16,0.0,2.5326962749261384e-16,0.0,0.038639138744475124,0.26565476523627524,3.049819857295691e-15,3.628454673620168e-14,3.049819857295691e-15,3.628454673620168e-14,0.0704181600032949,0.06959295263307137,0.0,0,1,floor,0,0,1
eb,39,4,3.400058012914542e-16,0.0,3.400058012914542e-16,0.0,0.03844289890346501,0.27417653745097564,3.0523838298522694e-15,3.616898730331993e-14,3.0523838298522694e-15,3.616898730331993e-14,0.0039315979379714195,0.0029746599881648613,0.0,0,1,floor,0,0,1
eb,39,5,4.2674197509029455e-16,0.0,4.2674197509029455e-16,0.0,0.038434545791863055,0.2745279440516996,3.052942551646401e-15,3.6162500165572146e-14,3.052942551646401e-15,3.6162500165572146e-14,0.0001673357698446801,0.00012265819127572165,0.0,0,1,floor,0,0,1
eb,39,6,5.134781488891349e-16,0.0,5.134781488891349e-16,0.0,0.03843418451597986,0.2745428881048784,3.055040573496892e-15,3.6073261475629027e-14,3.055040573496892e-15,3.6073261475629027e-14,7.23698476810702e-06,5.057621821307297e-06,0.0,0,1,floor,0,0,1
eb,39,7,6.002143226879753e-16,0.0,6.002143226879753e-16,0.0,0.03843416888217074,0.2745435241435238,3.055421940471083e-15,3.6092564241561244e-14,3.055421940471083e-15,3.6092564241561244e-14,3.131573918376566e-07,0.0,0.0,0,1,floor,0,0,1
eb,39,8,6.869504964868156e-16,0.0,6.869504964868156e-16,0.0,0.03843416820559832,0.2745435512119594,3.055548499778131e-15,3.6137135026039613e-14,3.055548499778131e-15,3.6137135026039613e-14,1.3551638242042576e-08,0.0,0.0,0,1,floor,0,0,1
eb,39,9,7.73686670285656e-16,0.0,7.73686670285656e-16,0.0,0.03843416817631778,0.2745435523722248,3.0510272143547547e-15,3.615183986451091e-14,3.0510272143547547e-15,3.615183986451091e-14,5.864578749261437e-10,0.0,0.0,0,1,floor,0,0,1
eb,39,10,8.604228440844963e-16,0.0,8.604228440844963e-16,0.0,0.03843416817505062,0.27454355240674067,3.0525377706966073e-15,3.625192825673658e-14,3.0525377706966073e-15,3.625192825673658e-14,2.537894859742275e-11,0.0,0.0,0,1,floor,0,0,1
eb,40,0,0.0,0.0,0.0,0.0,0.0,0.0,0.0,0.0,0.0,0.0,0.0,0.0,0.0,0,1,floor,0,0,1
eb,40,1,7.979727989493313e-17,0.0,7.979727989493313e-17,0.0,0.011764438888978738,1.045654894575938e-05,3.0522638789036503e-15,3.620737725887167e-14,3.0522638789036503e-15,3.620737725887167e-14,0.23528877777957474,3.6500241499888623e-06,0.0,0,1,floor,0,0,1
eb,40,2,1.6653345369377348e-16,0.0,1.6653345369377348e-16,0.0,0.0421780838112438,0.0662856487992957,3.0514179698244616e-15,3.612185535859091e-14,3.0514179698244616e-15,3.612185535859091e-14,0.6082735967300146,0.023134300720626087,0.0,0,1,floor,0,0,1
eb,40,3,2.5326962749261384e-16,0.0,2.5326962749261384e-16,0.0,0.03875055062987338,0.26565476523627524,3.0522883826892616e-15,3.615788912488063e-14,3.0522883826892616e-15,3.615788912488063e-14,0.06875040467857901,0.06959295263307137,0.0,0,1,floor,0,0,1
eb,40,4,3.400058012914542e-16,0.0,3.400058012914542e-16,0.0,0.03855788504334141,0.27417653745097564,3.0524273355371e-15,3.6177350459725215e-14,3.0524273355371e-15,3.6177350459725215e-14,0.0038602173240252814,0.0029746599881648613,0.0,0,1,floor,0,0,1
eb,40,5,4.2674197509029455e-16,0.0,4.2674197509029455e-16,0.0,0.038549679364892904,0.2745279440516996,3.0515404063576523e-15,3.618390998616174e-14,3.0515404063576523e-15,3.618390998616174e-14,0.00016439112690512788,0.00012265819127572165,0.0,0,1,floor,0,0,1
eb,40,6,5.134781488891349e-16,0.0,5.134781488891349e-16,0.0,0.038549324360379764,0.2745428881048784,3.0502822819928117e-15,3.6221693769877536e-14,3.0502822819928117e-15,3.6221693769877536e-14,7.111722334965422e-06,5.057621821307297e-06,0.0,0,1,floor,0,0,1
eb,40,7,6.002143226879753e-16,0.0,6.002143226879753e-16,0.0,0.03854930899355808,0.2745435241435238,3.0547712004776386e-15,3.601582827928983e-14,3.0547712004776386e-15,3.601582827928983e-14,3.0782442263964086e-07,0.0,0.0,0,1,floor,0,0,1
eb,40,8,6.869504964868156e-16,0.0,6.869504964868156e-16,0.0,0.03854930832835096,0.2745435512119594,3.049972765499289e-15,3.615416841732714e-14,3.049972765499289e-15,3.615416841732714e-14,1.3324610861184055e-08,0.0,0.0,0,1,floor,0,0,1
eb,40,9,7.73686670285656e-16,0.0,7.73686670285656e-16,0.0,0.03854930829955416,0.2745435523722248,3.0563288394390764e-15,3.599638445271794e-14,3.0563288394390764e-15,3.599638445271794e-14,5.767945098915166e-10,0.0,0.0,0,1,floor,0,0,1
eb,40,10,8.604228440844963e-16,0.0,8.604228440844963e-16,0.0,0.03854930829830759,0.27454355240674067,3.053514779580539e-15,3.6095953936063e-14,3.053514779580539e-15,3.6095953936063e-14,2.496756496450922e-11,0.0,0.0,0,1,floor,0,0,1
eb,41,0,0.0,0.0,0.0,0.0,0.0,0.0,0.0,0.0,0.0,0.0,0.0,0.0,0.0,0,1,floor,0,0,1
eb,41,1,7.979727989493313e-17,0.0,7.979727989493313e-17,0.0,0.011764435307605686,1.045654894575938e-05,3.0522638789036503e-15,3.620737725887167e-14,3.0522638789036503e-15,3.620737725887167e-14,0.2352887061521137,3.6500241499888623e-06,0.0,0,1,floor,0,0,1
eb,41,2,1.6653345369377348e-16,0.0,1.6653345369377348e-16,0.0,0.04215542595336874,0.0662856487992957,3.0514179698244616e-15,3.612185535859091e-14,3.0514179698244616e-15,3.612185535859091e-14,0.6078205118901007,0.023134300720626087,0.0,0,1,floor,0,0,1
eb,41,3,2.5326962749261384e-16,0.0,2.5326962749261384e-16,0.0,0.03865973440157806,0.26565476523627524,3.0522883826892616e-15,3.615788912488063e-14,3.0522883826892616e-15,3.615788912488063e-14,0.07010996024335676,0.06959295263307137,0.0,0,1,floor,0,0,1
eb,41,4,3.400058012914542e-16,0.0,3.400058012914542e-16,0.0,0.03846415610775728,0.27417653745097564,3.0524273355371e-15,3.6177350459725215e-14,3.0524273355371e-15,3.6177350459725215e-14,0.0039183860286435895,0.0029746599881648613,0.0,0,1,floor,0,0,1
eb,41,5,4.2674197509029455e-16,0.0,4.2674197509029455e-16,0.0,0.038455830354017194,0.2745279440516996,3.0515404063576523e-15,3.618390998616174e-14,3.0515404063576523e-15,3.618390998616174e-14,0.00016678934729747258,0.00012265819127572165,0.0,0,1,floor,0,0,1
eb,41,6,5.134781488891349e-16,0.0,5.134781488891349e-16,0.0,0.03845547024433066,0.2745428881048784,3.0502822819928117e-15,3.6221693769877536e-14,3.0502822819928117e-15,3.6221693769877536e-14,7.213691057523813e-06,5.057621821307297e-06,0.0,0,1,floor,0,0,1
eb,41,7,6.002143226879753e-16,0.0,6.002143226879753e-16,0.0,0.03845545466027572,0.2745435241435238,3.0547712004776386e-15,3.601582827928983e-14,3.0547712004776386e-15,3.601582827928983e-14,3.121635531068221e-07,0.0,0.0,0,1,floor,0,0,1
eb,41,8,6.869504964868156e-16,0.0,6.869504964868156e-16,0.0,0.0384554539858259,0.2745435512119594,3.049972765499289e-15,3.615416841732714e-14,3.049972765499289e-15,3.615416841732714e-14,1.3509237656935699e-08,0.0,0.0,0,1,floor,0,0,1
eb,41,9,7.73686670285656e-16,0.0,7.73686670285656e-16,0.0,0.03845545395663591,0.2745435523722248,3.0563288394390764e-15,3.599638445271794e-14,3.0563288394390764e-15,3.599638445271794e-14,5.846490510607732e-10,0.0,0.0,0,1,floor,0,0,1
eb,41,10,8.604228440844963e-16,0.0,8.604228440844963e-16,0.0,0.0384554539553726,0.27454355240674067,3.053514779580539e-15,3.6095953936063e-14,3.053514779580539e-15,3.6095953936063e-14,2.5301863682769442e-11,0.0,0.0,0,1,floor,0,0,1
eb,42,0,0.0,0.0,0.0,0.0,0.0,0.0,0.0,0.0,0.0,0.0,0.0,0.0,0.0,0,1,floor,0,0,1
eb,42,1,7.979727989493313e-17,0.0,7.979727989493313e-17,0.0,0.011764435310970683,1.045654894575938e-05,3.0522638789036503e-15,3.620737725887167e-14,3.0522638789036503e-15,3.620737725887167e-14,0.23528870621941367,3.6500241499888623e-06,0.0,0,1,floor,0,0,1
eb,42,2,1.6653345369377348e-16,0.0,1.6653345369377348e-16,0.0,0.04215516385250514,0.0662856487992957,3.0514179698244616e-15,3.612185535859091e-14,3.0514179698244616e-15,3.612185535859091e-14,0.6078152698135342,0.023134300720626087,0.0,0,1,floor,0,0,1
eb,42,3,2.5326962749261384e-16,0.0,2.5326962749261384e-16,0.0,0.03865867852305414,0.26565476523627524,3.0522883826892616e-15,3.615788912488063e-14,3.0522883826892616e-15,3.615788912488063e-14,0.07012579456583287,0.06959295263307137,0.0,0,1,floor,0,0,1
eb,42,4,3.400058012914542e-16,0.0,3.400058012914542e-16,0.0,0.03846306654608453,0.27417653745097564,3.0524273355371e-15,3.6177350459725215e-14,3.0524273355371e-15,3.6177350459725215e-14,0.00391905871945133,0.0029746599881648613,0.0,0,1,floor,0,0,1
eb,42,5,4.2674197509029455e-16,0.0,4.2674197509029455e-16,0.0,0.038454739419471924,0.2745279440516996,3.0515404063576523e-15,3.618390998616174e-14,3.0515404063576523e-15,3.618390998616174e-14,0.00016681676779389175,0.00012265819127572165,0.0,0,1,floor,0,0,1
eb,42,6,5.134781488891349e-16,0.0,5.134781488891349e-16,0.0,0.0384543792519716,0.2745428881048784,3.0502822819928117e-15,3.6221693769877536e-14,3.0502822819928117e-15,3.6221693769877536e-14,7.214845832412929e-06,5.057621821307297e-06,0.0,0,1,floor,0,0,1
eb,42,7,6.002143226879753e-16,0.0,6.002143226879753e-16,0.0,0.03845436366548049,0.2745435241435238,3.0547712004776386e-15,3.601582827928983e-14,3.0547712004776386e-15,3.601582827928983e-14,3.122122156115676e-07,0.0,0.0,0,1,floor,0,0,1
eb,42,8,6.869504964868156e-16,0.0,6.869504964868156e-16,0.0,0.03845436299092806,0.2745435512119594,3.049972765499289e-15,3.615416841732714e-14,3.049972765499289e-15,3.615416841732714e-14,1.3511287313955798e-08,0.0,0.0,0,1,floor,0,0,1
eb,42,9,7.73686670285656e-16,0.0,7.73686670285656e-16,0.0,0.03845436296173374,0.2745435523722248,3.0563288394390764e-15,3.599638445271794e-14,3.0563288394390764e-15,3.599638445271794e-14,5.847355357523469e-10,0.0,0.0,0,1,floor,0,0,1
eb,42,10,8.604228440844963e-16,0.0,8.604228440844963e-16,0.0,0.03845436296047027,0.27454355240674067,3.053514779580539e-15,3.6095953936063e-14,3.053514779580539e-15,3.6095953936063e-14,2.530519090307209e-11,0.0,0.0,0,1,floor,0,0,1
eb,43,0,0.0,0.0,0.0,0.0,0.0,0.0,0.0,0.0,0.0,0.0,0.0,0.0,0.0,0,1,floor,0,0,1
eb,43,1,7.979727989493313e-17,0.0,7.979727989493313e-17,0.0,0.011764433969321456,1.045654894575938e-05,3.0522638789036503e-15,3.620737725887167e-14,3.0522638789036503e-15,3.620737725887167e-14,0.2352886793864291,3.6500241499888623e-06,0.0,0,1,floor,0,0,1
eb,43,2,1.6653345369377348e-16,0.0,1.6653345369377348e-16,0.0,0.04214688751359088,0.0662856487992957,3.0514179698244616e-15,3.612185535859091e-14,3.0514179698244616e-15,3.612185535859091e-14,0.6076497701206228,0.023134300720626087,0.0,0,1,floor,0,0,1
eb,43,3,2.5326962749261384e-16,0.0,2.5326962749261384e-16,0.0,0.03862550965545741,0.26565476523627524,3.0522883826892616e-15,3.615788912488063e-14,3.0522883826892616e-15,3.615788912488063e-14,0.07062236173169041,0.06959295263307137,0.0,0,1,floor,0,0,1
eb,43,4,3.400058012914542e-16,0.0,3.400058012914542e-16,0.0,0.03842883373320163,0.27417653745097564,3.0524273355371e-15,3.6177350459725215e-14,3.0524273355371e-15,3.6177350459725215e-14,0.0039403070914974855,0.0029746599881648613,0.0,0,1,floor,0,0,1
eb,43,5,4.2674197509029455e-16,0.0,4.2674197509029455e-16,0.0,0.038420462734103426,0.2745279440516996,3.0515404063576523e-15,3.618390998616174e-14,3.0515404063576523e-15,3.618390998616174e-14,0.00016769304242909996,0.00012265819127572165,0.0,0,1,floor,0,0,1
eb,43,6,5.134781488891349e-16,0.0,5.134781488891349e-16,0.0,0.03842010070088612,0.2745428881048784,3.0502822819928117e-15,3.6221693769877536e-14,3.0502822819928117e-15,3.6221693769877536e-14,7.25211195263785e-06,5.057621821307297e-06,0.0,0,1,floor,0,0,1
eb,43,7,6.002143226879753e-16,0.0,6.002143226879753e-16,0.0,0.038420085034987936,0.2745435241435238,3.0547712004776386e-15,3.601582827928983e-14,3.0547712004776386e-15,3.601582827928983e-14,3.137983755146926e-07,0.0,0.0,0,1,floor,0,0,1
eb,43,8,6.869504964868156e-16,0.0,6.869504964868156e-16,0.0,0.03842008435705615,0.2745435512119594,3.049972765499289e-15,3.615416841732714e-14,3.049972765499289e-15,3.615416841732714e-14,1.3578793041800145e-08,0.0,0.0,0,1,floor,0,0,1
eb,43,9,7.73686670285656e-16,0.0,7.73686670285656e-16,0.0,0.038420084327718027,0.2745435523722248,3.0563288394390764e-15,3.599638445271794e-14,3.0563288394390764e-15,3.599638445271794e-14,5.876080486659463e-10,0.0,0.0,0,1,floor,0,0,1
eb,43,10,8.604228440844963e-16,0.0,8.604228440844963e-16,0.0,0.038420084326448445,0.27454355240674067,3.053514779580539e-15,3.6095953936063e-14,3.053514779580539e-15,3.6095953936063e-14,2.5427448859556562e-11,0.0,0.0,0,1,floor,0,0,1
eb,44,0,0.0,0.0,0.0,0.0,0.0,0.0,0.0,0.0,0.0,0.0,0.0,0.0,0.0,0,1,floor,0,0,1
eb,44,1,7.979727989493313e-17,0.0,7.979727989493313e-17,0.0,0.011764434303969905,1.045654894575938e-05,3.0522638789036503e-15,3.620737725887167e-14,3.0522638789036503e-15,3.620737725887167e-14,0.2352886860793981,3.6500241499888623e-06,0.0,0,1,floor,0,0,1
eb,44,2,1.6653345369377348e-16,0.0,1.6653345369377348e-16,0.0,0.04214825028931844,0.0662856487992957,3.0514179698244616e-15,3.612185535859091e-14,3.0514179698244616e-15,3.612185535859091e-14,0.6076770189006736,0.023134300720626087,0.0,0,1,floor,0,0,1
eb,44,3,2.5326962749261384e-16,0.0,2.5326962749261384e-16,0.0,0.03863095766405037,0.26565476523627524,3.0522883826892616e-15,3.615788912488063e-14,3.0522883826892616e-15,3.615788912488063e-14,0.07054086643984879,0.06959295263307137,0.0,0,1,floor,0,0,1
eb,44,4,3.400058012914542e-16,0.0,3.400058012914542e-16,0.0,0.03843445695653896,0.27417653745097564,3.0524273355371e-15,3.6177350459725215e-14,3.0524273355371e-15,3.6177350459725215e-14,0.003936807801546131,0.0029746599881648613,0.0,0,1,floor,0,0,1
eb,44,5,4.2674197509029455e-16,0.0,4.2674197509029455e-16,0.0,0.038426093222406726,0.2745279440516996,3.0515404063576523e-15,3.618390998616174e-14,3.0515404063576523e-15,3.618390998616174e-14,0.0001675479368614893,0.00012265819127572165,0.0,0,1,floor,0,0,1
eb,44,6,5.134781488891349e-16,0.0,5.134781488891349e-16,0.0,0.0384257314995496,0.2745428881048784,3.0502822819928117e-15,3.6221693769877536e-14,3.0502822819928117e-15,3.6221693769877536e-14,7.245912738380303e-06,5.057621821307297e-06,0.0,0,1,floor,0,0,1
eb,44,7,6.002143226879753e-16,0.0,6.002143226879753e-16,0.0,0.038425715846921366,0.2745435241435238,3.0547712004776386e-15,3.601582827928983e-14,3.0547712004776386e-15,3.601582827928983e-14,3.1353330652131644e-07,0.0,0.0,0,1,floor,0,0,1
eb,44,8,6.869504964868156e-16,0.0,6.869504964868156e-16,0.0,0.038425715169556965,0.2745435512119594,3.049972765499289e-15,3.615416841732714e-14,3.049972765499289e-15,3.615416841732714e-14,1.356745891059728e-08,0.0,0.0,0,1,floor,0,0,1
eb,44,9,7.73686670285656e-16,0.0,7.73686670285656e-16,0.0,0.03842571514024311,0.2745435523722248,3.0563288394390764e-15,3.599638445271794e-14,3.0563288394390764e-15,3.599638445271794e-14,5.871234671527238e-10,0.0,0.0,0,1,floor,0,0,1
eb,44,10,8.604228440844963e-16,0.0,8.604228440844963e-16,0.0,0.03842571513897456,0.27454355240674067,3.053514779580539e-15,3.6095953936063e-14,3.053514779580539e-15,3.6095953936063e-14,2.5406677096210024e-11,0.0,0.0,0,1,floor,0,0,1
eb,45,0,0.0,0.0,0.0,0.0,0.0,0.0,0.0,0.0,0.0,0.0,0.0,0.0,0.0,0,1,floor,0,0,1
eb,45,1,7.979727989493313e-17,0.0,7.979727989493313e-17,0.0,0.01176443327183434,1.045654894575938e-05,3.0522638789036503e-15,3.620737725887167e-14,3.0522638789036503e-15,3.620737725887167e-14,0.23528866543668678,3.6500241499888623e-06,0.0,0,1,floor,0,0,1
eb,45,2,1.6653345369377348e-16,0.0,1.6653345369377348e-16,0.0,0.04214435475219887,0.0662856487992957,3.0544050023514547e-15,3.599155220365676e-14,3.0544050023514547e-15,3.599155220365676e-14,0.6075991289196991,0.023134300720626087,0.0,0,1,floor,0,0,1
eb,45,3,2.5326962749261384e-16,0.0,2.5326962749261384e-16,0.0,0.03861539336103031,0.26565476523627524,3.049819857295691e-15,3.628454673620168e-14,3.049819857295691e-15,3.628454673620168e-14,0.07077364503982363,0.06959295263307137,0.0,0,1,floor,0,0,1
eb,45,4,3.400058012914542e-16,0.0,3.400058012914542e-16,0.0,0.038418391779209436,0.27417653745097564,3.0523838298522694e-15,3.616898730331993e-14,3.0523838298522694e-15,3.616898730331993e-14,0.003946811005082473,0.0029746599881648613,0.0,0,1,floor,0,0,1
eb,45,5,4.2674197509029455e-16,0.0,4.2674197509029455e-16,0.0,0.038410007250745164,0.2745279440516996,3.052942551646401e-15,3.6162500165572146e-14,3.052942551646401e-15,3.6162500165572146e-14,0.00016796326983382795,0.00012265819127572165,0.0,0,1,floor,0,0,1
eb,45,6,5.134781488891349e-16,0.0,5.134781488891349e-16,0.0,0.038409644638620066,0.2745428881048784,3.055040573496892e-15,3.6073261475629027e-14,3.055040573496892e-15,3.6073261475629027e-14,7.263675241780153e-06,5.057621821307297e-06,0.0,0,1,floor,0,0,1
eb,45,7,6.002143226879753e-16,0.0,6.002143226879753e-16,0.0,0.038409628947929826,0.2745435241435238,3.055421940471083e-15,3.6092564241561244e-14,3.055421940471083e-15,3.6092564241561244e-14,3.142936016306797e-07,0.0,0.0,0,1,floor,0,0,1
eb,45,8,6.869504964868156e-16,0.0,6.869504964868156e-16,0.0,0.03840962826893631,0.2745435512119594,3.055548499778131e-15,3.6137135026039613e-14,3.055548499778131e-15,3.6137135026039613e-14,1.3600002164892092e-08,0.0,0.0,0,1,floor,0,0,1
eb,45,9,7.73686670285656e-16,0.0,7.73686670285656e-16,0.0,0.03840962823955273,0.2745435523722248,3.0510272143547547e-15,3.615183986451091e-14,3.0510272143547547e-15,3.615183986451091e-14,5.885162131921609e-10,0.0,0.0,0,1,floor,0,0,1
eb,45,10,8.604228440844963e-16,0.0,8.604228440844963e-16,0.0,0.03840962823828119,0.27454355240674067,3.0525377706966073e-15,3.625192825673658e-14,3.0525377706966073e-15,3.625192825673658e-14,2.5466546606249667e-11,0.0,0.0,0,1,floor,0,0,1
eb,46,0,0.0,0.0,0.0,0.0,0.0,0.0,0.0,0.0,0.0,0.0,0.0,0.0,0.0,0,1,floor,0,0,1
eb,46,1,7.979727989493313e-17,0.0,7.979727989493313e-17,0.0,0.011764437064244175,1.045654894575938e-05,3.0522638789036503e-15,3.620737725887167e-14,3.0522638789036503e-15,3.620737725887167e-14,0.2352887412848835,3.6500241499888623e-06,0.0,0,1,floor,0,0,1
eb,46,2,1.6653345369377348e-16,0.0,1.6653345369377348e-16,0.0,0.042165559734029454,0.0662856487992957,3.0544050023514547e-15,3.599155220365676e-14,3.0544050023514547e-15,3.599155220365676e-14,0.6080231520617831,0.023134300720626087,0.0,0,1,floor,0,0,1
eb,46,3,2.5326962749261384e-16,0.0,2.5326962749261384e-16,0.0,0.03870033372134875,0.26565476523627524,3.049819857295691e-15,3.628454673620168e-14,3.049819857295691e-15,3.628454673620168e-14,0.06950224619938476,0.06959295263307137,0.0,0,1,floor,0,0,1
eb,46,4,3.400058012914542e-16,0.0,3.400058012914542e-16,0.0,0.03850605817846368,0.27417653745097564,3.0523838298522694e-15,3.616898730331993e-14,3.0523838298522694e-15,3.616898730331993e-14,0.003892368891786935,0.0029746599881648613,0.0,0,1,floor,0,0,1
eb,46,5,4.2674197509029455e-16,0.0,4.2674197509029455e-16,0.0,0.03849778618444207,0.2745279440516996,3.052942551646401e-15,3.6162500165572146e-14,3.052942551646401e-15,3.6162500165572146e-14,0.00016571561146240486,0.00012265819127572165,0.0,0,1,floor,0,0,1
eb,46,6,5.134781488891349e-16,0.0,5.134781488891349e-16,0.0,0.03849742836234882,0.2745428881048784,3.055040573496892e-15,3.6073261475629027e-14,3.055040573496892e-15,3.6073261475629027e-14,7.1679990710826394e-06,5.057621821307297e-06,0.0,0,1,floor,0,0,1
eb,46,7,6.002143226879753e-16,0.0,6.002143226879753e-16,0.0,0.03849741287571728,0.2745435241435238,3.055421940471083e-15,3.6092564241561244e-14,3.055421940471083e-15,3.6092564241561244e-14,3.102175472846044e-07,0.0,0.0,0,1,floor,0,0,1
eb,46,8,6.869504964868156e-16,0.0,6.869504964868156e-16,0.0,0.038497412205416165,0.2745435512119594,3.055548499778131e-15,3.6137135026039613e-14,3.055548499778131e-15,3.6137135026039613e-14,1.3426364641663724e-08,0.0,0.0,0,1,floor,0,0,1
eb,46,9,7.73686670285656e-16,0.0,7.73686670285656e-16,0.0,0.038497412176402804,0.2745435523722248,3.0510272143547547e-15,3.615183986451091e-14,3.0510272143547547e-15,3.615183986451091e-14,5.811203996776351e-10,0.0,0.0,0,1,floor,0,0,1
eb,46,10,8.604228440844963e-16,0.0,8.604228440844963e-16,0.0,0.038497412175147044,0.27454355240674067,3.0525377706966073e-15,3.625192825673658e-14,3.0525377706966073e-15,3.625192825673658e-14,2.5151349402405152e-11,0.0,0.0,0,1,floor,0,0,1
eb,47,0,0.0,0.0,0.0,0.0,0.0,0.0,0.0,0.0,0.0,0.0,0.0,0.0,0.0,0,1,floor,0,0,1
eb,47,1,7.979727989493313e-17,0.0,7.979727989493313e-17,0.0,0.011764435951581217,1.045654894575938e-05,3.0522638789036503e-15,3.620737725887167e-14,3.0522638789036503e-15,3.620737725887167e-14,0.23528871903162432,3.6500241499888623e-06,0.0,0,1,floor,0,0,1
eb,47,2,1.6653345369377348e-16,0.0,1.6653345369377348e-16,0.0,0.04215975376507293,0.0662856487992957,3.0514179698244616e-15,3.612185535859091e-14,3.0514179698244616e-15,3.612185535859091e-14,0.6079070551127456,0.023134300720626087,0.0,0,1,floor,0,0,1
eb,47,3,2.5326962749261384e-16,0.0,2.5326962749261384e-16,0.0,0.03867708572249367,0.26565476523627524,3.0522883826892616e-15,3.615788912488063e-14,3.0522883826892616e-15,3.615788912488063e-14,0.06985016920056872,0.06959295263307137,0.0,0,1,floor,0,0,1
eb,47,4,3.400058012914542e-16,0.0,3.400058012914542e-16,0.0,0.038482063767066615,0.27417653745097564,3.0524273355371e-15,3.6177350459725215e-14,3.0524273355371e-15,3.6177350459725215e-14,0.003907275372407854,0.0029746599881648613,0.0,0,1,floor,0,0,1
eb,47,5,4.2674197509029455e-16,0.0,4.2674197509029455e-16,0.0,0.03847376093411806,0.2745279440516996,3.0515404063576523e-15,3.618390998616174e-14,3.0515404063576523e-15,3.618390998616174e-14,0.00016633155080252976,0.00012265819127572165,0.0,0,1,floor,0,0,1
eb,47,6,5.134781488891349e-16,0.0,5.134781488891349e-16,0.0,0.03847340179844437,0.2745428881048784,3.0502822819928117e-15,3.6221693769877536e-14,3.0502822819928117e-15,3.6221693769877536e-14,7.194236192204893e-06,5.057621821307297e-06,0.0,0,1,floor,0,0,1
eb,47,7,6.002143226879753e-16,0.0,6.002143226879753e-16,0.0,0.038473386255813834,0.2745435241435238,3.0547712004776386e-15,3.601582827928983e-14,3.0547712004776386e-15,3.601582827928983e-14,3.1133610772991115e-07,0.0,0.0,0,1,floor,0,0,1
eb,47,8,6.869504964868156e-16,0.0,6.869504964868156e-16,0.0,0.03847338558312558,0.2745435512119594,3.049972765499289e-15,3.615416841732714e-14,3.049972765499289e-15,3.615416841732714e-14,1.3474049079737598e-08,0.0,0.0,0,1,floor,0,0,1
eb,47,9,7.73686670285656e-16,0.0,7.73686670285656e-16,0.0,0.03847338555401048,0.2745435523722248,3.0563288394390764e-15,3.599638445271794e-14,3.0563288394390764e-15,3.599638445271794e-14,5.831529299069444e-10,0.0,0.0,0,1,floor,0,0,1
eb,47,10,8.604228440844963e-16,0.0,8.604228440844963e-16,0.0,0.038473385552750365,0.27454355240674067,3.053514779580539e-15,3.6095953936063e-14,3.053514779580539e-15,3.6095953936063e-14,2.5238113412492306e-11,0.0,0.0,0,1,floor,0,0,1
eb,48,0,0.0,0.0,0.0,0.0,0.0,0.0,0.0,0.0,0.0,0.0,0.0,0.0,0.0,0,1,floor,0,0,1
eb,48,1,7.979727989493313e-17,0.0,7.979727989493313e-17,0.0,0.011764435431054196,1.045654894575938e-05,3.0522638789036503e-15,3.620737725887167e-14,3.0522638789036503e-15,3.620737725887167e-14,0.23528870862108392,3.6500241499888623e-06,0.0,0,1,floor,0,0,1
eb,48,2,1.6653345369377348e-16,0.0,1.6653345369377348e-16,0.0,0.04215503253820014,0.0662856487992957,3.0544050023514547e-15,3.599155220365676e-14,3.0544050023514547e-15,3.599155220365676e-14,0.6078126411298145,0.023134300720626087,0.0,0,1,floor,0,0,1
eb,48,3,2.5326962749261384e-16,0.0,2.5326962749261384e-16,0.0,0.038658135412944994,0.26565476523627524,3.049819857295691e-15,3.628454673620168e-14,3.049819857295691e-15,3.628454673620168e-14,0.07013400909389281,0.06959295263307137,0.0,0,1,floor,0,0,1
eb,48,4,3.400058012914542e-16,0.0,3.400058012914542e-16,0.0,0.03846250658789663,0.27417653745097564,3.0523838298522694e-15,3.616898730331993e-14,3.0523838298522694e-15,3.616898730331993e-14,0.0039193951954363095,0.0029746599881648613,0.0,0,1,floor,0,0,1
eb,48,5,4.2674197509029455e-16,0.0,4.2674197509029455e-16,0.0,0.03845417881610127,0.2745279440516996,3.052942551646401e-15,3.6162500165572146e-14,3.052942551646401e-15,3.6162500165572146e-14,0.00016682965416349403,0.00012265819127572165,0.0,0,1,floor,0,0,1
eb,48,6,5.134781488891349e-16,0.0,5.134781488891349e-16,0.0,0.038453818622917746,0.2745428881048784,3.055040573496892e-15,3.6073261475629027e-14,3.055040573496892e-15,3.6073261475629027e-14,7.21535883501879e-06,5.057621821307297e-06,0.0,0,1,floor,0,0,1
eb,48,7,6.002143226879753e-16,0.0,6.002143226879753e-16,0.0,0.03845380303540896,0.2745435241435238,3.055421940471083e-15,3.6092564241561244e-14,3.055421940471083e-15,3.6092564241561244e-14,3.1223254398040225e-07,0.0,0.0,0,1,floor,0,0,1
eb,48,8,6.869504964868156e-16,0.0,6.869504964868156e-16,0.0,0.0384538023608165,0.2745435512119594,3.055548499778131e-15,3.6137135026039613e-14,3.055548499778131e-15,3.6137135026039613e-14,1.3512087042387145e-08,0.0,0.0,0,1,floor,0,0,1
eb,48,9,7.73686670285656e-16,0.0,7.73686670285656e-16,0.0,0.03845380233162062,0.2745435523722248,3.0510272143547547e-15,3.615183986451091e-14,3.0510272143547547e-15,3.615183986451091e-14,5.847665906319916e-10,0.0,0.0,0,1,floor,0,0,1
eb,48,10,8.604228440844963e-16,0.0,8.604228440844963e-16,0.0,0.038453802330357084,0.27454355240674067,3.0525377706966073e-15,3.625192825673658e-14,3.0525377706966073e-15,3.625192825673658e-14,2.53065774952609e-11,0.0,0.0,0,1,floor,0,0,1
eb,49,0,0.0,0.0,0.0,0.0,0.0,0.0,0.0,0.0,0.0,0.0,0.0,0.0,0.0,0,1,floor,0,0,1
eb,49,1,7.979727989493313e-17,0.0,7.979727989493313e-17,0.0,0.011764436598437981,1.045654894575938e-05,3.0522638789036503e-15,3.620737725887167e-14,3.0522638789036503e-15,3.620737725887167e-14,0.2352887319687596,3.6500241499888623e-06,0.0,0,1,floor,0,0,1
eb,49,2,1.6653345369377348e-16,0.0,1.6653345369377348e-16,0.0,0.04216478981232528,0.0662856487992957,3.0514179698244616e-15,3.612185535859091e-14,3.0514179698244616e-15,3.612185535859091e-14,0.6080077629671617,0.023134300720626087,0.0,0,1,floor,0,0,1
eb,49,3,2.5326962749261384e-16,0.0,2.5326962749261384e-16,0.0,0.03869728875798131,0.26565476523627524,3.0522883826892616e-15,3.615788912488063e-14,3.0522883826892616e-15,3.615788912488063e-14,0.06954762683494362,0.06959295263307137,0.0,0,1,floor,0,0,1
eb,49,4,3.400058012914542e-16,0.0,3.400058012914542e-16,0.0,0.038502914160662566,0.27417653745097564,3.0524273355371e-15,3.6177350459725215e-14,3.0524273355371e-15,3.6177350459725215e-14,0.0038943470797769405,0.0029746599881648613,0.0,0,1,floor,0,0,1
eb,49,5,4.2674197509029455e-16,0.0,4.2674197509029455e-16,0.0,0.03849463796252599,0.2745279440516996,3.0515404063576523e-15,3.618390998616174e-14,3.0515404063576523e-15,3.618390998616174e-14,0.00016579957876498722,0.00012265819127572165,0.0,0,1,floor,0,0,1
eb,49,6,5.134781488891349e-16,0.0,5.134781488891349e-16,0.0,0.03849427995741866,0.2745428881048784,3.0502822819928117e-15,3.6221693769877536e-14,3.0502822819928117e-15,3.6221693769877536e-14,7.1716545179927425e-06,5.057621821307297e-06,0.0,0,1,floor,0,0,1
eb,49,7,6.002143226879753e-16,0.0,6.002143226879753e-16,0.0,0.03849426446281591,0.2745435241435238,3.0547712004776386e-15,3.601582827928983e-14,3.0547712004776386e-15,3.601582827928983e-14,3.103767678082456e-07,0.0,0.0,0,1,floor,0,0,1
eb,49,8,6.869504964868156e-16,0.0,6.869504964868156e-16,0.0,0.03849426379216765,0.2745435512119594,3.049972765499289e-15,3.615416841732714e-14,3.049972765499289e-15,3.615416841732714e-14,1.3433299042410605e-08,0.0,0.0,0,1,floor,0,0,1
eb,49,9,7.73686670285656e-16,0.0,7.73686670285656e-16,0.0,0.038494263763139185,0.2745435523722248,3.0563288394390764e-15,3.599638445271794e-14,3.0563288394390764e-15,3.599638445271794e-14,5.814222971765622e-10,0.0,0.0,0,1,floor,0,0,1
eb,49,10,8.604228440844963e-16,0.0,8.604228440844963e-16,0.0,0.03849426376188276,0.27454355240674067,3.053514779580539e-15,3.6095953936063e-14,3.053514779580539e-15,3.6095953936063e-14,2.5164356967861705e-11,0.0,0.0,0,1,floor,0,0,1
er,0,0,0.0,0.0,0.0,0.0,0.0,0.0,0.0,0.0,0.0,0.0,0.0,0.0,0.0,1,1,basket_1_main,0,0,1
er,0,1,1.3230102922622933e-07,4.1669052350376885e-05,0.011764660468801697,9.166046429243471e-05,1.3230102922622933e-07,4.1669052350376885e-05,2.6460205845245864e-06,1.4545243193999168e-05,0.4898795265932269,0.00024200270378243164,2.6460205845245864e-06,1.4545243193999168e-05,1.7991334919529454e-07,1,1,basket_1_main,0,0,1
er,0,2,5.523366696831507e-05,0.04278911189332579,0.0424983398988427,0.08101513597931206,5.523366696831507e-05,0.04278911189332579,0.0011041538423787994,0.014950363631543506,0.04773287816133622,0.37895714146111786,0.0011041538423787994,0.014950363631543506,8.88636679811024e-06,1,1,basket_1_main,0,0,1
er,0,3,1.8622336586503287e-06,0.0017243273006891488,0.03991646373053668,0.26638226985808894,1.8622336586503287e-06,0.0017243273006891488,0.0011351554577857946,0.015266427742477938,0.009776877648403914,0.009680162979106729,0.0011351554577857946,0.015266427742477938,3.1807516498912374e-06,1,1,basket_1_main,0,0,1
er,0,4,5.893544254816319e-07,0.0014257411502161261,0.03976122457537194,0.2749600964674459,5.893544254816319e-07,0.0014257411502161261,2.5985650924953647e-05,0.0003383344663059343,0.0004087934628454724,0.0003930954611378735,2.5985650924953647e-05,0.0003383344663059343,3.4576853965470943e-06,1,1,basket_1_main,0,0,1
er,0,5,5.885096156752783e-07,0.001425746774103755,0.039754636131147714,0.275325925055729,5.885096156752783e-07,0.001425746774103755,5.935924851061126e-08,0.0,1.763043473332278e-05,1.71630917039124e-05,5.935924851061126e-08,0.0,3.5025716032939773e-06,1,1,basket_1_main,0,0,1
er,0,6,5.885084638263131e-07,0.0014257462628421596,0.03975435188356831,0.27534190515293483,5.885084638263131e-07,0.0014257462628421596,2.5025817025246226e-09,4.2146848510894033e-07,7.611045786597132e-07,7.499680058041737e-07,2.5025817025246226e-09,4.2146848510894033e-07,3.505680029882007e-06,1,1,basket_1_main,0,0,1
er,0,7,5.885084407496574e-07,0.0014257442177939466,0.03975433961368413,0.2753426033803335,5.885084407496574e-07,0.0014257442177939466,1.031984838890206e-10,0.0,3.285881527717245e-08,3.276176275178303e-08,1.031984838890206e-10,0.0,3.505864014789128e-06,1,1,basket_1_main,0,0,1
er,0,8,5.88508443352224e-07,0.001425746774103755,0.039754339084028284,0.2753426338806187,5.88508443352224e-07,0.001425746774103755,2.0239162981992525e-12,0.0,1.4191616935447884e-09,1.4307354006446582e-09,2.0239162981992525e-12,0.0,3.5058741160954092e-06,1,1,basket_1_main,0,0,1
er,0,9,5.885084471610058e-07,0.0014257452403184199,0.039754339061167585,0.2753426352122429,5.885084471610058e-07,0.0014257452403184199,6.332398925659489e-12,0.0,6.21809348237727e-11,6.24920710339416e-11,6.332398925659489e-12,0.0,3.5058746459586575e-06,1,1,basket_1_main,0,0,1
er,0,10,5.885084510527934e-07,0.0014257406389525146,0.03975433906018405,0.2753426352546007,5.885084510527934e-07,0.0014257406389525146,6.52856551243124e-12,0.0,7.273977469276712e-12,2.7214903223716196e-12,6.52856551243124e-12,0.0,3.5058746729196705e-06,1,1,basket_1_main,0,0,1
er,1,0,0.0,0.0,0.0,0.0,0.0,0.0,0.0,0.0,0.0,0.0,0.0,0.0,0.0,1,1,basket_1_main,0,0,1
er,1,1,1.3230102944785775e-07,4.168654198487225e-05,0.011764660468801407,9.16763679039524e-05,1.3230102944785775e-07,4.168654198487225e-05,2.6460205889571547e-06,1.4551348228137459e-05,0.48987952659324296,0.0002420027080882833,2.6460205889571547e-06,1.4551348228137459e-05,1.7991334922718734e-07,1,1,basket_1_main,0,0,1
er,1,2,5.5233666966853604e-05,0.04278911201257357,0.04249833989884089,0.08101513603329676,5.5233666966853604e-05,0.04278911201257357,0.0011041538423521183,0.01495036366124775,0.04773287816034005,0.3789571414776533,0.0011041538423521183,0.01495036366124775,8.886366798592316e-06,1,1,basket_1_main,0,0,1
er,1,3,1.8622336683850301e-06,0.0017243306825469851,0.03991646373053687,0.26638226987724384,1.8622336683850301e-06,0.0017243306825469851,0.0011351554579412321,0.01526642781229219,0.00977687764841743,0.009680162977737028,0.0011351554579412321,0.01526642781229219,3.180751650170829e-06,1,1,basket_1_main,0,0,1
er,1,4,5.89354438889383e-07,0.0014257370601020994,0.03976122457537194,0.2749600964833521,5.89354438889383e-07,0.0014257370601020994,2.5985650861918593e-05,0.0003383336787602877,0.0004087934628476583,0.0003930954611519932,2.5985650861918593e-05,0.0003383336787602877,3.457685396789095e-06,1,1,basket_1_main,0,0,1
er,1,5,5.885096290970565e-07,0.0014257518867096216,0.03975463613114774,0.2753259250795568,5.885096290970565e-07,0.0014257518867096216,5.935925013257026e-08,0.0,1.7630434732802812e-05,1.716309171725056e-05,5.935925013257026e-08,0.0,3.502571603531604e-06,1,1,basket_1_main,0,0,1
er,1,6,5.885084772658922e-07,0.0014257431952687397,0.039754351883568156,0.2753419051344032,5.885084772658922e-07,0.0014257431952687397,2.502581021267928e-09,5.960464477539062e-07,7.611045758400541e-07,7.499679718960391e-07,2.502581021267928e-09,5.960464477539062e-07,3.505680030119562e-06,1,1,basket_1_main,0,0,1
er,1,7,5.885084541652799e-07,0.0014257396164247412,0.039754339613683964,0.27534260335385985,5.885084541652799e-07,0.0014257396164247412,1.031984844572378e-10,0.0,3.28588174601739e-08,3.276175839943115e-08,1.031984844572378e-10,0.0,3.5058640150272747e-06,1,1,basket_1_main,0,0,1
er,1,8,5.885084567481198e-07,0.0014257426840058615,0.03975433908402813,0.27534263385943974,5.885084567481198e-07,0.0014257426840058615,2.0237895146227182e-12,0.0,1.4191651181944125e-09,1.430709748819621e-09,2.0237895146227182e-12,0.0,3.5058741163317886e-06,1,1,basket_1_main,0,0,1
er,1,9,5.885084605561926e-07,0.0014257421727428,0.03975433906116744,0.2753426351937114,5.885084605561926e-07,0.0014257421727428,6.33115017134242e-12,0.0,6.21791742152659e-11,6.24912920526828e-11,6.33115017134242e-12,0.0,3.5058746461957297e-06,1,1,basket_1_main,0,0,1
er,1,10,5.88508464466708e-07,0.0014257375713669944,0.0397543390601839,0.2753426352387165,5.88508464466708e-07,0.0014257375713669944,6.52870750174265e-12,0.0,7.273936367148144e-12,2.7215720026399744e-12,6.52870750174265e-12,0.0,3.5058746731564755e-06,1,1,basket_1_main,0,0,1
er,2,0,0.0,0.0,0.0,0.0,0.0,0.0,0.0,0.0,0.0,0.0,0.0,0.0,0.0,1,1,basket_1_main,0,0,1
er,2,1,1.3230102932504965e-07,4.172149925892707e-05,0.011764660468801782,9.168431867521786e-05,1.3230102932504965e-07,4.172149925892707e-05,2.646020586500993e-06,1.456355061873303e-05,0.48987952659322503,0.00024200270039657933,2.646020586500993e-06,1.456355061873303e-05,1.7991334919212264e-07,1,1,basket_1_main,0,0,1
er,2,2,5.5233666968263745e-05,0.04278911192739659,0.04249833989884319,0.08101513602429931,5.5233666968263745e-05,0.04278911192739659,0.001104153842377501,0.01495036366124775,0.047732878161200795,0.3789571414669867,0.001104153842377501,0.01495036366124775,8.886366798313939e-06,1,1,basket_1_main,0,0,1
er,2,3,1.862233651619329e-06,0.0017243353325906807,0.039916463730536686,0.26638226987724384,1.862233651619329e-06,0.0017243353325906807,0.0011351554576487328,0.015266427870470733,0.009776877648398024,0.009680162979379047,0.0011351554576487328,0.015266427870470733,3.180751649413371e-06,1,1,basket_1_main,0,0,1
er,2,4,5.893544175106464e-07,0.0014257452403184199,0.039761224575372005,0.2749600964939563,5.893544175106464e-07,0.0014257452403184199,2.59856509400367e-05,0.00033834181664357127,0.0004087934628478613,0.0003930954611234823,2.59856509400367e-05,0.00033834181664357127,3.4576853961217185e-06,1,1,basket_1_main,0,0,1
er,2,5,5.885096077220314e-07,0.0014257442177939466,0.03975463613114769,0.27532592504778647,5.885096077220314e-07,0.0014257442177939466,5.9359248526433923e-08,0.0,1.7630434739842947e-05,1.716309171239315e-05,5.9359248526433923e-08,0.0,3.5025716028773765e-06,1,1,basket_1_main,0,0,1
er,2,6,5.885084558839919e-07,0.0014257431952687397,0.03975435188356823,0.2753419051396979,5.885084558839919e-07,0.0014257431952687397,2.5025803497852812e-09,0.0,7.611045786947883e-07,7.499680038570332e-07,2.5025803497852812e-09,0.0,3.5056800296061516e-06,1,1,basket_1_main,0,0,1
er,2,7,5.885084327940115e-07,0.0014257401276887196,0.03975433961368402,0.27534260336444927,5.885084327940115e-07,0.0014257401276887196,1.031979402128456e-10,0.0,3.285881660126047e-08,3.276175078637529e-08,1.031979402128456e-10,0.0,3.5058640146121455e-06,1,1,basket_1_main,0,0,1
er,2,8,5.885084353636497e-07,0.0014257437065314346,0.039754339084028194,0.2753426338700292,5.885084353636497e-07,0.0014257437065314346,2.022904449419351e-12,0.0,1.4191606388949442e-09,1.430749124925987e-09,2.022904449419351e-12,0.0,3.505874115917957e-06,1,1,basket_1_main,0,0,1
er,2,9,5.885084391763075e-07,0.0014257421727428,0.039754339061167494,0.27534263520430075,5.885084391763075e-07,0.0014257421727428,6.332399885384661e-12,0.0,6.217883982040978e-11,6.248781256280403e-11,6.332399885384661e-12,0.0,3.5058746457824797e-06,1,1,basket_1_main,0,0,1
er,2,10,5.885084430797055e-07,0.0014257447290562748,0.03975433906018394,0.27534263524665864,5.885084430797055e-07,0.0014257447290562748,6.525498286895815e-12,0.0,7.274513810047773e-12,2.730355659472286e-12,6.525498286895815e-12,0.0,3.50587467274186e-06,1,1,basket_1_main,0,0,1
er,3,0,0.0,0.0,0.0,0.0,0.0,0.0,0.0,0.0,0.0,0.0,0.0,0.0,0.0,1,1,basket_1_main,0,0,1
er,3,1,1.3230102924012517e-07,4.168654198487225e-05,0.011764660468801683,9.16763679039524e-05,1.3230102924012517e-07,4.168654198487225e-05,2.6460205848025034e-06,1.4551348228137459e-05,0.4898795265932305,0.00024200270221383963,2.6460205848025034e-06,1.4551348228137459e-05,1.7991334919849127e-07,1,1,basket_1_main,0,0,1
er,3,2,5.5233666969425935e-05,0.04278911199553818,0.04249833989884241,0.08101513602429931,5.5233666969425935e-05,0.04278911199553818,0.0011041538424026844,0.01495036367312945,0.04773287816099929,0.37895714147114107,0.0011041538424026844,0.01495036367312945,8.886366798178988e-06,1,1,basket_1_main,0,0,1
er,3,3,1.8622336607496297e-06,0.0017243311052787483,0.03991646373053687,0.26638226987724384,1.8622336607496297e-06,0.0017243311052787483,0.0011351554578420923,0.015266427829745752,0.009776877648403537,0.009680162978468337,0.0011351554578420923,0.015266427829745752,3.1807516501404807e-06,1,1,basket_1_main,0,0,1
er,3,4,5.893544288461238e-07,0.0014257416614795548,0.03976122457537214,0.27496009650721154,5.893544288461238e-07,0.0014257416614795548,2.598565089894948e-05,0.00033833709144485014,0.000408793462844505,0.0003930954611522602,2.598565089894948e-05,0.00033833709144485014,3.457685396784079e-06,1,1,basket_1_main,0,0,1
er,3,5,5.885096190298517e-07,0.0014257483078874398,0.03975463613114778,0.27532592505837655,5.885096190298517e-07,0.0014257483078874398,5.9359249849085274e-08,0.0,1.7630434735076045e-05,1.7163091725433352e-05,5.9359249849085274e-08,0.0,3.502571603525686e-06,1,1,basket_1_main,0,0,1
er,3,6,5.885084671846274e-07,0.001425746774103755,0.03975435188356834,0.27534190515028745,5.885084671846274e-07,0.001425746774103755,2.5025815452125577e-09,8.429369702178807e-07,7.611045778494287e-07,7.499680042710598e-07,2.5025815452125577e-09,8.429369702178807e-07,3.5056800302520308e-06,1,1,basket_1_main,0,0,1
er,3,7,5.885084440761606e-07,0.0014257426840058615,0.03975433961368413,0.27534260336709665,5.885084440761606e-07,0.0014257426840058615,1.0319788538393573e-10,0.0,3.2858816476519465e-08,3.276178496792409e-08,1.0319788538393573e-10,0.0,3.505864015258528e-06,1,1,basket_1_main,0,0,1
er,3,8,5.885084466916398e-07,0.001425746774103755,0.03975433908402831,0.2753426338753239,5.885084466916398e-07,0.001425746774103755,2.0249269413200136e-12,0.0,1.4191620355617726e-09,1.430718428277327e-09,2.0249269413200136e-12,0.0,3.5058741165642488e-06,1,1,basket_1_main,0,0,1
er,3,9,5.885084504941658e-07,0.0014257452403184199,0.03975433906116763,0.27534263520959557,5.885084504941658e-07,0.0014257452403184199,6.332259655400289e-12,0.0,6.217834138404201e-11,6.2474572217645e-11,6.332259655400289e-12,0.0,3.505874646427453e-06,1,1,basket_1_main,0,0,1
er,3,10,5.885084544132996e-07,0.0014257406389525146,0.039754339060184066,0.2753426352546007,5.885084544132996e-07,0.0014257406389525146,6.527046477867701e-12,0.0,7.274509935178155e-12,2.7271334300120055e-12,6.527046477867701e-12,0.0,3.5058746733878624e-06,1,1,basket_1_main,0,0,1
er,4,0,0.0,0.0,0.0,0.0,0.0,0.0,0.0,0.0,0.0,0.0,0.0,0.0,0.0,1,1,basket_1_main,0,0,1
er,4,1,1.3230102939263091e-07,4.172149925892707e-05,0.011764660468801669,9.168431867521786e-05,1.3230102939263091e-07,4.172149925892707e-05,2.6460205878526183e-06,1.456355061873303e-05,0.48987952659323103,0.00024200270300402764,2.6460205878526183e-06,1.456355061873303e-05,1.799133492048599e-07,1,1,basket_1_main,0,0,1
er,4,2,5.523366696791605e-05,0.04278911194443198,0.04249833989884295,0.08101513601530186,5.523366696791605e-05,0.04278911194443198,0.0011041538423724663,0.01495036366124775,0.04773287816098203,0.3789571414785559,0.0011041538423724663,0.01495036366124775,8.88636679822374e-06,1,1,basket_1_main,0,0,1
er,4,3,1.862233653546464e-06,0.0017243357553213038,0.039916463730536665,0.26638226987724384,1.862233653546464e-06,0.0017243357553213038,0.0011351554576752181,0.015266427876288584,0.009776877648400526,0.009680162979448369,0.0011351554576752181,0.015266427876288584,3.180751649179887e-06,1,1,basket_1_main,0,0,1
er,4,4,5.893544192647831e-07,0.0014257447290562748,0.039761224575372,0.2749600964886542,5.893544192647831e-07,0.0014257447290562748,2.598565094155607e-05,0.00033834129162474993,0.0004087934628469648,0.00039309546113919474,2.598565094155607e-05,0.00033834129162474993,3.457685395890199e-06,1,1,basket_1_main,0,0,1
er,4,5,5.885096094594189e-07,0.0014257442177939466,0.0397546361311478,0.2753259250424914,5.885096094594189e-07,0.0014257442177939466,5.9359248492400014e-08,0.0,1.7630434754338452e-05,1.7163091717361687e-05,5.9359248492400014e-08,0.0,3.50257160265163e-06,1,1,basket_1_main,0,0,1
er,4,6,5.885084576370689e-07,0.0014257426840058615,0.03975435188356821,0.2753419051370506,5.885084576370689e-07,0.0014257426840058615,2.502582058372711e-09,0.0,7.611045764978384e-07,7.499679930112498e-07,2.502582058372711e-09,0.0,3.5056800292419728e-06,1,1,basket_1_main,0,0,1
er,4,7,5.885084345261233e-07,0.0014257406389525146,0.03975433961368405,0.27534260336444927,5.885084345261233e-07,0.0014257406389525146,1.0319873123659308e-10,0.0,3.285881490871317e-08,3.276175165935903e-08,1.0319873123659308e-10,0.0,3.5058640141485224e-06,1,1,basket_1_main,0,0,1
er,4,8,5.885084371157364e-07,0.0014257447290562748,0.03975433908402823,0.2753426338700292,5.885084371157364e-07,0.0014257447290562748,2.024028333231436e-12,0.0,1.4191638136422085e-09,1.4307224569650233e-09,2.024028333231436e-12,0.0,3.5058741154536425e-06,1,1,basket_1_main,0,0,1
er,4,9,5.885084409065304e-07,0.0014257426840058615,0.03975433906116752,0.2753426352016534,5.885084409065304e-07,0.0014257426840058615,6.332534580767383e-12,0.0,6.218216234069842e-11,6.249243922241363e-11,6.332534580767383e-12,0.0,3.5058746453174946e-06,1,1,basket_1_main,0,0,1
er,4,10,5.885084448142111e-07,0.0014257375713669944,0.039754339060183955,0.2753426352440113,5.885084448142111e-07,0.0014257375713669944,6.5274621626071075e-12,0.0,7.272629211637429e-12,2.7156091781763722e-12,6.5274621626071075e-12,0.0,3.5058746722785076e-06,1,1,basket_1_main,0,0,1
er,5,0,0.0,0.0,0.0,0.0,0.0,0.0,0.0,0.0,0.0,0.0,0.0,0.0,0.0,1,1,basket_1_main,0,0,1
er,5,1,1.3230102947581418e-07,4.189584811402352e-05,0.011764660468801421,9.176378849916553e-05,1.3230102947581418e-07,4.189584811402352e-05,2.6460205895162833e-06,1.4624409850103343e-05,0.4898795265932623,0.00024200270556231545,2.6460205895162833e-06,1.4624409850103343e-05,1.7991334921762195e-07,1,1,basket_1_main,0,0,1
er,5,2,5.5233666969892914e-05,0.042789111961467376,0.04249833989884333,0.08101513602429931,5.5233666969892914e-05,0.042789111961467376,0.0011041538424131443,0.014950363732537936,0.047732878161289606,0.3789571414665735,0.0011041538424131443,0.014950363732537936,8.88636679774713e-06,1,1,basket_1_main,0,0,1
er,5,3,1.8622336510352903e-06,0.0017243353325906807,0.03991646373053658,0.26638226987724384,1.8622336510352903e-06,0.0017243353325906807,0.001135155457671351,0.015266427882106437,0.009776877648393908,0.009680162979453935,0.001135155457671351,0.015266427882106437,3.1807516490373537e-06,1,1,basket_1_main,0,0,1
er,5,4,5.893544167389354e-07,0.0014257447290562748,0.03976122457537194,0.2749600964939563,5.893544167389354e-07,0.0014257447290562748,2.5985650943766828e-05,0.0003383415541342623,0.00040879346284782996,0.00039309546116158927,2.5985650943766828e-05,0.0003383415541342623,3.457685395743108e-06,1,1,basket_1_main,0,0,1
er,5,5,5.885096069770625e-07,0.0014257426840058615,0.03975463613114766,0.2753259250398439,5.885096069770625e-07,0.0014257426840058615,5.935924814217296e-08,0.0,1.763043474579825e-05,1.7163091717106005e-05,5.935924814217296e-08,0.0,3.5025716025052537e-06,1,1,basket_1_main,0,0,1
er,5,6,5.885084551393677e-07,0.0014257416614795548,0.039754351883568156,0.2753419051344032,5.885084551393677e-07,0.0014257416614795548,2.502580381567803e-09,0.0,7.611045801300108e-07,7.499679780354677e-07,2.502580381567803e-09,0.0,3.505680029094652e-06,1,1,basket_1_main,0,0,1
er,5,7,5.885084320581959e-07,0.001425746774103755,0.039754339613683964,0.275342603361802,5.885084320581959e-07,0.001425746774103755,1.0319972107059338e-10,0.0,3.285881557364936e-08,3.276176962286714e-08,1.0319972107059338e-10,0.0,3.505864014000024e-06,1,1,basket_1_main,0,0,1
er,5,8,5.885084346531546e-07,0.0014257508641899149,0.039754339084028145,0.2753426338700292,5.885084346531546e-07,0.0014257508641899149,2.0240307491009886e-12,1.3978528260658475e-06,1.4191632284195335e-09,1.4307494935646764e-09,2.0240307491009886e-12,1.3978528260658475e-06,3.5058741153003934e-06,1,1,basket_1_main,0,0,1
er,5,9,5.885084384479393e-07,0.0014257488191483014,0.03975433906116745,0.2753426352016534,5.885084384479393e-07,0.0014257488191483014,6.330176489757648e-12,1.632340423778195e-06,6.21808111435593e-11,6.247834656826738e-11,6.330176489757648e-12,1.632340423778195e-06,3.5058746451642787e-06,1,1,basket_1_main,0,0,1
er,5,10,5.885084423351003e-07,0.0014257442177939466,0.0397543390601839,0.27534263524665864,5.885084423351003e-07,0.0014257442177939466,6.527594688982623e-12,5.960464477539062e-07,7.273639834648614e-12,2.7215303392651806e-12,6.527594688982623e-12,5.960464477539062e-07,3.5058746721248664e-06,1,1,basket_1_main,0,0,1
er,6,0,0.0,0.0,0.0,0.0,0.0,0.0,0.0,0.0,0.0,0.0,0.0,0.0,0.0,1,1,basket_1_main,0,0,1
er,6,1,1.3230102926124327e-07,4.1669052350376885e-05,0.011764660468801572,9.166841644308452e-05,1.3230102926124327e-07,4.1669052350376885e-05,2.646020585224865e-06,1.4545243193999168e-05,0.48987952659322537,0.00024200270610607458,2.646020585224865e-06,1.4545243193999168e-05,1.7991334921449969e-07,1,1,basket_1_main,0,0,1
er,6,2,5.5233666969055246e-05,0.042789111859255,0.04249833989884098,0.08101513597931206,5.5233666969055246e-05,0.042789111859255,0.0011041538423960991,0.014950363619661806,0.04773287816027517,0.3789571414776968,0.0011041538423960991,0.014950363619661806,8.886366798095504e-06,1,1,basket_1_main,0,0,1
er,6,3,1.8622336688837703e-06,0.0017243323734734163,0.03991646373053682,0.26638226985261615,1.8622336688837703e-06,0.0017243323734734163,0.001135155457991278,0.015266427794838625,0.00977687764841014,0.009680162977597419,0.001135155457991278,0.015266427794838625,3.1807516499736427e-06,1,1,basket_1_main,0,0,1
er,6,4,5.893544396026277e-07,0.0014257406389525146,0.03976122457537198,0.2749600964700969,5.893544396026277e-07,0.0014257406389525146,2.5985650855687138e-05,0.00033833709144485014,0.00040879346284628285,0.0003930954611526952,2.5985650855687138e-05,0.00033833709144485014,3.457685396616123e-06,1,1,basket_1_main,0,0,1
er,6,5,5.885096298049638e-07,0.0014257472853651664,0.03975463613114776,0.27532592505837655,5.885096298049638e-07,0.0014257472853651664,5.9359248348210006e-08,0.0,1.7630434732296747e-05,1.7163091741601442e-05,5.9359248348210006e-08,0.0,3.502571603366653e-06,1,1,basket_1_main,0,0,1
er,6,6,5.885084779647671e-07,0.0014257452403184199,0.039754351883568344,0.27534190515028745,5.885084779647671e-07,0.0014257452403184199,2.502581460596937e-09,0.0,7.611045799456392e-07,7.499679919267277e-07,2.502581460596937e-09,0.0,3.5056800299560495e-06,1,1,basket_1_main,0,0,1
er,6,7,5.885084548544054e-07,0.0014257431952687397,0.03975433961368416,0.2753426033776862,5.885084548544054e-07,0.0014257431952687397,1.0319862068703196e-10,0.0,3.2858817291711524e-08,3.276177855634385e-08,1.0319862068703196e-10,0.0,3.5058640148631667e-06,1,1,basket_1_main,0,0,1
er,6,8,5.885084574373499e-07,0.001425746774103755,0.03975433908402832,0.2753426338806187,5.885084574373499e-07,0.001425746774103755,2.023907428873997e-12,0.0,1.4191633936980498e-09,1.4307233821400314e-09,2.023907428873997e-12,0.0,3.505874116168374e-06,1,1,basket_1_main,0,0,1
er,6,9,5.885084612346235e-07,0.0014257447290562748,0.03975433906116762,0.2753426352122429,5.885084612346235e-07,0.0014257447290562748,6.331425836671289e-12,0.0,6.218037108336249e-11,6.25095283171357e-11,6.331425836671289e-12,0.0,3.505874646032315e-06,1,1,basket_1_main,0,0,1
er,6,10,5.885084651473581e-07,0.0014257396164247412,0.039754339060184066,0.27534263525724806,5.885084651473581e-07,0.0014257396164247412,6.5285718079725705e-12,0.0,7.273540728296492e-12,2.7221335898904687e-12,6.5285718079725705e-12,0.0,3.5058746729924573e-06,1,1,basket_1_main,0,0,1
er,7,0,0.0,0.0,0.0,0.0,0.0,0.0,0.0,0.0,0.0,0.0,0.0,0.0,0.0,1,1,basket_1_main,0,0,1
er,7,1,1.3230102935647941e-07,4.1878445891833914e-05,0.011764660468801768,9.175584461407085e-05,1.3230102935647941e-07,4.1878445891833914e-05,2.646020587129588e-06,1.4618335328615898e-05,0.48987952659324124,0.00024200270137049324,2.646020587129588e-06,1.4618335328615898e-05,1.7991334917468e-07,1,1,basket_1_main,0,0,1
er,7,2,5.523366696859663e-05,0.04278911225106913,0.042498339898842726,0.08101513615926108,5.523366696859663e-05,0.04278911225106913,0.0011041538423838225,0.014950363833532364,0.04773287816101724,0.3789571414698141,0.0011041538423838225,0.014950363833532364,8.886366797840254e-06,1,1,basket_1_main,0,0,1
er,7,3,1.8622336583098483e-06,0.0017243374462427605,0.03991646373053683,0.2663822698881895,1.8622336583098483e-06,0.0017243374462427605,0.0011351554577821738,0.015266428010099229,0.009776877648402762,0.009680162978933333,0.0011351554577821738,0.015266428010099229,3.180751649485591e-06,1,1,basket_1_main,0,0,1
er,7,4,5.893544254054686e-07,0.0014257483078874398,0.03976122457537211,0.2749600965045605,5.893544254054686e-07,0.0014257483078874398,2.598565092055547e-05,0.0003383444417254574,0.00040879346284629586,0.0003930954611385243,2.598565092055547e-05,0.0003383444417254574,3.4576853961887307e-06,1,1,basket_1_main,0,0,1
er,7,5,5.885096156358506e-07,0.001425746774103755,0.039754636131147755,0.275325925055729,5.885096156358506e-07,0.001425746774103755,5.9359248206701624e-08,1.264405455326821e-06,1.763043473636623e-05,1.7163091713400642e-05,5.9359248206701624e-08,1.264405455326821e-06,3.5025716029433883e-06,1,1,basket_1_main,0,0,1
er,7,6,5.885084637908793e-07,0.0014257452403184199,0.03975435188356832,0.27534190515028745,5.885084637908793e-07,0.0014257452403184199,2.5025804550470595e-09,0.0,7.611045787360763e-07,7.499679897512565e-07,2.5025804550470595e-09,0.0,3.5056800296717044e-06,1,1,basket_1_main,0,0,1
er,7,7,5.885084406766163e-07,0.0014257426840058615,0.039754339613684145,0.27534260337239136,5.885084406766163e-07,0.0014257426840058615,1.0319807678869852e-10,0.0,3.2858818083662885e-08,3.276178455761329e-08,1.0319807678869852e-10,0.0,3.5058640146782314e-06,1,1,basket_1_main,0,0,1
er,7,8,5.885084432966393e-07,0.001425746774103755,0.039754339084028326,0.2753426338832661,5.885084432966393e-07,0.001425746774103755,2.024167732120087e-12,0.0,1.41916418466506e-09,1.4307237126729314e-09,2.024167732120087e-12,0.0,3.5058741159833498e-06,1,1,basket_1_main,0,0,1
er,7,9,5.885084471050472e-07,0.0014257462628421596,0.03975433906116765,0.275342635220185,5.885084471050472e-07,0.0014257462628421596,6.333509903389052e-12,0.0,6.218218956415017e-11,6.249011182391202e-11,6.333509903389052e-12,0.0,3.5058746458472913e-06,1,1,basket_1_main,0,0,1
er,7,10,5.885084509919096e-07,0.0014257411502161261,0.03975433906018408,0.2753426352625428,5.885084509919096e-07,0.0014257411502161261,6.5269035164017185e-12,0.0,7.2729777748734336e-12,2.721448192561301e-12,6.5269035164017185e-12,0.0,3.505874672807433e-06,1,1,basket_1_main,0,0,1
er,8,0,0.0,0.0,0.0,0.0,0.0,0.0,0.0,0.0,0.0,0.0,0.0,0.0,0.0,1,1,basket_1_main,0,0,1
er,8,1,1.323010292075225e-07,4.168654198487225e-05,0.011764660468801726,9.16763679039524e-05,1.323010292075225e-07,4.168654198487225e-05,2.64602058415045e-06,1.4551348228137459e-05,0.4898795265932183,0.00024200270476583356,2.64602058415045e-06,1.4551348228137459e-05,1.7991334919850056e-07,1,1,basket_1_main,0,0,1
er,8,2,5.523366696877476e-05,0.042789112046644366,0.04249833989884304,0.08101513605129167,5.523366696877476e-05,0.042789112046644366,0.0011041538423884646,0.014950363690951993,0.04773287816091281,0.378957141476143,0.0011041538423884646,0.014950363690951993,8.886366798180346e-06,1,1,basket_1_main,0,0,1
er,8,3,1.862233651081513e-06,0.0017243378689728653,0.03991646373053668,0.26638226989092595,1.862233651081513e-06,0.0017243378689728653,0.0011351554576491652,0.015266427934467124,0.009776877648397062,0.009680162979381271,0.0011351554576491652,0.015266427934467124,3.180751649214819e-06,1,1,basket_1_main,0,0,1
er,8,4,5.893544169402927e-07,0.00142574933040898,0.03976122457537207,0.27496009651516473,5.893544169402927e-07,0.00142574933040898,2.5985650940331384e-05,0.00033834496673939066,0.0004087934628497567,0.00039309546117703795,2.5985650940331384e-05,0.00033834496673939066,3.457685395901697e-06,1,1,basket_1_main,0,0,1
er,8,5,5.885096071964613e-07,0.0014257483078874398,0.03975463613114767,0.2753259250689667,5.885096071964613e-07,0.0014257483078874398,5.93592480474532e-08,1.57699067060029e-06,1.7630434731387688e-05,1.716309173193579e-05,5.93592480474532e-08,1.57699067060029e-06,3.502571602661252e-06,1,1,basket_1_main,0,0,1
er,8,6,5.885084553641158e-07,0.0014257477966263948,0.03975435188356828,0.2753419051635243,5.885084553641158e-07,0.0014257477966263948,2.5025817006805024e-09,1.032382731180714e-06,7.611045792025727e-07,7.499679798065074e-07,2.5025817006805024e-09,1.032382731180714e-06,3.505680029250538e-06,1,1,basket_1_main,0,0,1
er,8,7,5.885084322716924e-07,0.0014257447290562748,0.03975433961368409,0.27534260338827554,5.885084322716924e-07,0.0014257447290562748,1.0319734101127797e-10,0.0,3.2858816178827354e-08,3.276176361345328e-08,1.0319734101127797e-10,0.0,3.505864014157735e-06,1,1,basket_1_main,0,0,1
er,8,8,5.885084348436906e-07,0.0014257483078874398,0.03975433908402827,0.2753426338938555,5.885084348436906e-07,0.0014257483078874398,2.0251507302133972e-12,0.0,1.419164206452975e-09,1.430734450187939e-09,2.0251507302133972e-12,0.0,3.5058741154629336e-06,1,1,basket_1_main,0,0,1
er,8,9,5.885084386332597e-07,0.0014257396164247412,0.039754339061167404,0.27534263518841656,5.885084386332597e-07,0.0014257396164247412,6.3323934111636e-12,0.0,6.218090250881979e-11,6.250648629609905e-11,6.3323934111636e-12,0.0,3.5058746453274447e-06,1,1,basket_1_main,0,0,1
er,8,10,5.885084425258631e-07,0.0014257426840058615,0.039754339060183885,0.27534263523606917,5.885084425258631e-07,0.0014257426840058615,6.525771628145793e-12,0.0,7.274652213128958e-12,2.721089779621743e-12,6.525771628145793e-12,0.0,3.5058746722868365e-06,1,1,basket_1_main,0,0,1
er,9,0,0.0,0.0,0.0,0.0,0.0,0.0,0.0,0.0,0.0,0.0,0.0,0.0,0.0,1,1,basket_1_main,0,0,1
er,9,1,1.3230102928761447e-07,4.1651555371923165e-05,0.011764660468801919,9.165251145182346e-05,1.3230102928761447e-07,4.1651555371923165e-05,2.646020585752289e-06,1.4539135596335812e-05,0.4898795265932078,0.00024200269870718557,2.646020585752289e-06,1.4539135596335812e-05,1.7991334914453736e-07,1,1,basket_1_main,0,0,1
er,9,2,5.523366696814083e-05,0.0427891118762904,0.042498339898842996,0.08101513596131717,5.523366696814083e-05,0.0427891118762904,0.0011041538423732088,0.014950363619661806,0.04773287816092441,0.37895714147701937,0.0011041538423732088,0.014950363619661806,8.886366797956489e-06,1,1,basket_1_main,0,0,1
er,9,3,1.8622336518181291e-06,0.0017243264552236532,0.03991646373053653,0.26638226985535257,1.8622336518181291e-06,0.0017243264552236532,0.0011351554576543253,0.01526642773084223,0.009776877648396248,0.009680162979477169,0.0011351554576543253,0.01526642773084223,3.1807516492134196e-06,1,1,basket_1_main,0,0,1
er,9,4,5.893544175575613e-07,0.0014257411502161261,0.039761224575371894,0.2749600964700969,5.893544175575613e-07,0.0014257411502161261,2.598565094369415e-05,0.0003383339412757069,0.0004087934628461415,0.0003930954611521807,2.598565094369415e-05,0.0003383339412757069,3.4576853959213474e-06,1,1,basket_1_main,0,0,1
er,9,5,5.885096077707113e-07,0.0014257472853651664,0.03975463613114768,0.27532592505837655,5.885096077707113e-07,0.0014257472853651664,5.9359248406848455e-08,0.0,1.7630434733692833e-05,1.7163091717717854e-05,5.9359248406848455e-08,0.0,3.5025716026751956e-06,1,1,basket_1_main,0,0,1
er,9,6,5.885084559506395e-07,0.0014257457515803814,0.03975435188356826,0.27534190515293483,5.885084559506395e-07,0.0014257457515803814,2.50258268512348e-09,4.2146848510894033e-07,7.611045786421744e-07,7.499680039969044e-07,2.50258268512348e-09,4.2146848510894033e-07,3.5056800292638876e-06,1,1,basket_1_main,0,0,1
er,9,7,5.885084328570136e-07,0.0014257426840058615,0.039754339613684055,0.2753426033776862,5.885084328570136e-07,0.0014257426840058615,1.0319742177194693e-10,0.0,3.2858815705437024e-08,3.276175079067478e-08,1.0319742177194693e-10,0.0,3.5058640141716435e-06,1,1,basket_1_main,0,0,1
er,9,8,5.885084354696901e-07,0.0014257472853651664,0.039754339084028235,0.2753426338859134,5.885084354696901e-07,0.0014257472853651664,2.024156724632232e-12,0.0,1.4191598006870323e-09,1.430749623322595e-09,2.024156724632232e-12,0.0,3.5058741154773674e-06,1,1,basket_1_main,0,0,1
er,9,9,5.885084392847449e-07,0.0014257457515803814,0.03975433906116756,0.2753426352175376,5.885084392847449e-07,0.0014257457515803814,6.330319073152056e-12,0.0,6.218138667058941e-11,6.250498286335447e-11,6.330319073152056e-12,0.0,3.505874645341308e-06,1,1,basket_1_main,0,0,1
er,9,10,5.88508443183743e-07,0.0014257406389525146,0.039754339060184,0.2753426352598955,5.88508443183743e-07,0.0014257406389525146,6.528569441318194e-12,0.0,7.273057053323907e-12,2.721696817493554e-12,6.528569441318194e-12,0.0,3.5058746723014508e-06,1,1,basket_1_main,0,0,1
er,10,0,0.0,0.0,0.0,0.0,0.0,0.0,0.0,0.0,0.0,0.0,0.0,0.0,0.0,1,1,basket_1_main,0,0,1
er,10,1,1.3230102929830472e-07,4.1878445891833914e-05,0.011764660468801877,9.176378849916553e-05,1.3230102929830472e-07,4.1878445891833914e-05,2.646020585966094e-06,1.4618335328615898e-05,0.4898795265932332,0.00024200269983340336,2.646020585966094e-06,1.4618335328615898e-05,1.7991334916058305e-07,1,1,basket_1_main,0,0,1
er,10,2,5.523366696796732e-05,0.042789112114785956,0.0424983398988428,0.08101513610527637,5.523366696796732e-05,0.042789112114785956,0.0011041538423716673,0.014950363780064726,0.047732878160928534,0.37895714147111204,0.0011041538423716673,0.014950363780064726,8.886366798369148e-06,1,1,basket_1_main,0,0,1
er,10,3,1.8622336553534107e-06,0.001724339982621836,0.039916463730536915,0.26638226990460806,1.8622336553534107e-06,0.001724339982621836,0.0011351554577119678,0.01526642799264567,0.009776877648399282,0.009680162978988324,0.0011351554577119678,0.01526642799264567,3.1807516494294397e-06,1,1,basket_1_main,0,0,1
er,10,4,5.893544220751069e-07,0.00142574933040898,0.03976122457537218,0.27496009651251363,5.893544220751069e-07,0.00142574933040898,2.5985650925367826e-05,0.00033834654177630226,0.0004087934628505129,0.0003930954611625253,2.5985650925367826e-05,0.00033834654177630226,3.457685396073909e-06,1,1,basket_1_main,0,0,1
er,10,5,5.885096123066876e-07,0.001425749841669475,0.03975463613114781,0.2753259250716142,5.885096123066876e-07,0.001425749841669475,5.935924819585323e-08,1.6858739404357618e-06,1.763043473360452e-05,1.716309173139019e-05,5.935924819585323e-08,1.6858739404357618e-06,3.5025716028299803e-06,1,1,basket_1_main,0,0,1
er,10,6,5.885084604765901e-07,0.0014257483078874398,0.03975435188356842,0.2753419051661717,5.885084604765901e-07,0.0014257483078874398,2.502581648138903e-09,1.3328003749250115e-06,7.611045800700455e-07,7.499679776007976e-07,2.502581648138903e-09,1.3328003749250115e-06,3.5056800294192322e-06,1,1,basket_1_main,0,0,1
er,10,7,5.885084373764844e-07,0.0014257452403184199,0.039754339613684214,0.27534260338827554,5.885084373764844e-07,0.0014257452403184199,1.0319856517803465e-10,5.960464477539062e-07,3.285881611907832e-08,3.276175723471715e-08,1.0319856517803465e-10,5.960464477539062e-07,3.5058640143263765e-06,1,1,basket_1_main,0,0,1
er,10,8,5.885084399876316e-07,0.0014257488191483014,0.03975433908402838,0.2753426338938555,5.885084399876316e-07,0.0014257488191483014,2.024045790306085e-12,5.960464477539062e-07,1.4191623834047636e-09,1.430750734909997e-09,2.024045790306085e-12,5.960464477539062e-07,3.505874115631407e-06,1,1,basket_1_main,0,0,1
er,10,9,5.885084438130794e-07,0.0014257406389525146,0.03975433906116753,0.2753426351937114,5.885084438130794e-07,0.0014257406389525146,6.332261034219883e-12,0.0,6.217833402792927e-11,6.24779134166606e-11,6.332261034219883e-12,0.0,3.5058746454953487e-06,1,1,basket_1_main,0,0,1
er,10,10,5.885084477044552e-07,0.001425735526306314,0.039754339060183996,0.27534263523606917,5.885084477044552e-07,0.001425735526306314,6.5274579952600945e-12,0.0,7.274215507557296e-12,2.7219465748342914e-12,6.5274579952600945e-12,0.0,3.5058746724560944e-06,1,1,basket_1_main,0,0,1
er,11,0,0.0,0.0,0.0,0.0,0.0,0.0,0.0,0.0,0.0,0.0,0.0,0.0,0.0,1,1,basket_1_main,0,0,1
er,11,1,1.3230102955185926e-07,4.172149925892707e-05,0.011764660468801726,9.168431867521786e-05,1.3230102955185926e-07,4.172149925892707e-05,2.646020591037185e-06,1.456355061873303e-05,0.4898795265932263,0.00024200270397040013,2.646020591037185e-06,1.456355061873303e-05,1.7991334919531934e-07,1,1,basket_1_main,0,0,1
er,11,2,5.523366696723721e-05,0.04278911192739659,0.04249833989884229,0.08101513601530186,5.523366696723721e-05,0.04278911192739659,0.0011041538423583542,0.014950363655306902,0.04773287816068293,0.3789571414793346,0.0011041538423583542,0.014950363655306902,8.886366798569017e-06,1,1,basket_1_main,0,0,1
er,11,3,1.8622336572090642e-06,0.0017243353325906807,0.039916463730536825,0.26638226987998026,1.8622336572090642e-06,0.0017243353325906807,0.0011351554577327414,0.015266427864652874,0.009776877648406922,0.009680162978905565,0.0011351554577327414,0.015266427864652874,3.180751649706486e-06,1,1,basket_1_main,0,0,1
er,11,4,5.893544244397656e-07,0.0014257447290562748,0.03976122457537209,0.27496009649660735,5.893544244397656e-07,0.0014257447290562748,2.598565091644515e-05,0.0003383415541342623,0.00040879346284664725,0.00039309546113816817,2.598565091644515e-05,0.0003383415541342623,3.45768539641132e-06,1,1,basket_1_main,0,0,1
er,11,5,5.885096146713981e-07,0.0014257437065314346,0.039754636131147804,0.275325925045139,5.885096146713981e-07,0.0014257437065314346,5.935924823195493e-08,0.0,1.7630434743559856e-05,1.7163091731522834e-05,5.935924823195493e-08,0.0,3.502571603167509e-06,1,1,basket_1_main,0,0,1
er,11,6,5.885084628397679e-07,0.0014257406389525146,0.03975435188356826,0.2753419051317558,5.885084628397679e-07,0.0014257406389525146,2.5025790814754283e-09,0.0,7.611045765901481e-07,7.499679913493371e-07,2.5025790814754283e-09,0.0,3.50568002989481e-06,1,1,basket_1_main,0,0,1
er,11,7,5.885084397213519e-07,0.001425746774103755,0.039754339613684096,0.275342603361802,5.885084397213519e-07,0.001425746774103755,1.0320024050287798e-10,0.0,3.2858815270105434e-08,3.276174449787672e-08,1.0320024050287798e-10,0.0,3.5058640148995146e-06,1,1,basket_1_main,0,0,1
er,11,8,5.885084422989825e-07,0.0014257488191483014,0.03975433908402825,0.27534263385943974,5.885084422989825e-07,0.0014257488191483014,2.0226568662318597e-12,1.032382731180714e-06,1.4191641563227684e-09,1.430724517943833e-09,2.0226568662318597e-12,1.032382731180714e-06,3.5058741161991996e-06,1,1,basket_1_main,0,0,1
er,11,9,5.885084460909335e-07,0.0014257483078874398,0.03975433906116756,0.27534263519900604,5.885084460909335e-07,0.0014257483078874398,6.332257529210948e-12,1.1920928955078127e-06,6.217837314854108e-11,6.247516732758272e-11,6.332257529210948e-12,1.1920928955078127e-06,3.5058746460636112e-06,1,1,basket_1_main,0,0,1
er,11,10,5.885084499838791e-07,0.0014257431952687397,0.03975433906018402,0.2753426352413639,5.885084499838791e-07,0.0014257431952687397,6.5270379442714245e-12,0.0,7.273966877563486e-12,2.721732633731416e-12,6.5270379442714245e-12,0.0,3.5058746730234168e-06,1,1,basket_1_main,0,0,1
er,12,0,0.0,0.0,0.0,0.0,0.0,0.0,0.0,0.0,0.0,0.0,0.0,0.0,0.0,1,1,basket_1_main,0,0,1
er,12,1,1.323010295987747e-07,4.1930630891383725e-05,0.011764660468801919,9.177967420663315e-05,1.323010295987747e-07,4.1930630891383725e-05,2.646020591975494e-06,1.4636551329861817e-05,0.4898795265932195,0.00024200269896871034,2.646020591975494e-06,1.4636551329861817e-05,1.7991334913829282e-07,1,1,basket_1_main,0,0,1
er,12,2,5.523366696781814e-05,0.04278911221699833,0.042498339898842115,0.08101513614126617,5.523366696781814e-05,0.04278911221699833,0.0011041538423683292,0.014950363815709819,0.047732878160846294,0.3789571414676862,0.0011041538423683292,0.014950363815709819,8.886366798114888e-06,1,1,basket_1_main,0,0,1
er,12,3,1.8622336630078983e-06,0.0017243416735391473,0.03991646373053694,0.26638226991281727,1.8622336630078983e-06,0.0017243416735391473,0.001135155457855378,0.015266428033370647,0.009776877648406068,0.009680162978436336,0.001135155457855378,0.015266428033370647,3.1807516497493014e-06,1,1,basket_1_main,0,0,1
er,12,4,5.893544314016287e-07,0.0014257452403184199,0.03976122457537205,0.27496009649130526,5.893544314016287e-07,0.0014257452403184199,2.5985650898525108e-05,0.00033834470423252584,0.00040879346285320077,0.0003930954611488327,2.5985650898525108e-05,0.00033834470423252584,3.457685396384977e-06,1,1,basket_1_main,0,0,1
er,12,5,5.885096216178514e-07,0.0014257447290562748,0.039754636131147804,0.27532592504778647,5.885096216178514e-07,0.0014257447290562748,5.935924836381147e-08,0.0,1.7630434752113188e-05,1.7163091744136825e-05,5.935924836381147e-08,0.0,3.5025716031366067e-06,1,1,basket_1_main,0,0,1
er,12,6,5.885084697803584e-07,0.0014257431952687397,0.03975435188356823,0.2753419051396979,5.885084697803584e-07,0.0014257431952687397,2.502580969831525e-09,0.0,7.611045808749687e-07,7.499679818609774e-07,2.502580969831525e-09,0.0,3.5056800297262e-06,1,1,basket_1_main,0,0,1
er,12,7,5.885084466763425e-07,0.0014257406389525146,0.039754339613684034,0.275342603361802,5.885084466763425e-07,0.0014257406389525146,1.0319758781907537e-10,0.0,3.2858817853393696e-08,3.276177056698152e-08,1.0319758781907537e-10,0.0,3.505864014632725e-06,1,1,basket_1_main,0,0,1
er,12,8,5.885084492789789e-07,0.0014257437065314346,0.039754339084028194,0.27534263386738184,5.885084492789789e-07,0.0014257437065314346,2.0236806272434124e-12,0.0,1.419161544557406e-09,1.4307501368733812e-09,2.0236806272434124e-12,0.0,3.5058741159379327e-06,1,1,basket_1_main,0,0,1
er,12,9,5.885084530735379e-07,0.0014257421727428,0.03975433906116752,0.27534263519900604,5.885084530735379e-07,0.0014257421727428,6.332536447537143e-12,0.0,6.218340530006331e-11,6.24789152274757e-11,6.332536447537143e-12,0.0,3.5058746458018742e-06,1,1,basket_1_main,0,0,1
er,12,10,5.885084569647054e-07,0.0014257375713669944,0.039754339060183955,0.2753426352440113,5.885084569647054e-07,0.0014257375713669944,6.52732055534682e-12,0.0,7.273874555281613e-12,2.7216112051321646e-12,6.52732055534682e-12,0.0,3.50587467276262e-06,1,1,basket_1_main,0,0,1
er,13,0,0.0,0.0,0.0,0.0,0.0,0.0,0.0,0.0,0.0,0.0,0.0,0.0,0.0,1,1,basket_1_main,0,0,1
er,13,1,1.323010293061802e-07,4.1651555371923165e-05,0.011764660468801754,9.165251145182346e-05,1.323010293061802e-07,4.1651555371923165e-05,2.646020586123604e-06,1.4539135596335812e-05,0.4898795265932254,0.0002420027003633669,2.646020586123604e-06,1.4539135596335812e-05,1.799133491889135e-07,1,1,basket_1_main,0,0,1
er,13,2,5.523366696774956e-05,0.042789111961467376,0.04249833989884272,0.08101513599730696,5.523366696774956e-05,0.042789111961467376,0.0011041538423670859,0.014950363649366052,0.0477328781610061,0.3789571414750779,0.0011041538423670859,0.014950363649366052,8.886366797980651e-06,1,1,basket_1_main,0,0,1
er,13,3,1.8622336562977493e-06,0.0017243336416671515,0.03991646373053665,0.2663822698635618,1.8622336562977493e-06,0.0017243336416671515,0.0011351554577272232,0.015266427847199315,0.009776877648401584,0.009680162979405023,0.0011351554577272232,0.015266427847199315,3.1807516491711595e-06,1,1,basket_1_main,0,0,1
er,13,4,5.893544223317421e-07,0.0014257421727428,0.03976122457537199,0.27496009647805,5.893544223317421e-07,0.0014257421727428,2.598565093895001e-05,0.0003383386665184229,0.00040879346284607084,0.00039309546113884335,2.598565093895001e-05,0.0003383386665184229,3.4576853958807614e-06,1,1,basket_1_main,0,0,1
er,13,5,5.88509612551588e-07,0.0014257483078874398,0.03975463613114777,0.2753259250663192,5.88509612551588e-07,0.0014257483078874398,5.9359248509867104e-08,0.0,1.763043473324578e-05,1.7163091728542888e-05,5.9359248509867104e-08,0.0,3.502571602644076e-06,1,1,basket_1_main,0,0,1
er,13,6,5.885084607172973e-07,0.0014257462628421596,0.039754351883568344,0.27534190515558216,5.885084607172973e-07,0.0014257462628421596,2.5025815963537204e-09,8.429369702178807e-07,7.611045783555289e-07,7.499679782958984e-07,2.5025815963537204e-09,8.429369702178807e-07,3.505680029232662e-06,1,1,basket_1_main,0,0,1
er,13,7,5.885084376199038e-07,0.0014257437065314346,0.03975433961368416,0.27534260338298083,5.885084376199038e-07,0.0014257437065314346,1.0319840365037905e-10,0.0,3.2858816992424496e-08,3.2761757361747944e-08,1.0319840365037905e-10,0.0,3.505864014139816e-06,1,1,basket_1_main,0,0,1
er,13,8,5.885084402390607e-07,0.001425746774103755,0.03975433908402832,0.2753426338859134,5.885084402390607e-07,0.001425746774103755,2.023688154293202e-12,0.0,1.4191634533678327e-09,1.4306987252798741e-09,2.023688154293202e-12,0.0,3.5058741154455397e-06,1,1,basket_1_main,0,0,1
er,13,9,5.885084440296372e-07,0.0014257457515803814,0.03975433906116762,0.275342635220185,5.885084440296372e-07,0.0014257457515803814,6.3322575902134114e-12,0.0,6.21779876909573e-11,6.250381283245638e-11,6.3322575902134114e-12,0.0,3.505874645309392e-06,1,1,basket_1_main,0,0,1
er,13,10,5.885084479418755e-07,0.0014257411502161261,0.03975433906018409,0.27534263526783753,5.885084479418755e-07,0.0014257411502161261,6.527458895811342e-12,0.0,7.274259312436795e-12,2.7213753356109913e-12,6.527458895811342e-12,0.0,3.5058746722698014e-06,1,1,basket_1_main,0,0,1
er,14,0,0.0,0.0,0.0,0.0,0.0,0.0,0.0,0.0,0.0,0.0,0.0,0.0,0.0,1,1,basket_1_main,0,0,1
er,14,1,1.3230102926703017e-07,4.189584811402352e-05,0.011764660468801822,9.176378849916553e-05,1.3230102926703017e-07,4.189584811402352e-05,2.646020585340603e-06,1.4624409850103343e-05,0.48987952659322687,0.00024200270244182837,2.646020585340603e-06,1.4624409850103343e-05,1.7991334918573537e-07,1,1,basket_1_main,0,0,1
er,14,2,5.523366696820609e-05,0.04278911221699833,0.04249833989884285,0.08101513615026362,5.523366696820609e-05,0.04278911221699833,0.0011041538423755249,0.014950363821650665,0.04773287816090629,0.3789571414680773,0.0011041538423755249,0.014950363821650665,8.886366798137364e-06,1,1,basket_1_main,0,0,1
er,14,3,1.8622336545861985e-06,0.0017243311052787483,0.039916463730536825,0.26638226987998026,1.8622336545861985e-06,0.0017243311052787483,0.0011351554577077455,0.015266427905377855,0.009776877648421329,0.009680162979091259,0.0011351554577077455,0.015266427905377855,3.1807516493708572e-06,1,1,basket_1_main,0,0,1
er,14,4,5.893544214322373e-07,0.0014257385938962342,0.03976122457537195,0.27496009649130526,5.893544214322373e-07,0.0014257385938962342,2.5985650927667523e-05,0.00033833551636394487,0.0004087934628476344,0.0003930954611365799,2.5985650927667523e-05,0.00033833551636394487,3.4576853960575838e-06,1,1,basket_1_main,0,0,1
er,14,5,5.885096116778182e-07,0.0014257518867096216,0.03975463613114772,0.2753259250795568,5.885096116778182e-07,0.0014257518867096216,5.93592499989678e-08,4.2146848510894033e-07,1.763043473367753e-05,1.716309173059383e-05,5.93592499989678e-08,4.2146848510894033e-07,3.5025716028099382e-06,1,1,basket_1_main,0,0,1
er,14,6,5.88508459844127e-07,0.0014257437065314346,0.03975435188356816,0.2753419051370506,5.88508459844127e-07,0.0014257437065314346,2.5025800881651327e-09,1.1151007970493858e-06,7.611045774499861e-07,7.499679914923807e-07,2.5025800881651327e-09,1.1151007970493858e-06,3.5056800293977993e-06,1,1,basket_1_main,0,0,1
er,14,7,5.88508436752908e-07,0.0014257421727428,0.039754339613683985,0.27534260336444927,5.88508436752908e-07,0.0014257421727428,1.0319848423582519e-10,0.0,3.2858816601183e-08,3.276176779562384e-08,1.0319848423582519e-10,0.0,3.505864014304989e-06,1,1,basket_1_main,0,0,1
er,14,8,5.885084393869706e-07,0.0014257452403184199,0.03975433908402815,0.27534263386738184,5.885084393869706e-07,0.0014257452403184199,2.023812827239274e-12,0.0,1.419165009281597e-09,1.4307232625270486e-09,2.023812827239274e-12,0.0,3.5058741156095943e-06,1,1,basket_1_main,0,0,1
er,14,9,5.88508443191033e-07,0.0014257437065314346,0.03975433906116746,0.27534263519900604,5.88508443191033e-07,0.0014257437065314346,6.330039626080039e-12,0.0,6.218002324936566e-11,6.247818553415881e-11,6.330039626080039e-12,0.0,3.5058746454747205e-06,1,1,basket_1_main,0,0,1
er,14,10,5.885084470821948e-07,0.0014257385938962342,0.039754339060183906,0.2753426352440113,5.885084470821948e-07,0.0014257385938962342,6.527596726138147e-12,0.0,7.273969182663097e-12,2.7216976995413375e-12,6.527596726138147e-12,0.0,3.5058746724352633e-06,1,1,basket_1_main,0,0,1
er,15,0,0.0,0.0,0.0,0.0,0.0,0.0,0.0,0.0,0.0,0.0,0.0,0.0,0.0,1,1,basket_1_main,0,0,1
er,15,1,1.3230102934348034e-07,4.1669052350376885e-05,0.01176466046880153,9.166046429243471e-05,1.3230102934348034e-07,4.1669052350376885e-05,2.646020586869607e-06,1.4545243193999168e-05,0.48987952659324,0.00024200270661191157,2.646020586869607e-06,1.4545243193999168e-05,1.7991334921755994e-07,1,1,basket_1_main,0,0,1
er,15,2,5.5233666968097564e-05,0.04278911192739659,0.04249833989884199,0.0810151360063044,5.5233666968097564e-05,0.04278911192739659,0.0011041538423756793,0.014950363643425202,0.04773287816090389,0.3789571414691372,0.0011041538423756793,0.014950363643425202,8.886366798240596e-06,1,1,basket_1_main,0,0,1
er,15,3,1.8622336611937793e-06,0.0017243340643981891,0.03991646373053677,0.2663822698690346,1.8622336611937793e-06,0.0017243340643981891,0.0011351554578268733,0.015266427847199315,0.009776877648413583,0.009680162978637838,0.0011351554578268733,0.015266427847199315,3.1807516495634344e-06,1,1,basket_1_main,0,0,1
er,15,4,5.893544292629935e-07,0.0014257442177939466,0.039761224575372005,0.27496009649130526,5.893544292629935e-07,0.0014257442177939466,2.5985650902874263e-05,0.00033834024158466326,0.00040879346284620083,0.0003930954611379837,2.5985650902874263e-05,0.00033834024158466326,3.4576853962382804e-06,1,1,basket_1_main,0,0,1
er,15,5,5.885096194713929e-07,0.0014257437065314346,0.039754636131147734,0.27532592504778647,5.885096194713929e-07,0.0014257437065314346,5.93592483142423e-08,0.0,1.7630434743565816e-05,1.7163091729196638e-05,5.93592483142423e-08,0.0,3.5025716029964727e-06,1,1,basket_1_main,0,0,1
er,15,6,5.885084676259602e-07,0.0014257416614795548,0.03975435188356823,0.2753419051370506,5.885084676259602e-07,0.0014257416614795548,2.5025814726911246e-09,0.0,7.611045792724484e-07,7.499679777934572e-07,2.5025814726911246e-09,0.0,3.505680029584803e-06,1,1,basket_1_main,0,0,1
er,15,7,5.885084445328699e-07,0.0014257483078874398,0.03975433961368407,0.27534260336709665,5.885084445328699e-07,0.0014257483078874398,1.0320078388788248e-10,0.0,3.2858817285812694e-08,3.27617717861704e-08,1.0320078388788248e-10,0.0,3.5058640144901283e-06,1,1,basket_1_main,0,0,1
er,15,8,5.885084471114181e-07,0.0014257503529297867,0.039754339084028194,0.27534263386738184,5.885084471114181e-07,0.0014257503529297867,2.024431269542376e-12,1.3978528260658475e-06,1.4191627852494448e-09,1.430738482689523e-09,2.024431269542376e-12,1.3978528260658475e-06,3.5058741157911105e-06,1,1,basket_1_main,0,0,1
er,15,9,5.885084509096641e-07,0.00142574933040898,0.03975433906116751,0.2753426352016534,5.885084509096641e-07,0.00142574933040898,6.331149076567621e-12,1.5196262340524151e-06,6.217866998920795e-11,6.24637987384933e-11,6.331149076567621e-12,1.5196262340524151e-06,3.505874645654448e-06,1,1,basket_1_main,0,0,1
er,15,10,5.885084548289092e-07,0.0014257447290562748,0.03975433906018396,0.27534263524665864,5.885084548289092e-07,0.0014257447290562748,6.527738981370735e-12,5.960464477539062e-07,7.273654903920898e-12,2.721474242216962e-12,6.527738981370735e-12,5.960464477539062e-07,3.505874672613987e-06,1,1,basket_1_main,0,0,1
er,16,0,0.0,0.0,0.0,0.0,0.0,0.0,0.0,0.0,0.0,0.0,0.0,0.0,0.0,1,1,basket_1_main,0,0,1
er,16,1,1.3230102964483688e-07,4.1669052350376885e-05,0.01176466046880196,9.166841644308452e-05,1.3230102964483688e-07,4.1669052350376885e-05,2.6460205928967376e-06,1.4545243193999168e-05,0.4898795265932096,0.0002420026995639356,2.6460205928967376e-06,1.4545243193999168e-05,1.7991334913826802e-07,1,1,basket_1_main,0,0,1
er,16,2,5.5233666967490546e-05,0.042789111910361194,0.04249833989884234,0.0810151360063044,5.5233666967490546e-05,0.042789111910361194,0.0011041538423608656,0.014950363637484355,0.047732878160853455,0.37895714147595944,0.0011041538423608656,0.014950363637484355,8.886366798445335e-06,1,1,basket_1_main,0,0,1
er,16,3,1.8622336582369802e-06,0.001724332796204765,0.0399164637305368,0.26638226985808894,1.8622336582369802e-06,0.001724332796204765,0.0011351554577567577,0.015266427823927897,0.009776877648403516,0.00968016297880352,0.0011351554577567577,0.015266427823927897,3.1807516495781063e-06,1,1,basket_1_main,0,0,1
er,16,4,5.893544255728346e-07,0.0014257416614795548,0.03976122457537203,0.274960096475399,5.893544255728346e-07,0.0014257416614795548,2.598565091361843e-05,0.00033833787898255305,0.0004087934628454659,0.0003930954611386384,2.598565091361843e-05,0.00033833787898255305,3.45768539622417e-06,1,1,basket_1_main,0,0,1
er,16,5,5.885096157582225e-07,0.0014257483078874398,0.03975463613114783,0.2753259250689667,5.885096157582225e-07,0.0014257483078874398,5.9359248516596264e-08,0.0,1.7630434734160846e-05,1.716309171569039e-05,5.9359248516596264e-08,0.0,3.502571602980175e-06,1,1,basket_1_main,0,0,1
er,16,6,5.885084639269292e-07,0.001425746774103755,0.0397543518835684,0.2753419051608769,5.885084639269292e-07,0.001425746774103755,2.5025815959243347e-09,9.424321830774486e-07,7.611045765542706e-07,7.499679917870658e-07,2.5025815959243347e-09,9.424321830774486e-07,3.5056800295685184e-06,1,1,basket_1_main,0,0,1
er,16,7,5.885084408284125e-07,0.0014257442177939466,0.03975433961368422,0.2753426033856282,5.885084408284125e-07,0.0014257442177939466,1.0319842914098153e-10,0.0,3.2858815248731675e-08,3.2761757547529116e-08,1.0319842914098153e-10,0.0,3.505864014476259e-06,1,1,basket_1_main,0,0,1
er,16,8,5.885084434444618e-07,0.001425746774103755,0.03975433908402839,0.2753426338859134,5.885084434444618e-07,0.001425746774103755,2.0241659162098436e-12,0.0,1.419163452570832e-09,1.4306972938658383e-09,2.0241659162098436e-12,0.0,3.5058741157808636e-06,1,1,basket_1_main,0,0,1
er,16,9,5.885084472415367e-07,0.001425746774103755,0.039754339061167696,0.27534263522547975,5.885084472415367e-07,0.001425746774103755,6.332119645536863e-12,5.960464477539062e-07,6.218003129684366e-11,6.249243072414373e-11,6.332119645536863e-12,5.960464477539062e-07,3.5058746456454086e-06,1,1,basket_1_main,0,0,1
er,16,10,5.88508451151273e-07,0.0014257416614795548,0.039754339060184156,0.27534263526783753,5.88508451151273e-07,0.0014257416614795548,6.528707367231845e-12,0.0,7.273897919293061e-12,2.7269978534254094e-12,6.528707367231845e-12,0.0,3.505874672605551e-06,1,1,basket_1_main,0,0,1
er,17,0,0.0,0.0,0.0,0.0,0.0,0.0,0.0,0.0,0.0,0.0,0.0,0.0,0.0,1,1,basket_1_main,0,0,1
er,17,1,1.3230102925767802e-07,4.1651555371923165e-05,0.011764660468802018,9.165251145182346e-05,1.3230102925767802e-07,4.1651555371923165e-05,2.6460205851535605e-06,1.4539135596335812e-05,0.48987952659320605,0.0002420027003223351,2.6460205851535605e-06,1.4539135596335812e-05,1.7991334911913727e-07,1,1,basket_1_main,0,0,1
er,17,2,5.523366696809183e-05,0.04278911194443198,0.042498339898842406,0.0810151359883095,5.523366696809183e-05,0.04278911194443198,0.0011041538423719388,0.014950363637484355,0.047732878160817505,0.3789571414745899,0.0011041538423719388,0.014950363637484355,8.88636679817167e-06,1,1,basket_1_main,0,0,1
er,17,3,1.86223365900493e-06,0.0017243353325906807,0.03991646373053687,0.26638226987177105,1.86223365900493e-06,0.0017243353325906807,0.001135155457783249,0.015266427864652874,0.009776877648405813,0.009680162978762353,0.001135155457783249,0.015266427864652874,3.180751649552169e-06,1,1,basket_1_main,0,0,1
er,17,4,5.893544265747621e-07,0.0014257437065314346,0.039761224575372095,0.2749600964833521,5.893544265747621e-07,0.0014257437065314346,2.5985650910747573e-05,0.00033834076660511393,0.00040879346284620306,0.0003930954611387402,2.5985650910747573e-05,0.00033834076660511393,3.4576853962221678e-06,1,1,basket_1_main,0,0,1
er,17,5,5.885096168019383e-07,0.0014257508641899149,0.03975463613114791,0.2753259250795568,5.885096168019383e-07,0.0014257508641899149,5.9359248259946545e-08,1.264405455326821e-06,1.76304347339781e-05,1.7163091730724977e-05,5.9359248259946545e-08,1.264405455326821e-06,3.5025716029775627e-06,1,1,basket_1_main,0,0,1
er,17,6,5.885084649717863e-07,0.0014257406389525146,0.03975435188356831,0.2753419051238137,5.885084649717863e-07,0.0014257406389525146,2.502580864480254e-09,0.0,7.611045773576262e-07,7.499679930680475e-07,2.502580864480254e-09,0.0,3.5056800295678945e-06,1,1,basket_1_main,0,0,1
er,17,7,5.885084418601845e-07,0.0014257391051605795,0.03975433961368412,0.27534260335385985,5.885084418601845e-07,0.0014257391051605795,1.0319867598462678e-10,0.0,3.285881576676065e-08,3.276175164945878e-08,1.0319867598462678e-10,0.0,3.505864014474428e-06,1,1,basket_1_main,0,0,1
er,17,8,5.885084444475742e-07,0.0014257421727428,0.0397543390840283,0.27534263385943974,5.885084444475742e-07,0.0014257421727428,2.0239094317524895e-12,0.0,1.4191620881654824e-09,1.4307224367991356e-09,2.0239094317524895e-12,0.0,3.5058741157789438e-06,1,1,basket_1_main,0,0,1
er,17,9,5.885084482444684e-07,0.0014257406389525146,0.039754339061167605,0.2753426351937114,5.885084482444684e-07,0.0014257406389525146,6.332536218373297e-12,0.0,6.218045757195569e-11,6.249241615689857e-11,6.332536218373297e-12,0.0,3.5058746456434884e-06,1,1,basket_1_main,0,0,1
er,17,10,5.885084521540579e-07,0.001425735526306314,0.03975433906018404,0.27534263523606917,5.885084521540579e-07,0.001425735526306314,6.527462492071506e-12,0.0,7.273562323570922e-12,2.7215205565288657e-12,6.527462492071506e-12,0.0,3.5058746726042345e-06,1,1,basket_1_main,0,0,1
er,18,0,0.0,0.0,0.0,0.0,0.0,0.0,0.0,0.0,0.0,0.0,0.0,0.0,0.0,1,1,basket_1_main,0,0,1
er,18,1,1.3230102937067153e-07,4.172149925892707e-05,0.011764660468801891,9.168431867521786e-05,1.3230102937067153e-07,4.172149925892707e-05,2.6460205874134304e-06,1.456355061873303e-05,0.48987952659320766,0.00024200270194084573,2.6460205874134304e-06,1.456355061873303e-05,1.7991334914777752e-07,1,1,basket_1_main,0,0,1
er,18,2,5.5233666967462126e-05,0.042789112046644366,0.042498339898841796,0.08101513604229421,5.5233666967462126e-05,0.042789112046644366,0.001104153842360315,0.014950363685011146,0.047732878160590464,0.37895714147943843,0.001104153842360315,0.014950363685011146,8.886366798083754e-06,1,1,basket_1_main,0,0,1
er,18,3,1.8622336635769679e-06,0.0017243294143510738,0.039916463730536776,0.26638226987177105,1.8622336635769679e-06,0.0017243294143510738,0.0011351554578598864,0.01526642781229219,0.009776877648408282,0.009680162978513297,0.0011351554578598864,0.01526642781229219,3.1807516496132433e-06,1,1,basket_1_main,0,0,1
er,18,4,5.893544320755732e-07,0.0014257447290562748,0.03976122457537203,0.27496009648600317,5.893544320755732e-07,0.0014257447290562748,2.5985650894020617e-05,0.00033833709144485014,0.00040879346284697994,0.00039309546114397613,2.5985650894020617e-05,0.00033833709144485014,3.457685396304367e-06,1,1,basket_1_main,0,0,1
er,18,5,5.885096222547707e-07,0.0014257503529297867,0.039754636131147804,0.27532592507426173,5.885096222547707e-07,0.0014257503529297867,5.9359248483362715e-08,1.1920928955078127e-06,1.763043473538625e-05,1.7163091718754053e-05,5.9359248483362715e-08,1.1920928955078127e-06,3.502571603054857e-06,1,1,basket_1_main,0,0,1
er,18,6,5.885084704184617e-07,0.0014257426840058615,0.03975435188356823,0.2753419051344032,5.885084704184617e-07,0.0014257426840058615,2.502579983737792e-09,0.0,7.611045763250614e-07,7.499679640423793e-07,2.502579983737792e-09,0.0,3.5056800296425097e-06,1,1,basket_1_main,0,0,1
er,18,7,5.885084472936579e-07,0.0014257396164247412,0.03975433961368404,0.2753426033565072,5.885084472936579e-07,0.0014257396164247412,1.0319739704811043e-10,0.0,3.285881610017862e-08,3.276175824882561e-08,1.0319739704811043e-10,0.0,3.5058640145496645e-06,1,1,basket_1_main,0,0,1
er,18,8,5.885084499011284e-07,0.0014257437065314346,0.03975433908402822,0.27534263386473445,5.885084499011284e-07,0.0014257437065314346,2.024036424269052e-12,0.0,1.4191607911912541e-09,1.4307357727410347e-09,2.024036424269052e-12,0.0,3.50587411585608e-06,1,1,basket_1_main,0,0,1
er,18,9,5.88508453749574e-07,0.0014257421727428,0.03975433906116753,0.2753426351963587,5.88508453749574e-07,0.0014257421727428,6.332267380141635e-12,0.0,6.217924656531558e-11,6.249037428987903e-11,6.332267380141635e-12,0.0,3.5058746457193957e-06,1,1,basket_1_main,0,0,1
er,18,10,5.885084576439547e-07,0.0014257375713669944,0.03975433906018399,0.2753426352413639,5.885084576439547e-07,0.0014257375713669944,6.5274571590525835e-12,0.0,7.273629960305935e-12,2.713195627130679e-12,6.5274571590525835e-12,0.0,3.505874672679335e-06,1,1,basket_1_main,0,0,1
er,19,0,0.0,0.0,0.0,0.0,0.0,0.0,0.0,0.0,0.0,0.0,0.0,0.0,0.0,1,1,basket_1_main,0,0,1
er,19,1,1.3230102934022207e-07,4.168654198487225e-05,0.011764660468801544,9.16763679039524e-05,1.3230102934022207e-07,4.168654198487225e-05,2.6460205868044413e-06,1.4551348228137459e-05,0.4898795265932388,0.00024200270588547486,2.6460205868044413e-06,1.4551348228137459e-05,1.7991334921758474e-07,1,1,basket_1_main,0,0,1
er,19,2,5.523366696890482e-05,0.042789111910361194,0.04249833989884246,0.0810151360063044,5.523366696890482e-05,0.042789111910361194,0.001104153842392058,0.014950363643425202,0.04773287816097189,0.3789571414729402,0.001104153842392058,0.014950363643425202,8.886366797849824e-06,1,1,basket_1_main,0,0,1
er,19,3,1.8622336594902582e-06,0.0017243336416671515,0.039916463730536665,0.2663822698690346,1.8622336594902582e-06,0.0017243336416671515,0.0011351554578109423,0.015266427829745752,0.00977687764839831,0.00968016297890656,0.0011351554578109423,0.015266427829745752,3.1807516492862022e-06,1,1,basket_1_main,0,0,1
er,19,4,5.893544266990875e-07,0.0014257426840058615,0.039761224575372,0.2749600964886542,5.893544266990875e-07,0.0014257426840058615,2.5985650917476264e-05,0.0003383389290299722,0.00040879346284694313,0.00039309546115397584,2.5985650917476264e-05,0.0003383389290299722,3.4576853959781435e-06,1,1,basket_1_main,0,0,1
er,19,5,5.885096168985259e-07,0.0014257488191483014,0.03975463613114778,0.27532592507426173,5.885096168985259e-07,0.0014257488191483014,5.935924857709945e-08,5.960464477539062e-07,1.763043473449953e-05,1.7163091718062552e-05,5.935924857709945e-08,5.960464477539062e-07,3.5025716027371976e-06,1,1,basket_1_main,0,0,1
er,19,6,5.885084650668504e-07,0.0014257396164247412,0.0397543518835682,0.2753419051291085,5.885084650668504e-07,0.0014257396164247412,2.5025810213509558e-09,0.0,7.611045777920032e-07,7.49968004544827e-07,2.5025810213509558e-09,0.0,3.5056800293264423e-06,1,1,basket_1_main,0,0,1
er,19,7,5.885084419631148e-07,0.0014257442177939466,0.039754339613684006,0.27534260335121247,5.885084419631148e-07,0.0014257442177939466,1.031997216056065e-10,0.0,3.2858817046665164e-08,3.2761757255447354e-08,1.031997216056065e-10,0.0,3.5058640142269513e-06,1,1,basket_1_main,0,0,1
er,19,8,5.885084445655484e-07,0.0014257472853651664,0.03975433908402816,0.27534263385414504,5.885084445655484e-07,0.0014257472853651664,2.0248031984724097e-12,0.0,1.4191641812114537e-09,1.4307230256100731e-09,2.0248031984724097e-12,0.0,3.505874115530864e-06,1,1,basket_1_main,0,0,1
er,19,9,5.885084483799359e-07,0.0014257462628421596,0.03975433906116747,0.27534263518841656,5.885084483799359e-07,0.0014257462628421596,6.331151567406585e-12,4.2146848510894033e-07,6.218137090486338e-11,6.250505842597873e-11,6.331151567406585e-12,4.2146848510894033e-07,3.5058746453954085e-06,1,1,basket_1_main,0,0,1
er,19,10,5.885084522875239e-07,0.0014257411502161261,0.03975433906018391,0.27534263523077446,5.885084522875239e-07,0.0014257411502161261,6.528709686988e-12,0.0,7.2733470542536045e-12,2.721425467640739e-12,6.528709686988e-12,0.0,3.5058746723561547e-06,1,1,basket_1_main,0,0,1
er,20,0,0.0,0.0,0.0,0.0,0.0,0.0,0.0,0.0,0.0,0.0,0.0,0.0,0.0,1,1,basket_1_main,0,0,1
er,20,1,1.3230102928427994e-07,4.172149925892707e-05,0.011764660468801697,9.168431867521786e-05,1.3230102928427994e-07,4.172149925892707e-05,2.646020585685599e-06,1.456355061873303e-05,0.48987952659322886,0.00024200270542169602,2.646020585685599e-06,1.456355061873303e-05,1.799133491952449e-07,1,1,basket_1_main,0,0,1
er,20,2,5.523366696674242e-05,0.04278911194443198,0.04249833989884236,0.08101513602429931,5.523366696674242e-05,0.04278911194443198,0.0011041538423472558,0.014950363667188597,0.04773287816104929,0.3789571414669359,0.0011041538423472558,0.014950363667188597,8.886366798544897e-06,1,1,basket_1_main,0,0,1
er,20,3,1.8622336587982759e-06,0.0017243353325906807,0.03991646373053683,0.2663822698827167,1.8622336587982759e-06,0.0017243353325906807,0.0011351554577550818,0.015266427876288584,0.009776877648407668,0.009680162978972135,0.0011351554577550818,0.015266427876288584,3.180751649616396e-06,1,1,basket_1_main,0,0,1
er,20,4,5.893544258552577e-07,0.0014257437065314346,0.03976122457537204,0.2749600964939563,5.893544258552577e-07,0.0014257437065314346,2.598565092183219e-05,0.00033834076660511393,0.0004087934628489039,0.00039309546113840165,2.598565092183219e-05,0.00033834076660511393,3.4576853962630735e-06,1,1,basket_1_main,0,0,1
er,20,5,5.88509616052214e-07,0.0014257426840058615,0.03975463613114774,0.2753259250424914,5.88509616052214e-07,0.0014257426840058615,5.935924858640409e-08,0.0,1.7630434743780078e-05,1.716309169858402e-05,5.935924858640409e-08,0.0,3.5025716030174283e-06,1,1,basket_1_main,0,0,1
er,20,6,5.885084642244062e-07,0.0014257406389525146,0.03975435188356823,0.2753419051317558,5.885084642244062e-07,0.0014257406389525146,2.5025823202831653e-09,0.0,7.611045787003177e-07,7.499679916906277e-07,2.5025823202831653e-09,0.0,3.505680029605919e-06,1,1,basket_1_main,0,0,1
er,20,7,5.885084411282564e-07,0.0014257452403184199,0.03975433961368402,0.2753426033565072,5.885084411282564e-07,0.0014257452403184199,1.0319966614889625e-10,0.0,3.285881701491522e-08,3.2761772690529256e-08,1.0319966614889625e-10,0.0,3.5058640145064138e-06,1,1,basket_1_main,0,0,1
er,20,8,5.885084437250935e-07,0.0014257477966263948,0.039754339084028194,0.27534263385943974,5.885084437250935e-07,0.0014257477966263948,2.025036311325929e-12,0.0,1.4191621013165855e-09,1.4307352509731378e-09,2.025036311325929e-12,0.0,3.505874115810929e-06,1,1,basket_1_main,0,0,1
er,20,9,5.885084475189666e-07,0.0014257447290562748,0.03975433906116745,0.27534263518312185,5.885084475189666e-07,0.0014257447290562748,6.332395808533673e-12,0.0,6.218050036001422e-11,6.246405835378635e-11,6.332395808533673e-12,0.0,3.5058746456760776e-06,1,1,basket_1_main,0,0,1
er,20,10,5.885084514067137e-07,0.0014257396164247412,0.0397543390601839,0.27534263522547975,5.885084514067137e-07,0.0014257396164247412,6.52745602198185e-12,0.0,7.273682321531184e-12,2.7216927570254585e-12,6.52745602198185e-12,0.0,3.5058746726362198e-06,1,1,basket_1_main,0,0,1
er,21,0,0.0,0.0,0.0,0.0,0.0,0.0,0.0,0.0,0.0,0.0,0.0,0.0,0.0,1,1,basket_1_main,0,0,1
er,21,1,1.3230102947555772e-07,4.189584811402352e-05,0.011764660468801782,9.177173169662679e-05,1.3230102947555772e-07,4.189584811402352e-05,2.646020589511154e-06,1.4624409850103343e-05,0.4898795265932319,0.00024200270228539605,2.646020589511154e-06,1.4624409850103343e-05,1.799133491889321e-07,1,1,basket_1_main,0,0,1
er,21,2,5.5233666968402665e-05,0.04278911192739659,0.042498339898842906,0.08101513597931206,5.5233666968402665e-05,0.04278911192739659,0.0011041538423804712,0.014950363726597088,0.0477328781608161,0.37895714147670373,0.0011041538423804712,0.014950363726597088,8.886366798093868e-06,1,1,basket_1_main,0,0,1
er,21,3,1.8622336517896174e-06,0.0017243281461542296,0.03991646373053652,0.26638226985808894,1.8622336517896174e-06,0.0017243281461542296,0.0011351554576605745,0.015266427765749355,0.009776877648397735,0.009680162979352697,0.0011351554576605745,0.015266427765749355,3.1807516494762086e-06,1,1,basket_1_main,0,0,1
er,21,4,5.893544180124721e-07,0.001425736548837021,0.039761224575371894,0.274960096475399,5.893544180124721e-07,0.001425736548837021,2.598565093748825e-05,0.00033833236618013634,0.0004087934628494188,0.0003930954611620878,2.598565093748825e-05,0.00033833236618013634,3.457685396216483e-06,1,1,basket_1_main,0,0,1
er,21,5,5.885096082646819e-07,0.0014257503529297867,0.03975463613114768,0.2753259250689667,5.885096082646819e-07,0.0014257503529297867,5.9359249985413705e-08,0.0,1.7630434734569706e-05,1.7163091730471768e-05,5.9359249985413705e-08,0.0,3.502571602967999e-06,1,1,basket_1_main,0,0,1
er,21,6,5.885084564214122e-07,0.0014257488191483014,0.039754351883568274,0.2753419051608769,5.885084564214122e-07,0.0014257488191483014,2.5025806957339095e-09,1.5196262340524151e-06,7.611045792115485e-07,7.499679916788133e-07,2.5025806957339095e-09,1.5196262340524151e-06,3.5056800296961595e-06,1,1,basket_1_main,0,0,1
er,21,7,5.885084333185136e-07,0.001425746774103755,0.03975433961368408,0.27534260338827554,5.885084333185136e-07,0.001425746774103755,1.0319685253539811e-10,1.032382731180714e-06,3.285881534001254e-08,3.276176246560155e-08,1.0319685253539811e-10,1.032382731180714e-06,3.5058640147021034e-06,1,1,basket_1_main,0,0,1
er,21,8,5.885084359186367e-07,0.0014257508641899149,0.03975433908402826,0.2753426338965029,5.885084359186367e-07,0.0014257508641899149,2.0230284872517764e-12,1.3328003749250115e-06,1.419163278146316e-09,1.4307485737920524e-09,2.0230284872517764e-12,1.3328003749250115e-06,3.5058741160066855e-06,1,1,basket_1_main,0,0,1
er,21,9,5.885084397138752e-07,0.0014257421727428,0.03975433906116742,0.275342635191064,5.885084397138752e-07,0.0014257421727428,6.333504703613531e-12,0.0,6.218175438029913e-11,6.250650782939551e-11,6.333504703613531e-12,0.0,3.505874645870593e-06,1,1,basket_1_main,0,0,1
er,21,10,5.885084435969497e-07,0.0014257375713669944,0.039754339060183864,0.27534263523606917,5.885084435969497e-07,0.0014257375713669944,6.527040272569915e-12,0.0,7.273538786108562e-12,2.7210460614590063e-12,6.527040272569915e-12,0.0,3.5058746728317734e-06,1,1,basket_1_main,0,0,1
er,22,0,0.0,0.0,0.0,0.0,0.0,0.0,0.0,0.0,0.0,0.0,0.0,0.0,0.0,1,1,basket_1_main,0,0,1
er,22,1,1.323010292328381e-07,4.189584811402352e-05,0.01176466046880181,9.177173169662679e-05,1.323010292328381e-07,4.189584811402352e-05,2.6460205846567617e-06,1.4624409850103343e-05,0.48987952659323303,0.00024200270328280857,2.6460205846567617e-06,1.4624409850103343e-05,1.7991334918890108e-07,1,1,basket_1_main,0,0,1
er,22,2,5.523366696764303e-05,0.04278911213182135,0.04249833989884263,0.08101513609627892,5.523366696764303e-05,0.04278911213182135,0.0011041538423643637,0.014950363791946423,0.04773287816101458,0.378957141470171,0.0011041538423643637,0.014950363791946423,8.886366798369016e-06,1,1,basket_1_main,0,0,1
er,22,3,1.862233658792821e-06,0.0017243404053513196,0.039916463730536936,0.2663822699018716,1.862233658792821e-06,0.0017243404053513196,0.0011351554577699017,0.015266428004281374,0.009776877648402021,0.00968016297890578,0.0011351554577699017,0.015266428004281374,3.1807516498985422e-06,1,1,basket_1_main,0,0,1
er,22,4,5.893544258703961e-07,0.0014257508641899149,0.039761224575372185,0.2749600965178158,5.893544258703961e-07,0.0014257508641899149,2.598565091917621e-05,0.0003383475917968367,0.00040879346284617704,0.0003930954611622587,2.598565091917621e-05,0.0003383475917968367,3.4576853965129423e-06,1,1,basket_1_main,0,0,1
er,22,5,5.885096160869135e-07,0.001425749841669475,0.03975463613114782,0.2753259250716142,5.885096160869135e-07,0.001425749841669475,5.935924819448139e-08,1.8848643661548976e-06,1.7630434731093476e-05,1.7163091718061597e-05,5.935924819448139e-08,1.8848643661548976e-06,3.5025716032635913e-06,1,1,basket_1_main,0,0,1
er,22,6,5.885084642732567e-07,0.0014257416614795548,0.03975435188356826,0.2753419051291085,5.885084642732567e-07,0.0014257416614795548,2.5025821096317586e-09,0.0,7.611045771315848e-07,7.499679644802029e-07,2.5025821096317586e-09,0.0,3.5056800298529876e-06,1,1,basket_1_main,0,0,1
er,22,7,5.88508441165359e-07,0.0014257375713669944,0.03975433961368404,0.2753426033485651,5.88508441165359e-07,0.0014257375713669944,1.031985653630024e-10,0.0,3.2858815186357274e-08,3.27617768610319e-08,1.031985653630024e-10,0.0,3.505864014758903e-06,1,1,basket_1_main,0,0,1
er,22,8,5.885084437618063e-07,0.0014257411502161261,0.03975433908402821,0.27534263385414504,5.885084437618063e-07,0.0014257411502161261,2.0249182949415386e-12,0.0,1.4191606248780892e-09,1.4307492005461003e-09,2.0249182949415386e-12,0.0,3.505874116064021e-06,1,1,basket_1_main,0,0,1
er,22,9,5.885084475534278e-07,0.0014257396164247412,0.03975433906116753,0.27534263518576924,5.885084475534278e-07,0.0014257396164247412,6.331286390085145e-12,0.0,6.21804671229554e-11,6.246249355745897e-11,6.331286390085145e-12,0.0,3.5058746459291697e-06,1,1,basket_1_main,0,0,1
er,22,10,5.885084514740549e-07,0.001425734503774874,0.039754339060183976,0.27534263523077446,5.885084514740549e-07,0.001425734503774874,6.527601805088341e-12,0.0,7.273349185198003e-12,2.721713386990788e-12,6.527601805088341e-12,0.0,3.505874672889312e-06,1,1,basket_1_main,0,0,1
er,23,0,0.0,0.0,0.0,0.0,0.0,0.0,0.0,0.0,0.0,0.0,0.0,0.0,0.0,1,1,basket_1_main,0,0,1
er,23,1,1.3230102926386174e-07,4.172149925892707e-05,0.011764660468801655,9.169226875706027e-05,1.3230102926386174e-07,4.172149925892707e-05,2.6460205852772345e-06,1.456355061873303e-05,0.48987952659323153,0.00024200270681025627,2.6460205852772345e-06,1.456355061873303e-05,1.799133492221784e-07,1,1,basket_1_main,0,0,1
er,23,2,5.523366696844976e-05,0.042789111961467376,0.04249833989884262,0.08101513605129167,5.523366696844976e-05,0.042789111961467376,0.0011041538423817822,0.01495036367312945,0.04773287816100476,0.3789571414725771,0.0011041538423817822,0.01495036367312945,8.886366798112531e-06,1,1,basket_1_main,0,0,1
er,23,3,1.8622336582125765e-06,0.0017243374462427605,0.03991646373053682,0.26638226989366237,1.8622336582125765e-06,0.0017243374462427605,0.001135155457776647,0.015266427905377855,0.009776877648404942,0.009680162979044692,0.001135155457776647,0.015266427905377855,3.180751649553705e-06,1,1,basket_1_main,0,0,1
er,23,4,5.89354425170721e-07,0.0014257472853651664,0.03976122457537214,0.27496009651251363,5.89354425170721e-07,0.0014257472853651664,2.5985650922587016e-05,0.00033834365420303014,0.00040879346284607756,0.00039309546113818476,2.5985650922587016e-05,0.00033834365420303014,3.4576853962914606e-06,1,1,basket_1_main,0,0,1
er,23,5,5.885096154030777e-07,0.0014257472853651664,0.0397546361311478,0.2753259250689667,5.885096154030777e-07,0.0014257472853651664,5.935924833034864e-08,1.1920928955078127e-06,1.7630434733948e-05,1.7163091744758934e-05,5.935924833034864e-08,1.1920928955078127e-06,3.5025716030484166e-06,1,1,basket_1_main,0,0,1
er,23,6,5.885084635688422e-07,0.0014257457515803814,0.03975435188356838,0.2753419051608769,5.885084635688422e-07,0.0014257457515803814,2.5025793634292153e-09,0.0,7.611045800291137e-07,7.499679918905943e-07,2.5025793634292153e-09,0.0,3.5056800297772497e-06,1,1,basket_1_main,0,0,1
er,23,7,5.885084404656709e-07,0.0014257503529297867,0.0397543396136842,0.27534260338298083,5.885084404656709e-07,0.0014257503529297867,1.0320032085874839e-10,1.1151007970493858e-06,3.2858817884663095e-08,3.2761748700979875e-08,1.0320032085874839e-10,1.1151007970493858e-06,3.5058640147807533e-06,1,1,basket_1_main,0,0,1
er,23,8,5.885084430449515e-07,0.0014257544430056799,0.03975433908402835,0.2753426338912081,5.885084430449515e-07,0.0014257544430056799,2.02290111672316e-12,2.0647654623614285e-06,1.4191612048753817e-09,1.430722786718357e-09,2.02290111672316e-12,2.0647654623614285e-06,3.5058741160811312e-06,1,1,basket_1_main,0,0,1
er,23,9,5.885084468501366e-07,0.0014257452403184199,0.03975433906116751,0.27534263518312185,5.885084468501366e-07,0.0014257452403184199,6.3335062602489984e-12,1.57699067060029e-06,6.218010574975231e-11,6.24895602971896e-11,6.3335062602489984e-12,1.57699067060029e-06,3.5058746459450728e-06,1,1,basket_1_main,0,0,1
er,23,10,5.8850845073889e-07,0.0014257406389525146,0.03975433906018394,0.27534263522547975,5.8850845073889e-07,0.0014257406389525146,6.526902477026818e-12,0.0,7.2729608050929504e-12,2.7153383921689643e-12,6.526902477026818e-12,0.0,3.505874672906422e-06,1,1,basket_1_main,0,0,1
er,24,0,0.0,1.2074182697257333e-06,0.0,1.2074182697257333e-06,0.0,1.2074182697257333e-06,0.0,0.0,0.0,0.0,0.0,0.0,0.0,1,1,basket_1_main,0,0,1
er,24,1,1.3230102937630316e-07,4.1773880320684304e-05,0.011764660468801863,9.171611486784192e-05,1.3230102937630316e-07,4.1773880320684304e-05,2.646020587526063e-06,1.4581835058600117e-05,0.4898795265932152,0.0002420027000920042,2.646020587526063e-06,1.4581835058600117e-05,1.7991334915734908e-07,1,1,basket_1_main,0,0,1
er,24,2,5.523366696884802e-05,0.04278911209775056,0.04249833989884268,0.08101513606928656,5.523366696884802e-05,0.04278911209775056,0.0011041538423889972,0.014950363720656239,0.04773287816101012,0.37895714147313203,0.0011041538423889972,0.014950363720656239,8.886366798162537e-06,1,1,basket_1_main,0,0,1
er,24,3,1.862233658019527e-06,0.0017243323734734163,0.03991646373053682,0.26638226989366237,1.862233658019527e-06,0.0017243323734734163,0.001135155457777828,0.015266427864652874,0.009776877648403105,0.009680162978926756,0.001135155457777828,0.015266427864652874,3.180751649668117e-06,1,1,basket_1_main,0,0,1
er,24,4,5.89354425002738e-07,0.001425749841669475,0.03976122457537211,0.27496009651251363,5.89354425002738e-07,0.001425749841669475,2.5985650916884357e-05,0.00033834129162474993,0.0004087934628460332,0.0003930954611772775,2.5985650916884357e-05,0.00033834129162474993,3.4576853963355783e-06,1,1,basket_1_main,0,0,1
er,24,5,5.885096151924887e-07,0.0014257477966263948,0.039754636131147755,0.27532592505837655,5.885096151924887e-07,0.0014257477966263948,5.935924713197709e-08,1.3978528260658475e-06,1.763043473797732e-05,1.7163091717684024e-05,5.935924713197709e-08,1.3978528260658475e-06,3.502571603084484e-06,1,1,basket_1_main,0,0,1
er,24,6,5.885084633601182e-07,0.0014257462628421596,0.03975435188356831,0.27534190515293483,5.885084633601182e-07,0.0014257462628421596,2.5025815437256154e-09,0.0,7.611045775224015e-07,7.499679782120012e-07,2.5025815437256154e-09,0.0,3.505680029672693e-06,1,1,basket_1_main,0,0,1
er,24,7,5.885084402613463e-07,0.0014257426840058615,0.0397543396136841,0.27534260337239136,5.885084402613463e-07,0.0014257426840058615,1.031972858939027e-10,0.0,3.2858816953973673e-08,3.276175802872808e-08,1.031972858939027e-10,0.0,3.5058640145797795e-06,1,1,basket_1_main,0,0,1
er,24,8,5.885084428671861e-07,0.0014257477966263948,0.039754339084028284,0.2753426338832661,5.885084428671861e-07,0.0014257477966263948,2.0250403924668886e-12,0.0,1.4191615987860769e-09,1.430737634163404e-09,2.0250403924668886e-12,0.0,3.505874115885502e-06,1,1,basket_1_main,0,0,1
er,24,9,5.885084466737814e-07,0.0014257457515803814,0.039754339061167605,0.2753426352148902,5.885084466737814e-07,0.0014257457515803814,6.331150522993712e-12,0.0,6.218004511402839e-11,6.247762355414573e-11,6.331150522993712e-12,0.0,3.5058746457493544e-06,1,1,basket_1_main,0,0,1
er,24,10,5.885084505651137e-07,0.0014257411502161261,0.03975433906018405,0.2753426352598955,5.885084505651137e-07,0.0014257411502161261,6.5275967541737275e-12,0.0,7.273654669272766e-12,2.7214588826150394e-12,6.5275967541737275e-12,0.0,3.505874672709764e-06,1,1,basket_1_main,0,0,1
er,25,0,0.0,0.0,0.0,0.0,0.0,0.0,0.0,0.0,0.0,0.0,0.0,0.0,0.0,1,1,basket_1_main,0,0,1
er,25,1,1.3230102939915362e-07,4.172149925892707e-05,0.011764660468801683,9.169226875706027e-05,1.3230102939915362e-07,4.172149925892707e-05,2.6460205879830724e-06,1.456355061873303e-05,0.4898795265932303,0.00024200270397340797,2.6460205879830724e-06,1.456355061873303e-05,1.7991334920808143e-07,1,1,basket_1_main,0,0,1
er,25,2,5.523366696868038e-05,0.042789111910361194,0.04249833989884283,0.08101513601530186,5.523366696868038e-05,0.042789111910361194,0.0011041538423869695,0.014950363655306902,0.04773287816077723,0.37895714148092513,0.0011041538423869695,0.014950363655306902,8.886366798164408e-06,1,1,basket_1_main,0,0,1
er,25,3,1.8622336517554163e-06,0.001724332796204765,0.039916463730536644,0.2663822698690346,1.8622336517554163e-06,0.001724332796204765,0.0011351554576610867,0.015266427823927897,0.009776877648401287,0.00968016297929725,0.0011351554576610867,0.015266427823927897,3.180751649452922e-06,1,1,basket_1_main,0,0,1
er,25,4,5.893544179475204e-07,0.0014257406389525146,0.03976122457537194,0.2749600964807011,5.893544179475204e-07,0.0014257406389525146,2.5985650935610866e-05,0.0003383376164701891,0.00040879346284782275,0.000393095461190591,2.5985650935610866e-05,0.0003383376164701891,3.457685396132635e-06,1,1,basket_1_main,0,0,1
er,25,5,5.885096081969529e-07,0.001425746774103755,0.0397546361311477,0.2753259250689667,5.885096081969529e-07,0.001425746774103755,5.935924828841302e-08,0.0,1.763043473354195e-05,1.71630917304523e-05,5.935924828841302e-08,0.0,3.502571602890401e-06,1,1,basket_1_main,0,0,1
er,25,6,5.8850845635763e-07,0.0014257457515803814,0.039754351883568295,0.2753419051635243,5.8850845635763e-07,0.0014257457515803814,2.5025817014866123e-09,0.0,7.611045780325804e-07,7.499679527020193e-07,2.5025817014866123e-09,0.0,3.5056800294796058e-06,1,1,basket_1_main,0,0,1
er,25,7,5.885084332434274e-07,0.001425749841669475,0.039754339613684096,0.27534260338298083,5.885084332434274e-07,0.001425749841669475,1.0320080983351044e-10,1.032382731180714e-06,3.285881620928572e-08,3.2761763103611644e-08,1.0320080983351044e-10,1.032382731180714e-06,3.505864014380107e-06,1,1,basket_1_main,0,0,1
er,25,8,5.885084358530492e-07,0.0014257534204878063,0.03975433908402827,0.2753426338912081,5.885084358530492e-07,0.0014257534204878063,2.0239195058741264e-12,1.9314112360500884e-06,1.419160649421331e-09,1.4307509481840368e-09,2.0239195058741264e-12,1.9314112360500884e-06,3.5058741156847118e-06,1,1,basket_1_main,0,0,1
er,25,9,5.885084396510696e-07,0.001425752909228595,0.039754339061167585,0.27534263522547975,5.885084396510696e-07,0.001425752909228595,6.3323979551982174e-12,2.1900144899933153e-06,6.218182134074852e-11,6.249239910807999e-11,6.3323979551982174e-12,2.1900144899933153e-06,3.5058746455486533e-06,1,1,basket_1_main,0,0,1
er,25,10,5.885084435616074e-07,0.0014257477966263948,0.03975433906018403,0.27534263527048486,5.885084435616074e-07,0.0014257477966263948,6.528572792274756e-12,1.632340423778195e-06,7.273819857790397e-12,2.721068331886135e-12,6.528572792274756e-12,1.632340423778195e-06,3.505874672509399e-06,1,1,basket_1_main,0,0,1
er,26,0,0.0,0.0,0.0,0.0,0.0,0.0,0.0,0.0,0.0,0.0,0.0,0.0,0.0,1,1,basket_1_main,0,0,1
er,26,1,1.3230102955081543e-07,4.168654198487225e-05,0.01176466046880196,9.16763679039524e-05,1.3230102955081543e-07,4.168654198487225e-05,2.6460205910163083e-06,1.4551348228137459e-05,0.48987952659320466,0.0002420027015975312,2.6460205910163083e-06,1.4551348228137459e-05,1.7991334912553073e-07,1,1,basket_1_main,0,0,1
er,26,2,5.523366696902977e-05,0.04278911201257357,0.042498339898843725,0.08101513606028912,5.523366696902977e-05,0.04278911201257357,0.0011041538423913074,0.014950363679070296,0.04773287816121247,0.37895714147118026,0.0011041538423913074,0.014950363679070296,8.88636679799708e-06,1,1,basket_1_main,0,0,1
er,26,3,1.862233647165549e-06,0.0017243370235125518,0.039916463730536714,0.26638226989092595,1.862233647165549e-06,0.0017243370235125518,0.001135155457579522,0.015266427917013563,0.009776877648396225,0.009680162979696377,0.001135155457579522,0.015266427917013563,3.1807516489649916e-06,1,1,basket_1_main,0,0,1
er,26,4,5.893544121777395e-07,0.0014257457515803814,0.039761224575372074,0.2749600965045605,5.893544121777395e-07,0.0014257457515803814,2.5985650955281455e-05,0.00033834286667876976,0.00040879346284871087,0.00039309546116188075,2.5985650955281455e-05,0.00033834286667876976,3.4576853956748587e-06,1,1,basket_1_main,0,0,1
er,26,5,5.885096024033709e-07,0.0014257437065314346,0.03975463613114771,0.27532592504778647,5.885096024033709e-07,0.0014257437065314346,5.935924844214453e-08,0.0,1.7630434737130578e-05,1.7163091718766173e-05,5.935924844214453e-08,0.0,3.502571602436478e-06,1,1,basket_1_main,0,0,1
er,26,6,5.885084505797645e-07,0.0014257426840058615,0.039754351883568274,0.2753419051449927,5.885084505797645e-07,0.0014257426840058615,2.5025814907552147e-09,0.0,7.611045783935301e-07,7.499679778938616e-07,2.5025814907552147e-09,0.0,3.505680029026672e-06,1,1,basket_1_main,0,0,1
er,26,7,5.885084274811573e-07,0.0014257472853651664,0.03975433961368408,0.27534260336709665,5.885084274811573e-07,0.0014257472853651664,1.0320080946260338e-10,0.0,3.285881873021529e-08,3.276177138003166e-08,1.0320080946260338e-10,0.0,3.5058640139271957e-06,1,1,basket_1_main,0,0,1
er,26,8,5.88508430057627e-07,0.0014257513754498598,0.039754339084028235,0.2753426338753239,5.88508430057627e-07,0.0014257513754498598,2.023904519871427e-12,1.4600096599955428e-06,1.4191610979621273e-09,1.4307350418089226e-09,2.023904519871427e-12,1.4600096599955428e-06,3.505874115231713e-06,1,1,basket_1_main,0,0,1
er,26,9,5.885084338631738e-07,0.0014257508641899149,0.03975433906116757,0.2753426352148902,5.885084338631738e-07,0.0014257508641899149,6.3311503422069294e-12,1.7881393432617192e-06,6.217929566377054e-11,6.249184472724017e-11,6.3311503422069294e-12,1.7881393432617192e-06,3.505874645095654e-06,1,1,basket_1_main,0,0,1
er,26,10,5.885084377742769e-07,0.001425746774103755,0.03975433906018403,0.27534263525724806,5.885084377742769e-07,0.001425746774103755,6.527458700172715e-12,1.264405455326821e-06,7.2742219809752284e-12,2.726932728401356e-12,6.527458700172715e-12,1.264405455326821e-06,3.5058746720557964e-06,1,1,basket_1_main,0,0,1
er,27,0,0.0,0.0,0.0,0.0,0.0,0.0,0.0,0.0,0.0,0.0,0.0,0.0,0.0,1,1,basket_1_main,0,0,1
er,27,1,1.3230102924027772e-07,4.1669052350376885e-05,0.011764660468801933,9.166046429243471e-05,1.3230102924027772e-07,4.1669052350376885e-05,2.646020584805554e-06,1.4545243193999168e-05,0.4898795265932126,0.00024200270113814627,2.646020584805554e-06,1.4545243193999168e-05,1.7991334914463665e-07,1,1,basket_1_main,0,0,1
er,27,2,5.523366696644531e-05,0.04278911194443198,0.04249833989884177,0.0810151360063044,5.523366696644531e-05,0.04278911194443198,0.0011041538423399947,0.014950363637484355,0.04773287816061646,0.3789571414758694,0.0011041538423399947,0.014950363637484355,8.886366798349878e-06,1,1,basket_1_main,0,0,1
er,27,3,1.8622336643293004e-06,0.0017243349098599538,0.03991646373053691,0.26638226987450747,1.8622336643293004e-06,0.0017243349098599538,0.0011351554578542169,0.01526642785883502,0.009776877648408483,0.009680162978441506,0.0011351554578542169,0.01526642785883502,3.1807516499386272e-06,1,1,basket_1_main,0,0,1
er,27,4,5.893544329520319e-07,0.0014257431952687397,0.03976122457537209,0.2749600964833521,5.893544329520319e-07,0.0014257431952687397,2.598565089461334e-05,0.00033834024158466326,0.0004087934628496042,0.0003930954611184853,2.598565089461334e-05,0.00033834024158466326,3.4576853965647286e-06,1,1,basket_1_main,0,0,1
er,27,5,5.885096231489178e-07,0.001425749841669475,0.03975463613114786,0.27532592507426173,5.885096231489178e-07,0.001425749841669475,5.935924850063388e-08,9.424321830774486e-07,1.76304347323741e-05,1.716309172856685e-05,5.935924850063388e-08,9.424321830774486e-07,3.5025716033165186e-06,1,1,basket_1_main,0,0,1
er,27,6,5.885084713164215e-07,0.0014257406389525146,0.03975435188356829,0.2753419051291085,5.885084713164215e-07,0.0014257406389525146,2.5025799311433677e-09,0.0,7.611045800887634e-07,7.49967978216693e-07,2.5025799311433677e-09,0.0,3.5056800299046634e-06,1,1,basket_1_main,0,0,1
er,27,7,5.885084481985824e-07,0.0014257385938962342,0.039754339613684096,0.2753426033565072,5.885084481985824e-07,0.0014257385938962342,1.0319848486814983e-10,0.0,3.285881613952037e-08,3.2761770247912063e-08,1.0319848486814983e-10,0.0,3.5058640148117835e-06,1,1,basket_1_main,0,0,1
er,27,8,5.885084507965316e-07,0.0014257421727428,0.03975433908402828,0.27534263386473445,5.885084507965316e-07,0.0014257421727428,2.0251624112131643e-12,0.0,1.4191633455979984e-09,1.430712417686733e-09,2.0251624112131643e-12,0.0,3.505874116116902e-06,1,1,basket_1_main,0,0,1
er,27,9,5.885084546086138e-07,0.0014257421727428,0.0397543390611676,0.2753426352016534,5.885084546086138e-07,0.0014257421727428,6.332261314569655e-12,0.0,6.21799591113591e-11,6.249235462868085e-11,6.332261314569655e-12,0.0,3.505874645980843e-06,1,1,basket_1_main,0,0,1
er,27,10,5.885084585290189e-07,0.0014257375713669944,0.03975433906018406,0.27534263524665864,5.885084585290189e-07,0.0014257375713669944,6.527460308872309e-12,0.0,7.272754414680263e-12,2.7075202458231865e-12,6.527460308872309e-12,0.0,3.5058746729415887e-06,1,1,basket_1_main,0,0,1
er,28,0,0.0,0.0,0.0,0.0,0.0,0.0,0.0,0.0,0.0,0.0,0.0,0.0,0.0,1,1,basket_1_main,0,0,1
er,28,1,1.3230102933524258e-07,4.1669052350376885e-05,0.01176466046880153,9.166841644308452e-05,1.3230102933524258e-07,4.1669052350376885e-05,2.6460205867048514e-06,1.4545243193999168e-05,0.48987952659323614,0.00024200270638548692,2.6460205867048514e-06,1.4545243193999168e-05,1.7991334922079385e-07,1,1,basket_1_main,0,0,1
er,28,2,5.523366696831793e-05,0.042789111978502783,0.042498339898841685,0.08101513603329676,5.523366696831793e-05,0.042789111978502783,0.0011041538423804983,0.01495036366124775,0.04773287816059216,0.3789571414753639,0.0011041538423804983,0.01495036366124775,8.886366798286258e-06,1,1,basket_1_main,0,0,1
er,28,3,1.862233661487919e-06,0.0017243361780518234,0.0399164637305368,0.2663822698827167,1.862233661487919e-06,0.0017243361780518234,0.0011351554578377377,0.015266427893742145,0.009776877648407333,0.009680162978273133,0.0011351554578377377,0.015266427893742145,3.1807516496277344e-06,1,1,basket_1_main,0,0,1
er,28,4,5.893544303573503e-07,0.0014257457515803814,0.039761224575372005,0.2749600965019095,5.893544303573503e-07,0.0014257457515803814,2.5985650888432415e-05,0.0003383423416615778,0.0004087934628454075,0.0003930954611508297,2.5985650888432415e-05,0.0003383423416615778,3.45768539627265e-06,1,1,basket_1_main,0,0,1
er,28,5,5.88509620576357e-07,0.0014257447290562748,0.039754636131147665,0.2753259250530815,5.88509620576357e-07,0.0014257447290562748,5.9359248200871086e-08,0.0,1.7630434738087847e-05,1.7163091703398125e-05,5.9359248200871086e-08,0.0,3.5025716030276837e-06,1,1,basket_1_main,0,0,1
er,28,6,5.885084687563269e-07,0.0014257431952687397,0.039754351883568205,0.2753419051449927,5.885084687563269e-07,0.0014257431952687397,2.502581626483324e-09,0.0,7.61104576706347e-07,7.499679664291182e-07,2.502581626483324e-09,0.0,3.5056800296159658e-06,1,1,basket_1_main,0,0,1
er,28,7,5.885084456572068e-07,0.00142574933040898,0.03975433961368403,0.27534260337503874,5.885084456572068e-07,0.00142574933040898,1.0320072875349517e-10,0.0,3.2858815271142017e-08,3.2761744973481953e-08,1.0320072875349517e-10,0.0,3.5058640145213554e-06,1,1,basket_1_main,0,0,1
er,28,8,5.885084482547382e-07,0.001425752909228595,0.039754339084028215,0.2753426338806187,5.885084482547382e-07,0.001425752909228595,2.023906332089837e-12,1.7881393432617192e-06,1.4191641716953762e-09,1.430724888772147e-09,2.023906332089837e-12,1.7881393432617192e-06,3.5058741158211086e-06,1,1,basket_1_main,0,0,1
er,28,9,5.885084520560867e-07,0.001425752909228595,0.03975433906116754,0.275342635220185,5.885084520560867e-07,0.001425752909228595,6.332259762269296e-12,2.1073424255447025e-06,6.217967161363098e-11,6.250343723280111e-11,6.332259762269296e-12,2.1073424255447025e-06,3.5058746456850498e-06,1,1,basket_1_main,0,0,1
er,28,10,5.885084559681232e-07,0.0014257477966263948,0.03975433906018399,0.27534263526519015,5.885084559681232e-07,0.0014257477966263948,6.527737734452876e-12,1.632340423778195e-06,7.2739179279012675e-12,2.7270955749056936e-12,6.527737734452876e-12,1.632340423778195e-06,3.505874672645593e-06,1,1,basket_1_main,0,0,1
er,29,0,0.0,0.0,0.0,0.0,0.0,0.0,0.0,0.0,0.0,0.0,0.0,0.0,0.0,1,1,basket_1_main,0,0,1
er,29,1,1.3230102938474025e-07,4.168654198487225e-05,0.011764660468801558,9.166841644308452e-05,1.3230102938474025e-07,4.168654198487225e-05,2.6460205876948046e-06,1.4551348228137459e-05,0.4898795265932333,0.0002420027043312993,2.6460205876948046e-06,1.4551348228137459e-05,1.7991334921759403e-07,1,1,basket_1_main,0,0,1
er,29,2,5.523366696771671e-05,0.0427891118762904,0.042498339898842455,0.08101513601530186,5.523366696771671e-05,0.0427891118762904,0.0011041538423680328,0.014950363631543506,0.047732878161011585,0.3789571414710764,0.0011041538423680328,0.014950363631543506,8.886366798157817e-06,1,1,basket_1_main,0,0,1
er,29,3,1.8622336576347897e-06,0.0017243340643981891,0.039916463730536686,0.2663822698827167,1.8622336576347897e-06,0.0017243340643981891,0.0011351554577540828,0.015266427835563605,0.009776877648402708,0.00968016297900851,0.0011351554577540828,0.015266427835563605,3.1807516493815493e-06,1,1,basket_1_main,0,0,1
er,29,4,5.893544246102362e-07,0.0014257437065314346,0.03976122457537198,0.27496009649925846,5.893544246102362e-07,0.0014257437065314346,2.5985650923206814e-05,0.00033833971656339776,0.00040879346284538763,0.00039309546113844014,2.5985650923206814e-05,0.00033833971656339776,3.457685396063392e-06,1,1,basket_1_main,0,0,1
er,29,5,5.88509614812834e-07,0.0014257426840058615,0.03975463613114765,0.275325925055729,5.88509614812834e-07,0.0014257426840058615,5.9359248380624e-08,0.0,1.7630434737180292e-05,1.716309172842956e-05,5.9359248380624e-08,0.0,3.5025716028221842e-06,1,1,basket_1_main,0,0,1
er,29,6,5.885084629733211e-07,0.001425749841669475,0.03975435188356822,0.27534190515293483,5.885084629733211e-07,0.001425749841669475,2.5025850541921524e-09,0.0,7.611045797544765e-07,7.499680034347002e-07,2.5025850541921524e-09,0.0,3.5056800294064975e-06,1,1,basket_1_main,0,0,1
er,29,7,5.885084398691028e-07,0.0014257483078874398,0.03975433961368404,0.2753426033803335,5.885084398691028e-07,0.0014257483078874398,1.0319853981108122e-10,1.3328003749250115e-06,3.285881582750886e-08,3.2761750404350076e-08,1.0319853981108122e-10,1.3328003749250115e-06,3.505864014311261e-06,1,1,basket_1_main,0,0,1
er,29,8,5.88508442468229e-07,0.001425752909228595,0.039754339084028235,0.2753426338912081,5.88508442468229e-07,0.001425752909228595,2.0241505654345015e-12,1.6858739404357618e-06,1.4191616281602239e-09,1.4307345002860644e-09,2.0241505654345015e-12,1.6858739404357618e-06,3.5058741156158213e-06,1,1,basket_1_main,0,0,1
er,29,9,5.885084462728365e-07,0.0014257426840058615,0.03975433906116737,0.2753426351804745,5.885084462728365e-07,0.0014257426840058615,6.332396011274373e-12,1.032382731180714e-06,6.218055367578864e-11,6.250409735260517e-11,6.332396011274373e-12,1.032382731180714e-06,3.505874645480333e-06,1,1,basket_1_main,0,0,1
er,29,10,5.885084501919052e-07,0.0014257385938962342,0.03975433906018382,0.27534263522547975,5.885084501919052e-07,0.0014257385938962342,6.5288490872428315e-12,0.0,7.274656794622299e-12,2.7296490877473662e-12,6.5288490872428315e-12,0.0,3.5058746724409207e-06,1,1,basket_1_main,0,0,1
er,30,0,0.0,0.0,0.0,0.0,0.0,0.0,0.0,0.0,0.0,0.0,0.0,0.0,0.0,1,1,basket_1_main,0,0,1
er,30,1,1.3230102933598394e-07,4.1669052350376885e-05,0.011764660468801863,9.166841644308452e-05,1.3230102933598394e-07,4.1669052350376885e-05,2.6460205867196787e-06,1.4545243193999168e-05,0.4898795265932112,0.0002420027047025234,2.6460205867196787e-06,1.4545243193999168e-05,1.799133491573367e-07,1,1,basket_1_main,0,0,1
er,30,2,5.523366696757667e-05,0.042789111978502783,0.0424983398988429,0.08101513602429931,5.523366696757667e-05,0.042789111978502783,0.001104153842362522,0.01495036366124775,0.04773287816115772,0.3789571414645192,0.001104153842362522,0.01495036366124775,8.886366798295185e-06,1,1,basket_1_main,0,0,1
er,30,3,1.862233655052078e-06,0.0017243294143510738,0.0399164637305367,0.26638226987177105,1.862233655052078e-06,0.0017243294143510738,0.001135155457703981,0.01526642780065648,0.009776877648401308,0.009680162979267087,0.001135155457703981,0.01526642780065648,3.1807516493734373e-06,1,1,basket_1_main,0,0,1
er,30,4,5.89354421406397e-07,0.0014257370601020994,0.03976122457537199,0.27496009648600317,5.89354421406397e-07,0.0014257370601020994,2.5985650934942913e-05,0.0003383334162446648,0.00040879346284786985,0.0003930954611607299,2.5985650934942913e-05,0.0003383334162446648,3.4576853960451103e-06,1,1,basket_1_main,0,0,1
er,30,5,5.885096116420033e-07,0.0014257442177939466,0.039754636131147776,0.2753259250398439,5.885096116420033e-07,0.0014257442177939466,5.9359250154555246e-08,0.0,1.763043475100587e-05,1.7163091717862205e-05,5.9359250154555246e-08,0.0,3.502571602796385e-06,1,1,basket_1_main,0,0,1
er,30,6,5.885084598047868e-07,0.0014257426840058615,0.03975435188356822,0.2753419051344032,5.885084598047868e-07,0.0014257426840058615,2.5025810743715013e-09,0.0,7.611045801006059e-07,7.49967977360231e-07,2.5025810743715013e-09,0.0,3.5056800293842358e-06,1,1,basket_1_main,0,0,1
er,30,7,5.885084366885202e-07,0.0014257396164247412,0.039754339613684,0.27534260335385985,5.885084366885202e-07,0.0014257396164247412,1.0319728631264672e-10,0.0,3.285881689388304e-08,3.276177589613544e-08,1.0319728631264672e-10,0.0,3.5058640142913817e-06,1,1,basket_1_main,0,0,1
er,30,8,5.885084392967393e-07,0.0014257431952687397,0.03975433908402818,0.2753426338620871,5.885084392967393e-07,0.0014257431952687397,2.0239188674067254e-12,0.0,1.419161594468606e-09,1.4307490411859223e-09,2.0239188674067254e-12,0.0,3.5058741155977088e-06,1,1,basket_1_main,0,0,1
er,30,9,5.885084430944941e-07,0.0014257416614795548,0.039754339061167474,0.2753426351937114,5.885084430944941e-07,0.0014257416614795548,6.33239730091793e-12,0.0,6.218006512062075e-11,6.250596268901719e-11,6.33239730091793e-12,0.0,3.505874645460309e-06,1,1,basket_1_main,0,0,1
er,30,10,5.88508446974991e-07,0.0014257375713669944,0.039754339060183934,0.2753426352413639,5.88508446974991e-07,0.0014257375713669944,6.527454781956084e-12,0.0,7.273360327588316e-12,2.7218866233044085e-12,6.527454781956084e-12,0.0,3.5058746724207185e-06,1,1,basket_1_main,0,0,1
er,31,0,0.0,0.0,0.0,0.0,0.0,0.0,0.0,0.0,0.0,0.0,0.0,0.0,0.0,1,1,basket_1_main,0,0,1
er,31,1,1.3230102941767312e-07,4.189584811402352e-05,0.0117646604688016,9.177173169662679e-05,1.3230102941767312e-07,4.189584811402352e-05,2.6460205883534625e-06,1.4624409850103343e-05,0.48987952659325024,0.00024200270290852908,2.6460205883534625e-06,1.4624409850103343e-05,1.799133492002135e-07,1,1,basket_1_main,0,0,1
er,31,2,5.5233666967970305e-05,0.04278911216589215,0.04249833989884284,0.08101513613226871,5.5233666967970305e-05,0.04278911216589215,0.0011041538423733693,0.01495036380382812,0.04773287816109375,0.3789571414710791,0.0011041538423733693,0.01495036380382812,8.886366798253767e-06,1,1,basket_1_main,0,0,1
er,31,3,1.8622336547842348e-06,0.001724339982621836,0.039916463730536776,0.2663822699073444,1.8622336547842348e-06,0.001724339982621836,0.0011351554577027354,0.015266428010099229,0.009776877648401022,0.009680162979255776,0.0011351554577027354,0.015266428010099229,3.1807516495558564e-06,1,1,basket_1_main,0,0,1
er,31,4,5.893544209792472e-07,0.0014257431952687397,0.03976122457537201,0.2749600964833521,5.893544209792472e-07,0.0014257431952687397,2.598565093577346e-05,0.000338343391695147,0.0004087934628593229,0.0003930954611377573,2.598565093577346e-05,0.000338343391695147,3.4576853962451024e-06,1,1,basket_1_main,0,0,1
er,31,5,5.885096112010703e-07,0.0014257503529297867,0.039754636131147714,0.2753259250795568,5.885096112010703e-07,0.0014257503529297867,5.9359248447901244e-08,1.1151007970493858e-06,1.7630434732841982e-05,1.716309173024682e-05,5.9359248447901244e-08,1.1151007970493858e-06,3.5025716030004398e-06,1,1,basket_1_main,0,0,1
er,31,6,5.885084593613342e-07,0.0014257416614795548,0.03975435188356814,0.2753419051317558,5.885084593613342e-07,0.0014257416614795548,2.5025799842836174e-09,0.0,7.611045795469156e-07,7.499680049290766e-07,2.5025799842836174e-09,0.0,3.505680029727949e-06,1,1,basket_1_main,0,0,1
er,31,7,5.885084362586932e-07,0.0014257375713669944,0.03975433961368393,0.27534260335121247,5.885084362586932e-07,0.0014257375713669944,1.0319777471568252e-10,0.0,3.2858817531841136e-08,3.276174494242132e-08,1.0319777471568252e-10,0.0,3.5058640147351326e-06,1,1,basket_1_main,0,0,1
er,31,8,5.885084388659274e-07,0.0014257421727428,0.039754339084028104,0.2753426338620871,5.885084388659274e-07,0.0014257421727428,2.0231572868757606e-12,0.0,1.419160620282794e-09,1.4307498055859904e-09,2.0231572868757606e-12,0.0,3.5058741160390993e-06,1,1,basket_1_main,0,0,1
er,31,9,5.88508442686599e-07,0.0014257406389525146,0.03975433906116742,0.2753426351937114,5.88508442686599e-07,0.0014257406389525146,6.332401889233866e-12,0.0,6.218054514282927e-11,6.250479404772034e-11,6.332401889233866e-12,0.0,3.505874645904215e-06,1,1,basket_1_main,0,0,1
er,31,10,5.885084465932245e-07,0.001425735526306314,0.03975433906018387,0.27534263523606917,5.885084465932245e-07,0.001425735526306314,6.528154453178726e-12,0.0,7.273341197080152e-12,2.716555532629285e-12,6.528154453178726e-12,0.0,3.505874672865417e-06,1,1,basket_1_main,0,0,1
er,32,0,0.0,0.0,0.0,0.0,0.0,0.0,0.0,0.0,0.0,0.0,0.0,0.0,0.0,1,1,basket_1_main,0,0,1
er,32,1,1.3230102923439349e-07,4.172149925892707e-05,0.011764660468801782,9.169226875706027e-05,1.3230102923439349e-07,4.172149925892707e-05,2.6460205846878694e-06,1.456355061873303e-05,0.48987952659322526,0.000242002702421127,2.6460205846878694e-06,1.456355061873303e-05,1.7991334919215366e-07,1,1,basket_1_main,0,0,1
er,32,2,5.523366696809841e-05,0.04278911199553818,0.04249833989884207,0.08101513602429931,5.523366696809841e-05,0.04278911199553818,0.0011041538423752317,0.014950363690951993,0.04773287816087332,0.378957141468689,0.0011041538423752317,0.014950363690951993,8.88636679805014e-06,1,1,basket_1_main,0,0,1
er,32,3,1.8622336630274491e-06,0.001724331950741964,0.03991646373053688,0.2663822698827167,1.8622336630274491e-06,0.001724331950741964,0.0011351554578631882,0.015266427835563605,0.009776877648405123,0.009680162978535125,0.0011351554578631882,0.015266427835563605,3.1807516499447432e-06,1,1,basket_1_main,0,0,1
er,32,4,5.893544313059036e-07,0.0014257406389525146,0.03976122457537212,0.27496009649925846,5.893544313059036e-07,0.0014257406389525146,2.598565090031708e-05,0.00033833656641869646,0.00040879346284576016,0.0003930954611548943,2.598565090031708e-05,0.00033833656641869646,3.4576853965779517e-06,1,1,basket_1_main,0,0,1
er,32,5,5.885096214949394e-07,0.0014257477966263948,0.03975463613114778,0.275325925055729,5.885096214949394e-07,0.0014257477966263948,5.935924994667188e-08,0.0,1.763043473575545e-05,1.7163091731643675e-05,5.935924994667188e-08,0.0,3.5025716033226456e-06,1,1,basket_1_main,0,0,1
er,32,6,5.88508469653589e-07,0.0014257462628421596,0.03975435188356835,0.27534190515028745,5.88508469653589e-07,0.0014257462628421596,2.502580506794595e-09,5.960464477539062e-07,7.611045792073798e-07,7.499679784642445e-07,2.502580506794595e-09,5.960464477539062e-07,3.5056800299112753e-06,1,1,basket_1_main,0,0,1
er,32,7,5.885084465553467e-07,0.0014257437065314346,0.03975433961368416,0.27534260337239136,5.885084465553467e-07,0.0014257437065314346,1.0319739641567061e-10,0.0,3.285881702777995e-08,3.2761769088667947e-08,1.0319739641567061e-10,0.0,3.5058640148183946e-06,1,1,basket_1_main,0,0,1
er,32,8,5.885084491350451e-07,0.001425746774103755,0.03975433908402831,0.2753426338753239,5.885084491350451e-07,0.001425746774103755,2.0236702654600664e-12,0.0,1.419162057589866e-09,1.430734316256037e-09,2.0236702654600664e-12,0.0,3.5058741161229984e-06,1,1,basket_1_main,0,0,1
er,32,9,5.885084529212115e-07,0.0014257452403184199,0.03975433906116761,0.27534263520959557,5.885084529212115e-07,0.0014257452403184199,6.332395598564234e-12,0.0,6.217924431043519e-11,6.250664566987214e-11,6.332395598564234e-12,0.0,3.505874645987499e-06,1,1,basket_1_main,0,0,1
er,32,10,5.885084568246634e-07,0.0014257406389525146,0.039754339060184087,0.27534263525724806,5.885084568246634e-07,0.0014257406389525146,6.5274560521525775e-12,0.0,7.274865077438652e-12,2.727036297054831e-12,6.5274560521525775e-12,0.0,3.5058746729480643e-06,1,1,basket_1_main,0,0,1
er,33,0,0.0,0.0,0.0,0.0,0.0,0.0,0.0,0.0,0.0,0.0,0.0,0.0,0.0,1,1,basket_1_main,0,0,1
er,33,1,1.3230102946397052e-07,4.172149925892707e-05,0.011764660468801796,9.168431867521786e-05,1.3230102946397052e-07,4.172149925892707e-05,2.64602058927941e-06,1.456355061873303e-05,0.4898795265932122,0.0002420027069484941,2.64602058927941e-06,1.456355061873303e-05,1.7991334917327065e-07,1,1,basket_1_main,0,0,1
er,33,2,5.5233666967463434e-05,0.04278911189332579,0.042498339898841934,0.08101513599730696,5.5233666967463434e-05,0.04278911189332579,0.0011041538423611054,0.014950363625602658,0.047732878160777155,0.378957141474787,0.0011041538423611054,0.014950363625602658,8.886366798441874e-06,1,1,basket_1_main,0,0,1
er,33,3,1.8622336625586437e-06,0.0017243315280104081,0.0399164637305368,0.26638226985535257,1.8622336625586437e-06,0.0017243315280104081,0.0011351554578391042,0.015266427783202918,0.009776877648409956,0.009680162978506221,0.0011351554578391042,0.015266427783202918,3.1807516495681147e-06,1,1,basket_1_main,0,0,1
er,33,4,5.89354430863162e-07,0.0014257385938962342,0.03976122457537198,0.2749600964674459,5.89354430863162e-07,0.0014257385938962342,2.5985650897993645e-05,0.000338334991335347,0.00040879346284867607,0.0003930954611240989,2.5985650897993645e-05,0.000338334991335347,3.4576853962256724e-06,1,1,basket_1_main,0,0,1
er,33,5,5.88509621041606e-07,0.0014257457515803814,0.039754636131147776,0.27532592505837655,5.88509621041606e-07,0.0014257457515803814,5.935924865839312e-08,0.0,1.7630434735368647e-05,1.716309171776525e-05,5.935924865839312e-08,0.0,3.502571602980666e-06,1,1,basket_1_main,0,0,1
er,33,6,5.885084692033603e-07,0.0014257431952687397,0.03975435188356833,0.27534190514764006,5.885084692033603e-07,0.0014257431952687397,2.5025815444634336e-09,0.0,7.611045778395695e-07,7.499679913488641e-07,2.5025815444634336e-09,0.0,3.5056800295689656e-06,1,1,basket_1_main,0,0,1
er,33,7,5.885084461143297e-07,0.0014257483078874398,0.03975433961368414,0.27534260337239136,5.885084461143297e-07,0.0014257483078874398,1.031996659786449e-10,0.0,3.285881756982836e-08,3.276175629017057e-08,1.031996659786449e-10,0.0,3.5058640144700655e-06,1,1,basket_1_main,0,0,1
er,33,8,5.885084487170989e-07,0.0014257518867096216,0.039754339084028305,0.2753426338779713,5.885084487170989e-07,0.0014257518867096216,2.0241522173617836e-12,1.3978528260658475e-06,1.4191607894806368e-09,1.4307354805858545e-09,2.0241522173617836e-12,1.3978528260658475e-06,3.505874115773977e-06,1,1,basket_1_main,0,0,1
er,33,9,5.885084525386709e-07,0.001425749841669475,0.03975433906116762,0.27534263520959557,5.885084525386709e-07,0.001425749841669475,6.332401735475332e-12,1.632340423778195e-06,6.218177641413114e-11,6.249234555190483e-11,6.332401735475332e-12,1.632340423778195e-06,3.5058746456384333e-06,1,1,basket_1_main,0,0,1
er,33,10,5.885084564310023e-07,0.0014257457515803814,0.03975433906018407,0.2753426352546007,5.885084564310023e-07,0.0014257457515803814,6.528568295665213e-12,7.300048299977713e-07,7.273990484780395e-12,2.7216755829193303e-12,6.528568295665213e-12,7.300048299977713e-07,3.5058746725994463e-06,1,1,basket_1_main,0,0,1
er,34,0,0.0,0.0,0.0,0.0,0.0,0.0,0.0,0.0,0.0,0.0,0.0,0.0,0.0,1,1,basket_1_main,0,0,1
er,34,1,1.3230102933406025e-07,4.1651555371923165e-05,0.011764660468801627,9.165251145182346e-05,1.3230102933406025e-07,4.1651555371923165e-05,2.6460205866812047e-06,1.4539135596335812e-05,0.4898795265932245,0.00024200270504257736,2.6460205866812047e-06,1.4539135596335812e-05,1.7991334921116648e-07,1,1,basket_1_main,0,0,1
er,34,2,5.5233666967100606e-05,0.042789111842219604,0.04249833989884193,0.08101513597031461,5.5233666967100606e-05,0.042789111842219604,0.0011041538423551423,0.014950363601839262,0.04773287816086018,0.3789571414723121,0.0011041538423551423,0.014950363601839262,8.886366798313391e-06,1,1,basket_1_main,0,0,1
er,34,3,1.8622336610907676e-06,0.001724331950741964,0.03991646373053664,0.26638226985535257,1.8622336610907676e-06,0.001724331950741964,0.001135155457808319,0.015266427789020775,0.009776877648405399,0.009680162978740513,0.001135155457808319,0.015266427789020775,3.180751649479272e-06,1,1,basket_1_main,0,0,1
er,34,4,5.893544289291441e-07,0.0014257416614795548,0.03976122457537193,0.274960096475399,5.893544289291441e-07,0.0014257416614795548,2.5985650908748826e-05,0.0003383376164701891,0.0004087934628476615,0.0003930954611274891,2.5985650908748826e-05,0.0003383376164701891,3.4576853961898776e-06,1,1,basket_1_main,0,0,1
er,34,5,5.885096191387629e-07,0.0014257483078874398,0.0397546361311477,0.2753259250689667,5.885096191387629e-07,0.0014257483078874398,5.935924845848772e-08,0.0,1.7630434731978984e-05,1.716309171740841e-05,5.935924845848772e-08,0.0,3.5025716029468903e-06,1,1,basket_1_main,0,0,1
er,34,6,5.885084673029582e-07,0.0014257457515803814,0.03975435188356828,0.27534190515558216,5.885084673029582e-07,0.0014257457515803814,2.5025794158529914e-09,7.300048299977713e-07,7.611045800861132e-07,7.499679780719487e-07,2.5025794158529914e-09,7.300048299977713e-07,3.5056800296745123e-06,1,1,basket_1_main,0,0,1
er,34,7,5.885084441814486e-07,0.0014257442177939466,0.03975433961368409,0.27534260338298083,5.885084441814486e-07,0.0014257442177939466,1.0319780496493288e-10,0.0,3.285881527220616e-08,3.276177036394717e-08,1.0319780496493288e-10,0.0,3.505864014681039e-06,1,1,basket_1_main,0,0,1
er,34,8,5.885084467774943e-07,0.0014257483078874398,0.0397543390840283,0.2753426338965029,5.885084467774943e-07,0.0014257483078874398,2.024149170256691e-12,0.0,1.4191646216692856e-09,1.4307131416669683e-09,2.024149170256691e-12,0.0,3.505874115986247e-06,1,1,basket_1_main,0,0,1
er,34,9,5.88508450585701e-07,0.0014257406389525146,0.03975433906116744,0.2753426351937114,5.88508450585701e-07,0.0014257406389525146,6.333229247207301e-12,0.0,6.217996113618154e-11,6.249247440745029e-11,6.333229247207301e-12,0.0,3.505874645850188e-06,1,1,basket_1_main,0,0,1
er,34,10,5.885084544974852e-07,0.001425735526306314,0.0397543390601839,0.27534263523606917,5.885084544974852e-07,0.001425735526306314,6.527043855691256e-12,0.0,7.273895988744846e-12,2.727149846694773e-12,6.527043855691256e-12,0.0,3.505874672810934e-06,1,1,basket_1_main,0,0,1
er,35,0,0.0,1.2074182697257333e-06,0.0,1.2074182697257333e-06,0.0,1.2074182697257333e-06,0.0,0.0,0.0,0.0,0.0,0.0,0.0,1,1,basket_1_main,0,0,1
er,35,1,1.323010295182123e-07,4.175642726777265e-05,0.011764660468801754,9.170021814965895e-05,1.323010295182123e-07,4.175642726777265e-05,2.646020590364246e-06,1.4575742793843452e-05,0.4898795265932217,0.00024200270157186005,2.646020590364246e-06,1.4575742793843452e-05,1.799133491732831e-07,1,1,basket_1_main,0,0,1
er,35,2,5.523366696828594e-05,0.042789112046644366,0.04249833989884312,0.08101513602429931,5.523366696828594e-05,0.042789112046644366,0.00110415384237843,0.014950363690951993,0.0477328781611043,0.37895714147346965,0.00110415384237843,0.014950363690951993,8.886366797889841e-06,1,1,basket_1_main,0,0,1
er,35,3,1.8622336519937648e-06,0.0017243302598151185,0.03991646373053656,0.26638226987450747,1.8622336519937648e-06,0.0017243302598151185,0.001135155457660347,0.01526642781229219,0.009776877648395174,0.009680162979567242,0.001135155457660347,0.01526642781229219,3.180751649026016e-06,1,1,basket_1_main,0,0,1
er,35,4,5.893544175503935e-07,0.0014257385938962342,0.03976122457537194,0.27496009649130526,5.893544175503935e-07,0.0014257385938962342,2.5985650948408494e-05,0.0003383344663059343,0.0004087934628461575,0.0003930954611490303,2.5985650948408494e-05,0.0003383344663059343,3.4576853957424634e-06,1,1,basket_1_main,0,0,1
er,35,5,5.88509607762379e-07,0.0014257452403184199,0.03975463613114772,0.2753259250424914,5.88509607762379e-07,0.0014257452403184199,5.935925014328703e-08,0.0,1.7630434753492645e-05,1.7163091719232617e-05,5.935925014328703e-08,0.0,3.5025716024986735e-06,1,1,basket_1_main,0,0,1
er,35,6,5.885084559272253e-07,0.0014257447290562748,0.03975435188356816,0.2753419051396979,5.885084559272253e-07,0.0014257447290562748,2.502581074139809e-09,0.0,7.61104577482573e-07,7.499679784155643e-07,2.502581074139809e-09,0.0,3.5056800290879843e-06,1,1,basket_1_main,0,0,1
er,35,7,5.885084328251237e-07,0.0014257421727428,0.03975433961368397,0.27534260336444927,5.885084328251237e-07,0.0014257421727428,1.0319745177625507e-10,0.0,3.2858815363752873e-08,3.276176815090818e-08,1.0319745177625507e-10,0.0,3.5058640139951455e-06,1,1,basket_1_main,0,0,1
er,35,8,5.885084354365319e-07,0.0014257457515803814,0.03975433908402815,0.2753426338700292,5.885084354365319e-07,0.0014257457515803814,2.0239203195574176e-12,0.0,1.4191624088223281e-09,1.430748591196266e-09,2.0239203195574176e-12,0.0,3.5058741152996625e-06,1,1,basket_1_main,0,0,1
er,35,9,5.88508439223236e-07,0.0014257442177939466,0.039754339061167474,0.27534263520430075,5.88508439223236e-07,0.0014257442177939466,6.332395691642347e-12,0.0,6.218172768545705e-11,6.247919160864021e-11,6.332395691642347e-12,0.0,3.505874645164118e-06,1,1,basket_1_main,0,0,1
er,35,10,5.885084431362979e-07,0.0014257396164247412,0.039754339060183906,0.27534263524930597,5.885084431362979e-07,0.0014257396164247412,6.5274617292427555e-12,0.0,7.274236878001843e-12,2.7273085180716184e-12,6.5274617292427555e-12,0.0,3.5058746721251315e-06,1,1,basket_1_main,0,0,1
er,36,0,0.0,0.0,0.0,0.0,0.0,0.0,0.0,0.0,0.0,0.0,0.0,0.0,0.0,1,1,basket_1_main,0,0,1
er,36,1,1.3230102962564375e-07,4.175642726777265e-05,0.011764660468801655,9.170021814965895e-05,1.3230102962564375e-07,4.175642726777265e-05,2.646020592512875e-06,1.4575742793843452e-05,0.48987952659323586,0.00024200270284226267,2.646020592512875e-06,1.4575742793843452e-05,1.799133492048599e-07,1,1,basket_1_main,0,0,1
er,36,2,5.5233666967828756e-05,0.04278911194443198,0.0424983398988431,0.08101513602429931,5.5233666967828756e-05,0.04278911194443198,0.0011041538423704365,0.01495036366124775,0.047732878161021584,0.3789571414706282,0.0011041538423704365,0.01495036366124775,8.886366798258954e-06,1,1,basket_1_main,0,0,1
er,36,3,1.8622336511231562e-06,0.0017243366007822394,0.039916463730536623,0.2663822698854531,1.8622336511231562e-06,0.0017243366007822394,0.001135155457633496,0.015266427870470733,0.009776877648399523,0.009680162979429119,0.001135155457633496,0.015266427870470733,3.180751649109633e-06,1,1,basket_1_main,0,0,1
er,36,4,5.893544170310647e-07,0.0014257447290562748,0.03976122457537192,0.2749600964939563,5.893544170310647e-07,0.0014257447290562748,2.5985650942218912e-05,0.0003383415541342623,0.00040879346284787256,0.00039309546119050076,2.5985650942218912e-05,0.0003383415541342623,3.457685395852023e-06,1,1,basket_1_main,0,0,1
er,36,5,5.88509607292625e-07,0.0014257442177939466,0.03975463613114763,0.275325925050434,5.88509607292625e-07,0.0014257442177939466,5.9359248199083595e-08,0.0,1.7630434740599554e-05,1.7163091717512272e-05,5.9359248199083595e-08,0.0,3.502571602613992e-06,1,1,basket_1_main,0,0,1
er,36,6,5.885084554513916e-07,0.0014257442177939466,0.03975435188356818,0.27534190515028745,5.885084554513916e-07,0.0014257442177939466,2.5025806432623737e-09,0.0,7.611045805829944e-07,7.499679777609535e-07,2.5025806432623737e-09,0.0,3.505680029342325e-06,1,1,basket_1_main,0,0,1
er,36,7,5.88508432320739e-07,0.0014257488191483014,0.03975433961368397,0.27534260337239136,5.88508432320739e-07,0.0014257488191483014,1.0320015568551149e-10,0.0,3.285881477938608e-08,3.276176321840408e-08,1.0320015568551149e-10,0.0,3.5058640143464537e-06,1,1,basket_1_main,0,0,1
er,36,8,5.885084349275179e-07,0.001425752909228595,0.03975433908402815,0.2753426338806187,5.885084349275179e-07,0.001425752909228595,2.0231494989476676e-12,1.57699067060029e-06,1.4191624154952736e-09,1.4307495737098012e-09,2.0231494989476676e-12,1.57699067060029e-06,3.505874115646744e-06,1,1,basket_1_main,0,0,1
er,36,9,5.885084387112459e-07,0.0014257518867096216,0.039754339061167474,0.2753426352148902,5.885084387112459e-07,0.0014257518867096216,6.333505328869071e-12,1.8848643661548976e-06,6.218084715307429e-11,6.249222738314025e-11,6.333505328869071e-12,1.8848643661548976e-06,3.5058746455105965e-06,1,1,basket_1_main,0,0,1
er,36,10,5.885084426227153e-07,0.001425746774103755,0.039754339060183934,0.2753426352598955,5.885084426227153e-07,0.001425746774103755,6.5269036952235135e-12,1.3328003749250115e-06,7.274531252223861e-12,2.7268558620198487e-12,6.5269036952235135e-12,1.3328003749250115e-06,3.505874672470402e-06,1,1,basket_1_main,0,0,1
er,37,0,0.0,0.0,0.0,0.0,0.0,0.0,0.0,0.0,0.0,0.0,0.0,0.0,0.0,1,1,basket_1_main,0,0,1
er,37,1,1.3230102926218403e-07,4.189584811402352e-05,0.011764660468802018,9.177173169662679e-05,1.3230102926218403e-07,4.189584811402352e-05,2.6460205852436806e-06,1.4624409850103343e-05,0.48987952659321343,0.0002420026996396886,2.6460205852436806e-06,1.4624409850103343e-05,1.7991334911269419e-07,1,1,basket_1_main,0,0,1
er,37,2,5.523366696696039e-05,0.04278911199553818,0.04249833989884176,0.08101513601530186,5.523366696696039e-05,0.04278911199553818,0.0011041538423488526,0.014950363750360483,0.047732878160678484,0.37895714147770543,0.0011041538423488526,0.014950363750360483,8.886366798276808e-06,1,1,basket_1_main,0,0,1
er,37,3,1.862233663928288e-06,0.0017243294143510738,0.039916463730536894,0.26638226987177105,1.862233663928288e-06,0.0017243294143510738,0.0011351554578548468,0.01526642781229219,0.009776877648411845,0.009680162978478088,0.0011351554578548468,0.01526642781229219,3.1807516496932875e-06,1,1,basket_1_main,0,0,1
er,37,4,5.893544323425485e-07,0.0014257380826317061,0.03976122457537213,0.2749600964886542,5.893544323425485e-07,0.0014257380826317061,2.598565089627183e-05,0.0003383344663059343,0.0004087934628461206,0.0003930954611392685,2.598565089627183e-05,0.0003383344663059343,3.457685396368699e-06,1,1,basket_1_main,0,0,1
er,37,5,5.885096225338505e-07,0.0014257452403184199,0.03975463613114786,0.2753259250424914,5.885096225338505e-07,0.0014257452403184199,5.935925008719343e-08,0.0,1.763043474387729e-05,1.716309171084052e-05,5.935925008719343e-08,0.0,3.502571603118772e-06,1,1,basket_1_main,0,0,1
er,37,6,5.885084706874359e-07,0.0014257437065314346,0.03975435188356836,0.2753419051370506,5.885084706874359e-07,0.0014257437065314346,2.5025824267792215e-09,0.0,7.611045804186744e-07,7.499680035534449e-07,2.5025824267792215e-09,0.0,3.505680029707084e-06,1,1,basket_1_main,0,0,1
er,37,7,5.885084475736706e-07,0.0014257416614795548,0.03975433961368418,0.275342603361802,5.885084475736706e-07,0.0014257416614795548,1.0319854003732335e-10,0.0,3.285881757051566e-08,3.2761745910870387e-08,1.0319854003732335e-10,0.0,3.5058640146142135e-06,1,1,basket_1_main,0,0,1
er,37,8,5.885084501683083e-07,0.0014257457515803814,0.03975433908402836,0.2753426338753239,5.885084501683083e-07,0.0014257457515803814,2.024917476282262e-12,0.0,1.4191615604384264e-09,1.4307354497554078e-09,2.024917476282262e-12,0.0,3.5058741159193327e-06,1,1,basket_1_main,0,0,1
er,37,9,5.885084539701236e-07,0.0014257452403184199,0.03975433906116771,0.2753426352122429,5.885084539701236e-07,0.0014257452403184199,6.331289119964425e-12,0.0,6.218061614630318e-11,6.250385241358531e-11,6.331289119964425e-12,0.0,3.5058746457838773e-06,1,1,basket_1_main,0,0,1
er,37,10,5.885084578709878e-07,0.0014257416614795548,0.039754339060184156,0.27534263525724806,5.885084578709878e-07,0.0014257416614795548,6.528845944639203e-12,0.0,7.274347693585749e-12,2.729901710442e-12,6.528845944639203e-12,0.0,3.5058746727440195e-06,1,1,basket_1_main,0,0,1
er,38,0,0.0,0.0,0.0,0.0,0.0,0.0,0.0,0.0,0.0,0.0,0.0,0.0,0.0,1,1,basket_1_main,0,0,1
er,38,1,1.3230102929453566e-07,4.168654198487225e-05,0.011764660468801627,9.166841644308452e-05,1.3230102929453566e-07,4.168654198487225e-05,2.646020585890713e-06,1.4551348228137459e-05,0.4898795265932217,0.000242002705438688,2.646020585890713e-06,1.4551348228137459e-05,1.799133492080566e-07,1,1,basket_1_main,0,0,1
er,38,2,5.523366696917163e-05,0.042789111910361194,0.04249833989884264,0.08101513599730696,5.523366696917163e-05,0.042789111910361194,0.0011041538423970404,0.014950363649366052,0.047732878161096864,0.37895714146837556,0.0011041538423970404,0.014950363649366052,8.886366798315855e-06,1,1,basket_1_main,0,0,1
er,38,3,1.8622336545927704e-06,0.0017243344871291232,0.03991646373053672,0.2663822698662982,1.8622336545927704e-06,0.0017243344871291232,0.0011351554577218497,0.015266427847199315,0.009776877648405532,0.009680162978961303,0.0011351554577218497,0.015266427847199315,3.180751649467874e-06,1,1,basket_1_main,0,0,1
er,38,4,5.893544214394594e-07,0.0014257431952687397,0.039761224575371956,0.2749600964807011,5.893544214394594e-07,0.0014257431952687397,2.5985650922089225e-05,0.00033833971656339776,0.0004087934628481033,0.0003930954611363984,2.5985650922089225e-05,0.00033833971656339776,3.4576853961226444e-06,1,1,basket_1_main,0,0,1
er,38,5,5.885096116564743e-07,0.001425749841669475,0.03975463613114774,0.2753259250716142,5.885096116564743e-07,0.001425749841669475,5.9359248412007336e-08,8.429369702178807e-07,1.7630434735301047e-05,1.716309174377027e-05,5.9359248412007336e-08,8.429369702178807e-07,3.502571602878246e-06,1,1,basket_1_main,0,0,1
er,38,6,5.885084598054987e-07,0.0014257477966263948,0.03975435188356831,0.2753419051608769,5.885084598054987e-07,0.0014257477966263948,2.5025814937752826e-09,1.1920928955078127e-06,7.61104578228072e-07,7.499679915296428e-07,2.5025814937752826e-09,1.1920928955078127e-06,3.5056800294671895e-06,1,1,basket_1_main,0,0,1
er,38,7,5.885084366893975e-07,0.0014257452403184199,0.03975433961368413,0.27534260338827554,5.885084366893975e-07,0.0014257452403184199,1.0319873135969168e-10,0.0,3.285881659223285e-08,3.276176495599302e-08,1.0319873135969168e-10,0.0,3.5058640143743313e-06,1,1,basket_1_main,0,0,1
er,38,8,5.885084392870391e-07,0.0014257488191483014,0.0397543390840283,0.2753426338938555,5.885084392870391e-07,0.0014257488191483014,2.023796197841307e-12,7.300048299977713e-07,1.419162893016222e-09,1.430737106314715e-09,2.023796197841307e-12,7.300048299977713e-07,3.505874115679451e-06,1,1,basket_1_main,0,0,1
er,38,9,5.885084430848382e-07,0.0014257385938962342,0.039754339061167425,0.27534263518312185,5.885084430848382e-07,0.0014257385938962342,6.331423159419294e-12,0.0,6.218090105975895e-11,6.250578952245291e-11,6.331423159419294e-12,0.0,3.505874645543303e-06,1,1,basket_1_main,0,0,1
er,38,10,5.885084469674973e-07,0.001425734503774874,0.039754339060183885,0.2753426352281271,5.885084469674973e-07,0.001425734503774874,6.527453811575718e-12,0.0,7.273574111987528e-12,2.715636521229117e-12,6.527453811575718e-12,0.0,3.5058746725042715e-06,1,1,basket_1_main,0,0,1
er,39,0,0.0,0.0,0.0,0.0,0.0,0.0,0.0,0.0,0.0,0.0,0.0,0.0,0.0,1,1,basket_1_main,0,0,1
er,39,1,1.323010292975467e-07,4.1669052350376885e-05,0.011764660468801655,9.166841644308452e-05,1.323010292975467e-07,4.1669052350376885e-05,2.646020585950934e-06,1.4545243193999168e-05,0.48987952659323497,0.00024200270202811265,2.646020585950934e-06,1.4545243193999168e-05,1.7991334920800697e-07,1,1,basket_1_main,0,0,1
er,39,2,5.523366696842196e-05,0.04278911194443198,0.04249833989884181,0.0810151360063044,5.523366696842196e-05,0.04278911194443198,0.0011041538423813993,0.014950363655306902,0.047732878160487824,0.3789571414786355,0.0011041538423813993,0.014950363655306902,8.886366798144574e-06,1,1,basket_1_main,0,0,1
er,39,3,1.8622336623454574e-06,0.0017243344871291232,0.0399164637305368,0.2663822698690346,1.8622336623454574e-06,0.0017243344871291232,0.0011351554578541893,0.01526642785883502,0.009776877648412495,0.009680162978327857,0.0011351554578541893,0.01526642785883502,3.180751649672929e-06,1,1,basket_1_main,0,0,1
er,39,4,5.893544311918273e-07,0.0014257442177939466,0.03976122457537203,0.2749600964886542,5.893544311918273e-07,0.0014257442177939466,2.5985650888410145e-05,0.00033834024158466326,0.0004087934628477912,0.00039309546114852306,2.5985650888410145e-05,0.00033834024158466326,3.45768539634465e-06,1,1,basket_1_main,0,0,1
er,39,5,5.885096213823882e-07,0.0014257442177939466,0.03975463613114778,0.275325925045139,5.885096213823882e-07,0.0014257442177939466,5.935924859024087e-08,0.0,1.763043474582536e-05,1.716309170318087e-05,5.935924859024087e-08,0.0,3.5025716031009157e-06,1,1,basket_1_main,0,0,1
er,39,6,5.885084695494461e-07,0.0014257421727428,0.03975435188356825,0.2753419051370506,5.885084695494461e-07,0.0014257421727428,2.502581178218583e-09,0.0,7.611045774882241e-07,7.499679783205856e-07,2.502581178218583e-09,0.0,3.5056800296899376e-06,1,1,basket_1_main,0,0,1
er,39,7,5.885084464612298e-07,0.0014257406389525146,0.039754339613684055,0.27534260336444927,5.885084464612298e-07,0.0014257406389525146,1.0319739617725852e-10,0.0,3.285881443155946e-08,3.2761777047835925e-08,1.0319739617725852e-10,0.0,3.505864014597672e-06,1,1,basket_1_main,0,0,1
er,39,8,5.885084490567632e-07,0.0014257437065314346,0.039754339084028235,0.2753426338700292,5.885084490567632e-07,0.0014257437065314346,2.024156591753051e-12,0.0,1.4191641804691724e-09,1.4307289958736852e-09,2.024156591753051e-12,0.0,3.505874115902098e-06,1,1,basket_1_main,0,0,1
er,39,9,5.88508452856936e-07,0.0014257426840058615,0.03975433906116756,0.27534263520430075,5.88508452856936e-07,0.0014257426840058615,6.3322592483281075e-12,0.0,6.218129221562145e-11,6.249240926549106e-11,6.3322592483281075e-12,0.0,3.5058746457666427e-06,1,1,basket_1_main,0,0,1
er,39,10,5.885084567333966e-07,0.0014257447290562748,0.039754339060184,0.27534263524665864,5.885084567333966e-07,0.0014257447290562748,6.526048737324543e-12,0.0,7.274658648498045e-12,2.72142691162277e-12,6.526048737324543e-12,0.0,3.5058746727255775e-06,1,1,basket_1_main,0,0,1
er,40,0,0.0,0.0,0.0,0.0,0.0,0.0,0.0,0.0,0.0,0.0,0.0,0.0,0.0,1,1,basket_1_main,0,0,1
er,40,1,1.323010291392666e-07,4.1669052350376885e-05,0.011764660468802004,9.166841644308452e-05,1.323010291392666e-07,4.1669052350376885e-05,2.6460205827853318e-06,1.4545243193999168e-05,0.4898795265932012,0.00024200270154944693,2.6460205827853318e-06,1.4545243193999168e-05,1.7991334913478012e-07,1,1,basket_1_main,0,0,1
er,40,2,5.523366696748943e-05,0.04278911199553818,0.0424983398988425,0.08101513601530186,5.523366696748943e-05,0.04278911199553818,0.0011041538423593976,0.014950363667188597,0.047732878160758184,0.37895714147196574,0.0011041538423593976,0.014950363667188597,8.88636679862522e-06,1,1,basket_1_main,0,0,1
er,40,3,1.862233654658795e-06,0.0017243306825469851,0.03991646373053681,0.26638226987724384,1.862233654658795e-06,0.0017243306825469851,0.001135155457694677,0.015266427823927897,0.009776877648404379,0.009680162978773487,0.001135155457694677,0.015266427823927897,3.180751649697744e-06,1,1,basket_1_main,0,0,1
er,40,4,5.893544220842607e-07,0.0014257380826317061,0.039761224575372005,0.2749600964886542,5.893544220842607e-07,0.0014257380826317061,2.5985650915552326e-05,0.000338334991335347,0.0004087934628455269,0.0003930954611386982,2.5985650915552326e-05,0.000338334991335347,3.4576853963731717e-06,1,1,basket_1_main,0,0,1
er,40,5,5.885096123226532e-07,0.0014257523979691999,0.03975463613114778,0.2753259250795568,5.885096123226532e-07,0.0014257523979691999,5.935925003260608e-08,0.0,1.7630434733461177e-05,1.7163091711129073e-05,5.935925003260608e-08,0.0,3.5025716031198418e-06,1,1,basket_1_main,0,0,1
er,40,6,5.885084604631278e-07,0.0014257421727428,0.039754351883568205,0.2753419051291085,5.885084604631278e-07,0.0014257421727428,2.50258116105288e-09,7.300048299977713e-07,7.611045786870652e-07,7.499680053984861e-07,2.50258116105288e-09,7.300048299977713e-07,3.505680029846577e-06,1,1,basket_1_main,0,0,1
er,40,7,5.885084373758196e-07,0.0014257396164247412,0.03975433961368399,0.27534260335121247,5.885084373758196e-07,0.0014257396164247412,1.0319788488321142e-10,0.0,3.2858817522045624e-08,3.27617581305343e-08,1.0319788488321142e-10,0.0,3.5058640148530946e-06,1,1,basket_1_main,0,0,1
er,40,8,5.885084399662256e-07,0.0014257421727428,0.039754339084028145,0.27534263385414504,5.885084399662256e-07,0.0014257421727428,2.02267031067381e-12,0.0,1.4191615650407479e-09,1.4307366212112737e-09,2.02267031067381e-12,0.0,3.5058741161588164e-06,1,1,basket_1_main,0,0,1
er,40,9,5.885084437956105e-07,0.0014257401276887196,0.03975433906116745,0.27534263518312185,5.885084437956105e-07,0.0014257401276887196,6.3324031013242105e-12,0.0,6.218011552237122e-11,6.24752176821024e-11,6.3324031013242105e-12,0.0,3.5058746460226686e-06,1,1,basket_1_main,0,0,1
er,40,10,5.885084476932338e-07,0.001425734503774874,0.039754339060183885,0.27534263522547975,5.885084476932338e-07,0.001425734503774874,6.527181534104019e-12,0.0,7.274707228916829e-12,2.7305608810536786e-12,6.527181534104019e-12,0.0,3.5058746729836816e-06,1,1,basket_1_main,0,0,1
er,41,0,0.0,0.0,0.0,0.0,0.0,0.0,0.0,0.0,0.0,0.0,0.0,0.0,0.0,1,1,basket_1_main,0,0,1
er,41,1,1.3230102925087667e-07,4.1669052350376885e-05,0.01176466046880174,9.166841644308452e-05,1.3230102925087667e-07,4.1669052350376885e-05,2.6460205850175333e-06,1.4545243193999168e-05,0.4898795265932238,0.00024200270164228256,2.6460205850175333e-06,1.4545243193999168e-05,1.799133491921389e-07,1,1,basket_1_main,0,0,1
er,41,2,5.523366696942263e-05,0.042789111961467376,0.042498339898843475,0.08101513601530186,5.523366696942263e-05,0.042789111961467376,0.001104153842401183,0.014950363655306902,0.047732878161299376,0.37895714146314957,0.001104153842401183,0.014950363655306902,8.886366797964283e-06,1,1,basket_1_main,0,0,1
er,41,3,1.8622336497327702e-06,0.0017243306825469851,0.03991646373053654,0.26638226987177105,1.8622336497327702e-06,0.0017243306825469851,0.0011351554576410502,0.01526642781229219,0.009776877648391009,0.009680162979520927,0.0011351554576410502,0.01526642781229219,3.1807516493536536e-06,1,1,basket_1_main,0,0,1
er,41,4,5.893544151782124e-07,0.0014257370601020994,0.03976122457537189,0.27496009647805,5.893544151782124e-07,0.0014257370601020994,2.598565095023822e-05,0.0003383344663059343,0.0004087934628471171,0.0003930954611620256,2.598565095023822e-05,0.0003383344663059343,3.4576853960232052e-06,1,1,basket_1_main,0,0,1
er,41,5,5.885096054468414e-07,0.0014257518867096216,0.039754636131147665,0.2753259250716142,5.885096054468414e-07,0.0014257518867096216,5.9359250012017316e-08,0.0,1.7630434732500418e-05,1.7163091727706663e-05,5.9359250012017316e-08,0.0,3.5025716027741867e-06,1,1,basket_1_main,0,0,1
er,41,6,5.885084536199406e-07,0.0014257426840058615,0.0397543518835681,0.2753419051238137,5.885084536199406e-07,0.0014257426840058615,2.5025801191816545e-09,8.429369702178807e-07,7.611045775161446e-07,7.499679775427702e-07,2.5025801191816545e-09,8.429369702178807e-07,3.5056800293621286e-06,1,1,basket_1_main,0,0,1
er,41,7,5.885084305127069e-07,0.0014257406389525146,0.03975433961368389,0.27534260335121247,5.885084305127069e-07,0.0014257406389525146,1.0319829335194549e-10,0.0,3.2858813852041215e-08,3.276178450262622e-08,1.0319829335194549e-10,0.0,3.505864014269326e-06,1,1,basket_1_main,0,0,1
er,41,8,5.885084331361246e-07,0.0014257442177939466,0.03975433908402809,0.27534263385943974,5.885084331361246e-07,0.0014257442177939466,2.025166279419548e-12,0.0,1.4191624203605741e-09,1.4307490406397608e-09,2.025166279419548e-12,0.0,3.50587411557449e-06,1,1,basket_1_main,0,0,1
er,41,9,5.885084369356368e-07,0.0014257437065314346,0.03975433906116739,0.2753426351937114,5.885084369356368e-07,0.0014257437065314346,6.3311486879172845e-12,0.0,6.218007706974632e-11,6.250532783448035e-11,6.3311486879172845e-12,0.0,3.5058746454383785e-06,1,1,basket_1_main,0,0,1
er,41,10,5.885084408392173e-07,0.0014257385938962342,0.03975433906018385,0.2753426352413639,5.885084408392173e-07,0.0014257385938962342,6.527458742170536e-12,0.0,7.274530687785451e-12,2.7270892811002428e-12,6.527458742170536e-12,0.0,3.5058746723990107e-06,1,1,basket_1_main,0,0,1
er,42,0,0.0,0.0,0.0,0.0,0.0,0.0,0.0,0.0,0.0,0.0,0.0,0.0,0.0,1,1,basket_1_main,0,0,1
er,42,1,1.323010295366087e-07,4.172149925892707e-05,0.011764660468801988,9.168431867521786e-05,1.323010295366087e-07,4.172149925892707e-05,2.6460205907321737e-06,1.456355061873303e-05,0.4898795265932034,0.00024200269919496045,2.6460205907321737e-06,1.456355061873303e-05,1.7991334912233403e-07,1,1,basket_1_main,0,0,1
er,42,2,5.523366696746795e-05,0.042789112046644366,0.04249833989884178,0.08101513606028912,5.523366696746795e-05,0.042789112046644366,0.0011041538423606349,0.014950363685011146,0.04773287816049461,0.3789571414740818,0.0011041538423606349,0.014950363685011146,8.886366798111328e-06,1,1,basket_1_main,0,0,1
er,42,3,1.8622336636215786e-06,0.0017243306825469851,0.039916463730536755,0.26638226987724384,1.8622336636215786e-06,0.0017243306825469851,0.0011351554578637817,0.015266427823927897,0.009776877648407976,0.009680162978384711,0.0011351554578637817,0.015266427823927897,3.1807516496820046e-06,1,1,basket_1_main,0,0,1
er,42,4,5.893544324976529e-07,0.0014257396164247412,0.039761224575372005,0.2749600964939563,5.893544324976529e-07,0.0014257396164247412,2.598565089104479e-05,0.000338334991335347,0.0004087934628463411,0.00039309546114869566,2.598565089104479e-05,0.000338334991335347,3.4576853963688506e-06,1,1,basket_1_main,0,0,1
er,42,5,5.885096226855349e-07,0.0014257452403184199,0.039754636131147776,0.2753259250424914,5.885096226855349e-07,0.0014257452403184199,5.9359250290226015e-08,0.0,1.7630434752183424e-05,1.7163091730999903e-05,5.9359250290226015e-08,0.0,3.5025716031179025e-06,1,1,basket_1_main,0,0,1
er,42,6,5.885084708492183e-07,0.0014257442177939466,0.039754351883568205,0.2753419051370506,5.885084708492183e-07,0.0014257442177939466,2.502581074199648e-09,0.0,7.611045775404031e-07,7.499679718594104e-07,2.502581074199648e-09,0.0,3.5056800297060816e-06,1,1,basket_1_main,0,0,1
er,42,7,5.885084477388549e-07,0.0014257411502161261,0.039754339613684,0.27534260335915456,5.885084477388549e-07,0.0014257411502161261,1.0319734143762786e-10,0.0,3.285881697838442e-08,3.276178275560251e-08,1.0319734143762786e-10,0.0,3.5058640146132115e-06,1,1,basket_1_main,0,0,1
er,42,8,5.885084503237281e-07,0.0014257442177939466,0.039754339084028166,0.27534263386473445,5.885084503237281e-07,0.0014257442177939466,2.0237904303072296e-12,0.0,1.4191624829270348e-09,1.4307291234826213e-09,2.0237904303072296e-12,0.0,3.5058741159184196e-06,1,1,basket_1_main,0,0,1
er,42,9,5.885084541304898e-07,0.0014257431952687397,0.03975433906116747,0.27534263519900604,5.885084541304898e-07,0.0014257431952687397,6.3323991590823255e-12,0.0,6.217924408768888e-11,6.250664627993869e-11,6.3323991590823255e-12,0.0,3.505874645782316e-06,1,1,basket_1_main,0,0,1
er,42,10,5.885084580423591e-07,0.0014257385938962342,0.03975433906018395,0.2753426352413639,5.885084580423591e-07,0.0014257385938962342,6.527457504423306e-12,0.0,7.274839378090647e-12,2.7266761709138324e-12,6.527457504423306e-12,0.0,3.5058746727428367e-06,1,1,basket_1_main,0,0,1
er,43,0,0.0,0.0,0.0,0.0,0.0,0.0,0.0,0.0,0.0,0.0,0.0,0.0,0.0,1,1,basket_1_main,0,0,1
er,43,1,1.3230102953227269e-07,4.172149925892707e-05,0.011764660468801712,9.169226875706027e-05,1.3230102953227269e-07,4.172149925892707e-05,2.6460205906454536e-06,1.456355061873303e-05,0.4898795265932256,0.0002420027029283511,2.6460205906454536e-06,1.456355061873303e-05,1.7991334919531934e-07,1,1,basket_1_main,0,0,1
er,43,2,5.52336669684209e-05,0.04278911201257357,0.04249833989884232,0.08101513606028912,5.52336669684209e-05,0.04278911201257357,0.0011041538423817658,0.014950363690951993,0.047732878160618115,0.3789571414827373,0.0011041538423817658,0.014950363690951993,8.886366798155914e-06,1,1,basket_1_main,0,0,1
er,43,3,1.8622336573023005e-06,0.0017243366007822394,0.03991646373053674,0.2663822698854531,1.8622336573023005e-06,0.0017243366007822394,0.0011351554577568499,0.015266427905377855,0.009776877648404332,0.009680162978836122,0.0011351554577568499,0.015266427905377855,3.1807516496286394e-06,1,1,basket_1_main,0,0,1
er,43,4,5.893544245450657e-07,0.001425746774103755,0.03976122457537203,0.2749600965045605,5.893544245450657e-07,0.001425746774103755,2.598565091477499e-05,0.00033834286667876976,0.00040879346284535,0.0003930954611376604,2.598565091477499e-05,0.00033834286667876976,3.457685396304838e-06,1,1,basket_1_main,0,0,1
er,43,5,5.885096147487282e-07,0.0014257457515803814,0.03975463613114769,0.275325925055729,5.885096147487282e-07,0.0014257457515803814,5.9359248225837495e-08,7.300048299977713e-07,1.7630434737174335e-05,1.7163091717185453e-05,5.9359248225837495e-08,7.300048299977713e-07,3.5025716030618374e-06,1,1,basket_1_main,0,0,1
er,43,6,5.885084629358419e-07,0.0014257437065314346,0.03975435188356823,0.27534190514764006,5.885084629358419e-07,0.0014257437065314346,2.5025815733602794e-09,0.0,7.611045765293634e-07,7.499679932847732e-07,2.5025815733602794e-09,0.0,3.505680029650091e-06,1,1,basket_1_main,0,0,1
er,43,7,5.88508439821692e-07,0.0014257488191483014,0.03975433961368407,0.27534260337239136,5.88508439821692e-07,0.0014257488191483014,1.0319983240957457e-10,0.0,3.285881827638642e-08,3.2761731657807265e-08,1.0319983240957457e-10,0.0,3.505864014554854e-06,1,1,basket_1_main,0,0,1
er,43,8,5.885084423964409e-07,0.0014257513754498598,0.03975433908402822,0.2753426338753239,5.885084423964409e-07,0.0014257513754498598,2.022781154927905e-12,1.57699067060029e-06,1.4191636856089768e-09,1.4307318241222289e-09,2.022781154927905e-12,1.57699067060029e-06,3.5058741158552326e-06,1,1,basket_1_main,0,0,1
er,43,9,5.885084461981479e-07,0.0014257503529297867,0.03975433906116752,0.27534263520959557,5.885084461981479e-07,0.0014257503529297867,6.331149365369967e-12,1.7881393432617192e-06,6.218161134261697e-11,6.247738992137675e-11,6.331149365369967e-12,1.7881393432617192e-06,3.5058746457191513e-06,1,1,basket_1_main,0,0,1
er,43,10,5.885084500937025e-07,0.0014257457515803814,0.039754339060183976,0.27534263525195335,5.885084500937025e-07,0.0014257457515803814,6.527734895062845e-12,1.032382731180714e-06,7.27394847971019e-12,2.7215159332743296e-12,6.527734895062845e-12,1.032382731180714e-06,3.505874672679113e-06,1,1,basket_1_main,0,0,1
er,44,0,0.0,0.0,0.0,0.0,0.0,0.0,0.0,0.0,0.0,0.0,0.0,0.0,0.0,1,1,basket_1_main,0,0,1
er,44,1,1.323010293433491e-07,4.1669052350376885e-05,0.011764660468801627,9.166046429243471e-05,1.323010293433491e-07,4.1669052350376885e-05,2.646020586866982e-06,1.4545243193999168e-05,0.4898795265932358,0.00024200270295183834,2.646020586866982e-06,1.4545243193999168e-05,1.7991334920163834e-07,1,1,basket_1_main,0,0,1
er,44,2,5.523366696861478e-05,0.04278911192739659,0.04249833989884265,0.08101513601530186,5.523366696861478e-05,0.04278911192739659,0.001104153842385346,0.014950363643425202,0.04773287816089936,0.3789571414734384,0.001104153842385346,0.014950363643425202,8.886366798288138e-06,1,1,basket_1_main,0,0,1
er,44,3,1.862233654368758e-06,0.0017243361780518234,0.03991646373053677,0.2663822698827167,1.862233654368758e-06,0.0017243361780518234,0.0011351554577073992,0.015266427876288584,0.00977687764840188,0.00968016297892955,0.0011351554577073992,0.015266427876288584,3.180751649411203e-06,1,1,basket_1_main,0,0,1
er,44,4,5.893544213755087e-07,0.0014257462628421596,0.03976122457537202,0.27496009649925846,5.893544213755087e-07,0.0014257462628421596,2.5985650919905124e-05,0.0003383426041702756,0.00040879346284460744,0.00039309546113869173,2.5985650919905124e-05,0.0003383426041702756,3.457685396072916e-06,1,1,basket_1_main,0,0,1
er,44,5,5.885096115666813e-07,0.0014257452403184199,0.03975463613114771,0.2753259250530815,5.885096115666813e-07,0.0014257452403184199,5.935924858747028e-08,5.960464477539062e-07,1.7630434736283538e-05,1.716309173019367e-05,5.935924858747028e-08,5.960464477539062e-07,3.5025716028302056e-06,1,1,basket_1_main,0,0,1
er,44,6,5.885084597242207e-07,0.0014257437065314346,0.03975435188356826,0.2753419051449927,5.885084597242207e-07,0.0014257437065314346,2.5025814928315985e-09,0.0,7.611045795348944e-07,7.499680050574036e-07,2.5025814928315985e-09,0.0,3.5056800294187668e-06,1,1,basket_1_main,0,0,1
er,44,7,5.885084366280304e-07,0.0014257406389525146,0.039754339613684055,0.27534260336709665,5.885084366280304e-07,0.0014257406389525146,1.0319842908644134e-10,0.0,3.285881659721147e-08,3.276175837564591e-08,1.0319842908644134e-10,0.0,3.505864014325911e-06,1,1,basket_1_main,0,0,1
er,44,8,5.885084391973982e-07,0.0014257426840058615,0.03975433908402821,0.27534263386738184,5.885084391973982e-07,0.0014257426840058615,2.02390906814436e-12,0.0,1.419163752785041e-09,1.4307349139886364e-09,2.02390906814436e-12,0.0,3.505874115630427e-06,1,1,basket_1_main,0,0,1
er,44,9,5.885084430054594e-07,0.0014257411502161261,0.0397543390611675,0.2753426351963587,5.885084430054594e-07,0.0014257411502161261,6.3300397353920164e-12,0.0,6.218171666524469e-11,6.247788502915411e-11,6.3300397353920164e-12,0.0,3.5058746454955757e-06,1,1,basket_1_main,0,0,1
er,44,10,5.885084469088461e-07,0.0014257437065314346,0.03975433906018395,0.2753426352387165,5.885084469088461e-07,0.0014257437065314346,6.5273022619179035e-12,0.0,7.273153725794999e-12,2.7122719006105203e-12,6.5273022619179035e-12,0.0,3.505874672453907e-06,1,1,basket_1_main,0,0,1
er,45,0,0.0,0.0,0.0,0.0,0.0,0.0,0.0,0.0,0.0,0.0,0.0,0.0,0.0,1,1,basket_1_main,0,0,1
er,45,1,1.3230102953277738e-07,4.1773880320684304e-05,0.011764660468801308,9.170816685319311e-05,1.3230102953277738e-07,4.1773880320684304e-05,2.6460205906555477e-06,1.4581835058600117e-05,0.48987952659325706,0.00024200271032915677,2.6460205906555477e-06,1.4581835058600117e-05,1.7991334924313371e-07,1,1,basket_1_main,0,0,1
er,45,2,5.523366696811327e-05,0.042789112046644366,0.04249833989884139,0.08101513604229421,5.523366696811327e-05,0.042789112046644366,0.0011041538423781803,0.014950363702833692,0.04773287816063587,0.3789571414687557,0.0011041538423781803,0.014950363702833692,8.886366798346912e-06,1,1,basket_1_main,0,0,1
er,45,3,1.8622336652407998e-06,0.0017243302598151185,0.03991646373053682,0.26638226987724384,1.8622336652407998e-06,0.0017243302598151185,0.001135155457907398,0.015266427823927897,0.009776877648413904,0.009680162978035544,0.001135155457907398,0.015266427823927897,3.180751649815055e-06,1,1,basket_1_main,0,0,1
er,45,4,5.893544349940059e-07,0.0014257385938962342,0.039761224575371956,0.27496009649130526,5.893544349940059e-07,0.0014257385938962342,2.5985650874898252e-05,0.0003383344663059343,0.0004087934628461418,0.0003930954611510313,2.5985650874898252e-05,0.0003383344663059343,3.4576853964579178e-06,1,1,basket_1_main,0,0,1
er,45,5,5.88509625199838e-07,0.0014257442177939466,0.039754636131147755,0.2753259250398439,5.88509625199838e-07,0.0014257442177939466,5.935925003860199e-08,0.0,1.7630434756554473e-05,1.7163091729048136e-05,5.935925003860199e-08,0.0,3.502571603205115e-06,1,1,basket_1_main,0,0,1
er,45,6,5.885084733700467e-07,0.0014257437065314346,0.039754351883568156,0.2753419051370506,5.885084733700467e-07,0.0014257437065314346,2.5025810211514927e-09,0.0,7.611045775396794e-07,7.499679786315503e-07,2.5025810211514927e-09,0.0,3.5056800297933527e-06,1,1,basket_1_main,0,0,1
er,45,7,5.88508450256177e-07,0.0014257426840058615,0.039754339613684006,0.27534260336709665,5.88508450256177e-07,0.0014257426840058615,1.0319859530833855e-10,0.0,3.285881722675913e-08,3.276173093989419e-08,1.0319859530833855e-10,0.0,3.5058640146998744e-06,1,1,basket_1_main,0,0,1
er,45,8,5.885084528498736e-07,0.0014257452403184199,0.03975433908402816,0.2753426338700292,5.885084528498736e-07,0.0014257452403184199,2.0227896926204208e-12,0.0,1.4191633228687703e-09,1.4307236878976676e-09,2.0227896926204208e-12,0.0,3.5058741160055967e-06,1,1,basket_1_main,0,0,1
er,45,9,5.885084566393814e-07,0.0014257447290562748,0.03975433906116748,0.27534263520430075,5.885084566393814e-07,0.0014257447290562748,6.330037107695398e-12,0.0,6.217748975528386e-11,6.247558003341863e-11,6.330037107695398e-12,0.0,3.5058746458689343e-06,1,1,basket_1_main,0,0,1
er,45,10,5.885084605320947e-07,0.0014257391051605795,0.03975433906018392,0.27534263524665864,5.885084605320947e-07,0.0014257391051605795,6.527596991597581e-12,0.0,7.273879567765721e-12,2.7269675651209652e-12,6.527596991597581e-12,0.0,3.5058746728290765e-06,1,1,basket_1_main,0,0,1
er,46,0,0.0,0.0,0.0,0.0,0.0,0.0,0.0,0.0,0.0,0.0,0.0,0.0,0.0,1,1,basket_1_main,0,0,1
er,46,1,1.3230102918804895e-07,4.168654198487225e-05,0.011764660468801947,9.166841644308452e-05,1.3230102918804895e-07,4.168654198487225e-05,2.646020583760979e-06,1.4551348228137459e-05,0.48987952659320505,0.00024200270074955748,2.646020583760979e-06,1.4551348228137459e-05,1.7991334912549352e-07,1,1,basket_1_main,0,0,1
er,46,2,5.523366696815768e-05,0.042789111961467376,0.04249833989884251,0.08101513601530186,5.523366696815768e-05,0.042789111961467376,0.0011041538423733602,0.01495036366124775,0.047732878160885096,0.3789571414750799,0.0011041538423733602,0.01495036366124775,8.886366798188684e-06,1,1,basket_1_main,0,0,1
er,46,3,1.862233657014005e-06,0.0017243336416671515,0.039916463730536735,0.2663822698635618,1.862233657014005e-06,0.0017243336416671515,0.0011351554577484606,0.015266427853017168,0.00977687764840494,0.009680162979016308,0.0011351554577484606,0.015266427853017168,3.18075164956635e-06,1,1,basket_1_main,0,0,1
er,46,4,5.893544241502746e-07,0.0014257426840058615,0.039761224575372026,0.2749600964833521,5.893544241502746e-07,0.0014257426840058615,2.5985650918367017e-05,0.0003383391915413177,0.00040879346284678576,0.0003930954611621491,2.5985650918367017e-05,0.0003383391915413177,3.457685396249754e-06,1,1,basket_1_main,0,0,1
er,46,5,5.885096143963926e-07,0.00142574933040898,0.03975463613114781,0.2753259250716142,5.885096143963926e-07,0.00142574933040898,5.9359248354734224e-08,8.429369702178807e-07,1.7630434732275924e-05,1.7163091733846066e-05,5.9359248354734224e-08,8.429369702178807e-07,3.502571603007975e-06,1,1,basket_1_main,0,0,1
er,46,6,5.885084625604858e-07,0.0014257406389525146,0.03975435188356824,0.2753419051291085,5.885084625604858e-07,0.0014257406389525146,2.5025800360326578e-09,0.0,7.611045783659925e-07,7.499679788195098e-07,2.5025800360326578e-09,0.0,3.505680029596206e-06,1,1,basket_1_main,0,0,1
er,46,7,5.885084394700114e-07,0.0014257375713669944,0.03975433961368406,0.27534260335121247,5.885084394700114e-07,0.0014257375713669944,1.0319728569799615e-10,0.0,3.285881702716707e-08,3.2761762558633054e-08,1.0319728569799615e-10,0.0,3.505864014503945e-06,1,1,basket_1_main,0,0,1
er,46,8,5.885084420670007e-07,0.0014257421727428,0.03975433908402823,0.2753426338620871,5.885084420670007e-07,0.0014257421727428,2.025161976865771e-12,0.0,1.4191615091417133e-09,1.4307500080966027e-09,2.025161976865771e-12,0.0,3.505874115807857e-06,1,1,basket_1_main,0,0,1
er,46,9,5.885084458474651e-07,0.0014257396164247412,0.039754339061167536,0.27534263518841656,5.885084458474651e-07,0.0014257396164247412,6.332394617699433e-12,0.0,6.218165170127252e-11,6.247846832473576e-11,6.332394617699433e-12,0.0,3.5058746456723574e-06,1,1,basket_1_main,0,0,1
er,46,10,5.885084497474417e-07,0.0014257421727428,0.03975433906018398,0.27534263523077446,5.885084497474417e-07,0.0014257421727428,6.525775232389876e-12,0.0,7.274080704823189e-12,2.7217650820250798e-12,6.525775232389876e-12,0.0,3.5058746726321184e-06,1,1,basket_1_main,0,0,1
er,47,0,0.0,0.0,0.0,0.0,0.0,0.0,0.0,0.0,0.0,0.0,0.0,0.0,0.0,1,1,basket_1_main,0,0,1
er,47,1,1.3230102934941879e-07,4.1669052350376885e-05,0.011764660468801933,9.165251145182346e-05,1.3230102934941879e-07,4.1669052350376885e-05,2.6460205869883757e-06,1.4545243193999168e-05,0.48987952659320294,0.0002420027031972037,2.6460205869883757e-06,1.4545243193999168e-05,1.7991334912870266e-07,1,1,basket_1_main,0,0,1
er,47,2,5.5233666966814824e-05,0.04278911194443198,0.04249833989884273,0.08101513599730696,5.5233666966814824e-05,0.04278911194443198,0.001104153842347389,0.014950363655306902,0.047732878161062746,0.3789571414711257,0.001104153842347389,0.014950363655306902,8.88636679828428e-06,1,1,basket_1_main,0,0,1
er,47,3,1.8622336559604095e-06,0.0017243294143510738,0.039916463730536755,0.26638226987177105,1.8622336559604095e-06,0.0017243294143510738,0.0011351554577036472,0.015266427794838625,0.00977687764840376,0.009680162979295175,0.0011351554577036472,0.015266427794838625,3.1807516491982065e-06,1,1,basket_1_main,0,0,1
er,47,4,5.893544222038304e-07,0.0014257370601020994,0.03976122457537206,0.27496009648600317,5.893544222038304e-07,0.0014257370601020994,2.5985650935728404e-05,0.0003383339412757069,0.00040879346284829367,0.00039309546115124717,2.5985650935728404e-05,0.0003383339412757069,3.4576853958982945e-06,1,1,basket_1_main,0,0,1
er,47,5,5.885096124124155e-07,0.0014257437065314346,0.03975463613114783,0.2753259250371964,5.885096124124155e-07,0.0014257437065314346,5.9359250334785924e-08,0.0,1.7630434754390578e-05,1.7163091718084775e-05,5.9359250334785924e-08,0.0,3.5025716026526125e-06,1,1,basket_1_main,0,0,1
er,47,6,5.88508460580547e-07,0.0014257431952687397,0.03975435188356828,0.2753419051370506,5.88508460580547e-07,0.0014257431952687397,2.5025811259319643e-09,0.0,7.611045762683556e-07,7.499679769313854e-07,2.5025811259319643e-09,0.0,3.505680029241189e-06,1,1,basket_1_main,0,0,1
er,47,7,5.885084374680936e-07,0.0014257416614795548,0.039754339613684096,0.27534260336444927,5.885084374680936e-07,0.0014257416614795548,1.0319834874186012e-10,0.0,3.285881552607697e-08,3.276178437228398e-08,1.0319834874186012e-10,0.0,3.505864014148364e-06,1,1,basket_1_main,0,0,1
er,47,8,5.88508440101643e-07,0.0014257447290562748,0.03975433908402828,0.2753426338700292,5.88508440101643e-07,0.0014257447290562748,2.0250453401914986e-12,0.0,1.4191623350166158e-09,1.4307502133915625e-09,2.0250453401914986e-12,0.0,3.5058741154529695e-06,1,1,basket_1_main,0,0,1
er,47,9,5.885084438878959e-07,0.0014257437065314346,0.039754339061167585,0.27534263520430075,5.885084438878959e-07,0.0014257437065314346,6.3311461117347355e-12,0.0,6.218046567192591e-11,6.249112175527384e-11,6.3311461117347355e-12,0.0,3.5058746453175145e-06,1,1,basket_1_main,0,0,1
er,47,10,5.885084477810506e-07,0.0014257380826317061,0.03975433906018403,0.27534263524665864,5.885084477810506e-07,0.0014257380826317061,6.527456949099037e-12,0.0,7.274529230366511e-12,2.7269835539380314e-12,6.527456949099037e-12,0.0,3.505874672278706e-06,1,1,basket_1_main,0,0,1
er,48,0,0.0,0.0,0.0,0.0,0.0,0.0,0.0,0.0,0.0,0.0,0.0,0.0,0.0,1,1,basket_1_main,0,0,1
er,48,1,1.3230102920512304e-07,4.1651555371923165e-05,0.01176466046880174,9.165251145182346e-05,1.3230102920512304e-07,4.1651555371923165e-05,2.6460205841024608e-06,1.4539135596335812e-05,0.4898795265932272,0.0002420027037237878,2.6460205841024608e-06,1.4539135596335812e-05,1.7991334918248282e-07,1,1,basket_1_main,0,0,1
er,48,2,5.523366696854845e-05,0.042789111910361194,0.042498339898843475,0.0810151360063044,5.523366696854845e-05,0.042789111910361194,0.0011041538423826897,0.014950363631543506,0.047732878161469566,0.3789571414616701,0.0011041538423826897,0.014950363631543506,8.886366797995122e-06,1,1,basket_1_main,0,0,1
er,48,3,1.8622336516121854e-06,0.0017243302598151185,0.03991646373053664,0.26638226987724384,1.8622336516121854e-06,0.0017243302598151185,0.001135155457656254,0.015266427789020775,0.009776877648398163,0.009680162979751225,0.001135155457656254,0.015266427789020775,3.1807516493876225e-06,1,1,basket_1_main,0,0,1
er,48,4,5.893544166976699e-07,0.0014257396164247412,0.03976122457537204,0.27496009649925846,5.893544166976699e-07,0.0014257396164247412,2.5985650955777792e-05,0.00033833551636394487,0.0004087934628472144,0.00039309546116490215,2.5985650955777792e-05,0.00033833551636394487,3.4576853960837105e-06,1,1,basket_1_main,0,0,1
er,48,5,5.885096069252722e-07,0.0014257457515803814,0.039754636131147734,0.275325925050434,5.885096069252722e-07,0.0014257457515803814,5.935925017992355e-08,0.0,1.7630434741462026e-05,1.7163091717943636e-05,5.935925017992355e-08,0.0,3.502571602836133e-06,1,1,basket_1_main,0,0,1
er,48,6,5.885084550953684e-07,0.0014257452403184199,0.03975435188356827,0.27534190514764006,5.885084550953684e-07,0.0014257452403184199,2.5025814391849083e-09,0.0,7.611045788630382e-07,7.49967976880532e-07,2.5025814391849083e-09,0.0,3.505680029424687e-06,1,1,basket_1_main,0,0,1
er,48,7,5.885084319875015e-07,0.0014257437065314346,0.039754339613684075,0.2753426033776862,5.885084319875015e-07,0.0014257437065314346,1.031984846311439e-10,0.0,3.2858813807571456e-08,3.276178428633567e-08,1.031984846311439e-10,0.0,3.5058640143318314e-06,1,1,basket_1_main,0,0,1
er,48,8,5.885084346164784e-07,0.001425746774103755,0.03975433908402824,0.2753426338806187,5.885084346164784e-07,0.001425746774103755,2.024933117718615e-12,0.0,1.4191598217206803e-09,1.4307495881341788e-09,2.024933117718615e-12,0.0,3.5058741156375545e-06,1,1,basket_1_main,0,0,1
er,48,9,5.885084384018222e-07,0.0014257452403184199,0.039754339061167564,0.2753426352122429,5.885084384018222e-07,0.0014257452403184199,6.331146241281137e-12,0.0,6.218040541925295e-11,6.246362432818291e-11,6.331146241281137e-12,0.0,3.505874645501496e-06,1,1,basket_1_main,0,0,1
er,48,10,5.88508442295113e-07,0.0014257406389525146,0.03975433906018401,0.2753426352546007,5.88508442295113e-07,0.0014257406389525146,6.527456972648817e-12,0.0,7.2742128103056195e-12,2.726879101871641e-12,6.527456972648817e-12,0.0,3.505874672461638e-06,1,1,basket_1_main,0,0,1
er,49,0,0.0,0.0,0.0,0.0,0.0,0.0,0.0,0.0,0.0,0.0,0.0,0.0,0.0,1,1,basket_1_main,0,0,1
er,49,1,1.3230102932025756e-07,4.1669052350376885e-05,0.01176466046880174,9.166841644308452e-05,1.3230102932025756e-07,4.1669052350376885e-05,2.646020586405151e-06,1.4545243193999168e-05,0.4898795265932105,0.00024200270499281687,2.646020586405151e-06,1.4545243193999168e-05,1.7991334919531934e-07,1,1,basket_1_main,0,0,1
er,49,2,5.523366696928835e-05,0.04278911194443198,0.04249833989884285,0.0810151359883095,5.523366696928835e-05,0.04278911194443198,0.0011041538423984477,0.014950363649366052,0.04773287816095236,0.37895714148093956,0.0011041538423984477,0.014950363649366052,8.886366797874779e-06,1,1,basket_1_main,0,0,1
er,49,3,1.8622336551117403e-06,0.0017243361780518234,0.0399164637305367,0.26638226987724384,1.8622336551117403e-06,0.0017243361780518234,0.0011351554577323894,0.015266427882106437,0.009776877648394673,0.009680162979233629,0.0011351554577323894,0.015266427882106437,3.1807516493124022e-06,1,1,basket_1_main,0,0,1
er,49,4,5.893544213002321e-07,0.0014257457515803814,0.03976122457537206,0.2749600964939563,5.893544213002321e-07,0.0014257457515803814,2.598565093293778e-05,0.00033834181664357127,0.00040879346285108554,0.00039309546117682507,2.598565093293778e-05,0.00033834181664357127,3.4576853960023547e-06,1,1,basket_1_main,0,0,1
er,49,5,5.885096115295991e-07,0.0014257437065314346,0.03975463613114782,0.2753259250398439,5.885096115295991e-07,0.0014257437065314346,5.935924823598545e-08,0.0,1.7630434752955626e-05,1.7163091732209595e-05,5.935924823598545e-08,0.0,3.502571602759888e-06,1,1,basket_1_main,0,0,1
er,49,6,5.885084597247273e-07,0.0014257416614795548,0.03975435188356822,0.2753419051291085,5.885084597247273e-07,0.0014257416614795548,2.502579823401545e-09,0.0,7.611045764692167e-07,7.499680064599895e-07,2.502579823401545e-09,0.0,3.5056800293503176e-06,1,1,basket_1_main,0,0,1
er,49,7,5.885084366061577e-07,0.0014257385938962342,0.03975433961368403,0.27534260335121247,5.885084366061577e-07,0.0014257385938962342,1.031975328977028e-10,0.0,3.2858816053145366e-08,3.276177183789422e-08,1.031975328977028e-10,0.0,3.505864014256258e-06,1,1,basket_1_main,0,0,1
er,49,8,5.885084391921406e-07,0.0014257421727428,0.03975433908402821,0.27534263385943974,5.885084391921406e-07,0.0014257421727428,2.024026696016445e-12,0.0,1.4191628858275355e-09,1.4307305760595105e-09,2.024026696016445e-12,0.0,3.5058741155619818e-06,1,1,basket_1_main,0,0,1
er,49,9,5.88508443008572e-07,0.0014257406389525146,0.039754339061167515,0.2753426351937114,5.88508443008572e-07,0.0014257406389525146,6.331290691678698e-12,0.0,6.218046204427892e-11,6.247634602571397e-11,6.331290691678698e-12,0.0,3.505874645425923e-06,1,1,basket_1_main,0,0,1
er,49,10,5.885084469135066e-07,0.001425735526306314,0.03975433906018396,0.27534263523606917,5.885084469135066e-07,0.001425735526306314,6.527600456070019e-12,0.0,7.273968583517398e-12,2.721623529332615e-12,6.527600456070019e-12,0.0,3.505874672386065e-06,1,1,basket_1_main,0,0,1
ec,0,0,0.0,0.0,0.0,0.0,0.0,0.0,3.945962175222324e-15,5.0065022965453435e-14,3.945962175222324e-15,5.0065022965453435e-14,0.0,0.0,0.0,0,1,floor,0,0,1
ec,0,1,8.326672684688674e-17,0.0,8.326672684688674e-17,0.0,0.01176443759005305,1.0663629423853027e-05,3.945445207614878e-15,5.0121464093542735e-14,3.945445207614878e-15,5.0121464093542735e-14,0.235288751801061,3.7223088731756253e-06,0.0,0,1,floor,0,0,1
ec,0,2,1.700029006457271e-16,0.0,1.700029006457271e-16,0.0,0.042172319067317145,0.06628564883228609,3.944859223127945e-15,5.004835728184621e-14,3.944859223127945e-15,5.004835728184621e-14,0.6081583280053336,0.023134300732143766,0.0,0,1,floor,0,0,1
ec,0,3,2.5673907444456745e-16,0.0,2.5673907444456745e-16,0.0,0.038727490837043986,0.2656547652472509,4.03662978582958e-15,4.617537081055136e-14,4.03662978582958e-15,4.617537081055136e-14,0.06909537555284877,0.06959295263690014,0.0,0,1,floor,0,0,1
ec,0,4,3.434752482434078e-16,0.0,3.434752482434078e-16,0.0,0.03853408409272166,0.2741765374589515,3.948388246043493e-15,4.9872866185698155e-14,3.948388246043493e-15,4.9872866185698155e-14,0.0038750184797866905,0.002974660077739308,0.0,0,1,floor,0,0,1
ec,0,5,4.3021142204224816e-16,0.0,4.3021142204224816e-16,0.0,0.038525847724389835,0.2745279440596653,3.9452119812802894e-15,5.0098260455566106e-14,3.9452119812802894e-15,5.0098260455566106e-14,0.00016500407493658906,0.00012266036358206077,0.0,0,1,floor,0,0,1
ec,0,6,5.169475958410885e-16,0.0,5.169475958410885e-16,0.0,0.03852549141024082,0.2745428881128436,3.9462946670070724e-15,5.0057711987762336e-14,3.9462946670070724e-15,5.0057711987762336e-14,7.137880077705479e-06,5.0926230819925985e-06,0.0,0,1,floor,0,0,1
ec,0,7,6.036837696399289e-16,0.0,6.036837696399289e-16,0.0,0.03852547598748512,0.27454352415148897,3.946152262652672e-15,5.0023758103370285e-14,3.946152262652672e-15,5.0023758103370285e-14,3.0894166100033643e-07,0.0,0.0,0,1,floor,0,0,1
ec,0,8,6.904199434387692e-16,0.0,6.904199434387692e-16,0.0,0.038525475319889146,0.2745435512199246,3.9448101650298744e-15,5.008119101659147e-14,3.9448101650298744e-15,5.008119101659147e-14,1.3372328403603622e-08,0.0,0.0,0,1,floor,0,0,1
ec,0,9,7.771561172376096e-16,0.0,7.771561172376096e-16,0.0,0.03852547529099032,0.2745435523775349,3.946837882675684e-15,4.9873286160767304e-14,3.946837882675684e-15,4.9873286160767304e-14,5.78832573168932e-10,0.0,0.0,0,1,floor,0,0,1
ec,0,10,8.638922910364499e-16,0.0,8.638922910364499e-16,0.0,0.038525475289739396,0.27454355241470585,3.9447881886189454e-15,5.012835124807663e-14,3.9447881886189454e-15,5.012835124807663e-14,2.5054604395095836e-11,0.0,0.0,0,1,floor,0,0,1
ec,1,0,0.0,1.7075472925031877e-06,0.0,1.7075472925031877e-06,0.0,1.7075472925031877e-06,3.802569306722888e-15,4.555480697679235e-14,3.802569306722888e-15,4.555480697679235e-14,0.0,0.0,0.0,0,1,floor,0,0,1
ec,1,1,1.6653345369377348e-16,1.7075472925031877e-06,1.6653345369377348e-16,1.7075472925031877e-06,0.011764436746184187,1.0799477313527681e-05,3.803425302406236e-15,4.561252006269835e-14,3.803425302406236e-15,4.561252006269835e-14,0.23528873492368374,3.7697287323097995e-06,0.0,0,1,floor,0,0,1
ec,1,2,3.400058012914542e-16,1.7075472925031877e-06,3.400058012914542e-16,1.7075472925031877e-06,0.04216797051111798,0.06628564886527646,3.7001114513685015e-15,5.109170632232176e-14,3.7001114513685015e-15,5.109170632232176e-14,0.6080713738910903,0.023134300743661452,0.0,0,1,floor,0,0,1
ec,1,3,5.134781488891349e-16,1.7075472925031877e-06,5.134781488891349e-16,1.7075472925031877e-06,0.038710079795941876,0.2656547652527387,3.804619875144333e-15,4.55796085514947e-14,3.804619875144333e-15,4.55796085514947e-14,0.06935592897032533,0.06959295264072887,0.0,0,1,floor,0,0,1
ec,1,4,6.869504964868156e-16,1.7075472925031877e-06,6.869504964868156e-16,1.7075472925031877e-06,0.038516114000841664,0.27417653746692733,3.8025718185757056e-15,4.5593283183877905e-14,3.8025718185757056e-15,4.5593283183877905e-14,0.003886183018573919,0.002974660167313752,0.0,0,1,floor,0,0,1
ec,1,5,8.604228440844963e-16,1.7075472925031877e-06,8.604228440844963e-16,1.7075472925031877e-06,0.0385078545309752,0.274527944067631,3.8060119482928736e-15,4.558962615192055e-14,3.8060119482928736e-15,4.558962615192055e-14,0.0001654654705737369,0.00012266253584992918,0.0,0,1,floor,0,0,1
ec,1,6,1.033895191682177e-15,1.7075472925031877e-06,1.033895191682177e-15,1.7075472925031877e-06,0.03850749723268898,0.27454288812080885,3.939783947977679e-15,3.851964194846229e-14,3.939783947977679e-15,3.851964194846229e-14,7.157536725009911e-06,5.161913655903585e-06,0.0,0,1,floor,0,0,1
ec,1,7,1.2073675392798577e-15,1.7075472925031877e-06,1.2073675392798577e-15,1.7075472925031877e-06,0.03850748176797313,0.2745435241594542,3.804652449445713e-15,4.5586246341378703e-14,3.804652449445713e-15,4.5586246341378703e-14,3.0977979003639636e-07,0.0,0.0,0,1,floor,0,0,1
ec,1,8,1.3808398868775384e-15,1.7075472925031877e-06,1.3808398868775384e-15,1.7075472925031877e-06,0.038507481098588224,0.27454355122788976,3.7996622996377546e-15,4.5783739835640916e-14,3.7996622996377546e-15,4.5783739835640916e-14,1.3408063018480621e-08,0.0,0.0,0,1,floor,0,0,1
ec,1,9,1.5543122344752192e-15,1.7075472925031877e-06,1.5543122344752192e-15,1.7075472925031877e-06,0.038507481069613145,0.2745435523881552,3.806333944837632e-15,4.5621803671112765e-14,3.806333944837632e-15,4.5621803671112765e-14,5.803559144047746e-10,0.0,0.0,0,1,floor,0,0,1
ec,1,10,1.7277845820728999e-15,1.7075472925031877e-06,1.7277845820728999e-15,1.7075472925031877e-06,0.038507481068358974,0.2745435524226711,3.804865611947896e-15,4.5525654281230316e-14,3.804865611947896e-15,4.5525654281230316e-14,2.5119536992014738e-11,0.0,0.0,0,1,floor,0,0,1
ec,2,0,0.0,0.0,0.0,0.0,0.0,0.0,3.0061919564554887e-15,3.9047912384409406e-14,3.0061919564554887e-15,3.9047912384409406e-14,0.0,0.0,0.0,0,1,floor,0,0,1
ec,2,1,8.326672684688674e-17,0.0,8.326672684688674e-17,0.0,0.011764438376896776,1.0663629423853027e-05,3.0502223294904275e-15,3.611045843274731e-14,3.0502223294904275e-15,3.611045843274731e-14,0.2352887675379355,3.7223088731756253e-06,0.0,0,1,floor,0,0,1
ec,2,2,1.700029006457271e-16,0.0,1.700029006457271e-16,0.0,0.04217652157276138,0.06628564883228609,3.048462275747234e-15,3.616659926465733e-14,3.048462275747234e-15,3.616659926465733e-14,0.6082423622494604,0.023134300732143766,0.0,0,1,floor,0,0,1
ec,2,3,2.5673907444456745e-16,0.0,2.5673907444456745e-16,0.0,0.03874432052837408,0.2656547652472509,3.0509014645708215e-15,3.6107337555239625e-14,3.0509014645708215e-15,3.6107337555239625e-14,0.06884350998596031,0.06959295263690014,0.0,0,1,floor,0,0,1
ec,2,4,3.434752482434078e-16,0.0,3.434752482434078e-16,0.0,0.038551454051935025,0.2741765374589515,3.0501037176366206e-15,3.606456108766012e-14,3.0501037176366206e-15,3.606456108766012e-14,0.0038642291407590622,0.002974660077739308,0.0,0,1,floor,0,0,1
ec,2,5,4.3021142204224816e-16,0.0,4.3021142204224816e-16,0.0,0.038543239998921924,0.2745279440596653,3.050802145151742e-15,3.613232789039544e-14,3.050802145151742e-15,3.613232789039544e-14,0.00016455838558265595,0.00012266036358206077,0.0,0,1,floor,0,0,1
ec,2,6,5.169475958410885e-16,0.0,5.169475958410885e-16,0.0,0.03854288463506187,0.2745428881128436,3.050901525942665e-15,3.6116593757402075e-14,3.050901525942665e-15,3.6116593757402075e-14,7.118899642675467e-06,5.0926230819925985e-06,0.0,0,1,floor,0,0,1
ec,2,7,6.036837696399289e-16,0.0,6.036837696399289e-16,0.0,0.03854286925280789,0.27454352415148897,3.0512692141752236e-15,3.6117145834074075e-14,3.0512692141752236e-15,3.6117145834074075e-14,3.0813266920967516e-07,0.0,0.0,0,1,floor,0,0,1
ec,2,8,6.904199434387692e-16,0.0,6.904199434387692e-16,0.0,0.038542868586938006,0.2745435512199246,3.0491890328574304e-15,3.6147388478514385e-14,3.0491890328574304e-15,3.6147388478514385e-14,1.3337849574176885e-08,0.0,0.0,0,1,floor,0,0,1
ec,2,9,7.771561172376096e-16,0.0,7.771561172376096e-16,0.0,0.038542868558112744,0.2745435523775349,3.0487988544289724e-15,3.6137397230053417e-14,3.0487988544289724e-15,3.6137397230053417e-14,5.773630819051734e-10,0.0,0.0,0,1,floor,0,0,1
ec,2,10,8.638922910364499e-16,0.0,8.638922910364499e-16,0.0,0.03854286855686495,0.27454355241470585,3.0515739041752196e-15,3.5976558652956986e-14,3.0515739041752196e-15,3.5976558652956986e-14,2.4991964755935516e-11,0.0,0.0,0,1,floor,0,0,1
ec,3,0,0.0,0.0,0.0,0.0,0.0,0.0,4.5525392766785656e-15,5.731501899743389e-14,4.5525392766785656e-15,5.731501899743389e-14,0.0,0.0,0.0,0,1,floor,0,0,1
ec,3,1,1.6653345369377348e-16,0.0,1.6653345369377348e-16,0.0,0.011764438706709675,1.002956941182704e-05,4.553880262229452e-15,5.728308110257069e-14,4.553880262229452e-15,5.728308110257069e-14,0.2352887741341935,3.5009801758738587e-06,0.0,0,1,floor,0,0,1
ec,3,2,3.400058012914542e-16,0.0,3.400058012914542e-16,0.0,0.0421782054611124,0.06628564873331495,4.611008126340973e-15,5.373894098289361e-14,4.611008126340973e-15,5.373894098289361e-14,0.6082760333689985,0.02313430069759071,0.0,0,1,floor,0,0,1
ec,3,3,5.134781488891349e-16,0.0,5.134781488891349e-16,0.0,0.03875106223124506,0.2656547652198118,4.5538289418703816e-15,5.735472193997392e-14,4.5538289418703816e-15,5.735472193997392e-14,0.06874262673890609,0.06959295262541387,0.0,0,1,floor,0,0,1
ec,3,4,6.869504964868156e-16,0.0,6.869504964868156e-16,0.0,0.03855841223637788,0.2741765374350239,4.551140127428751e-15,5.729926181534704e-14,4.551140127428751e-15,5.729926181534704e-14,0.003859905954487387,0.002974659809015959,0.0,0,1,floor,0,0,1
ec,3,5,8.604228440844963e-16,0.0,8.604228440844963e-16,0.0,0.038550207130052534,0.2745279440357683,4.551674466418509e-15,5.733356140870937e-14,4.551674466418509e-15,5.733356140870937e-14,0.00016437970021261291,0.00012265384654762306,0.0,0,1,floor,0,0,1
ec,3,6,1.033895191682177e-15,0.0,1.033895191682177e-15,0.0,0.03854985214736361,0.274542888088948,4.5525876792129074e-15,5.729595169825953e-14,4.5525876792129074e-15,5.729595169825953e-14,7.111286426955436e-06,4.951133646320162e-06,0.0,0,1,floor,0,0,1
ec,3,7,1.2073675392798577e-15,0.0,1.2073675392798577e-15,0.0,0.03854983678136304,0.27454352412759336,4.553147834569975e-15,5.742709981887109e-14,4.553147834569975e-15,5.742709981887109e-14,3.0780802113458106e-07,0.0,0.0,0,1,floor,0,0,1
ec,3,8,1.3808398868775384e-15,0.0,1.3808398868775384e-15,0.0,0.03854983611618619,0.27454355119602897,4.5529275990640134e-15,5.734916184395761e-14,4.5529275990640134e-15,5.734916184395761e-14,1.3324006349421412e-08,0.0,0.0,0,1,floor,0,0,1
ec,3,9,1.5543122344752192e-15,0.0,1.5543122344752192e-15,0.0,0.03854983608739047,0.27454355235629435,4.55156848927122e-15,5.735122751874967e-14,4.55156848927122e-15,5.735122751874967e-14,5.767730099373457e-10,0.0,0.0,0,1,floor,0,0,1
ec,3,10,1.7277845820728999e-15,0.0,1.7277845820728999e-15,0.0,0.03854983608614393,0.27454355239081024,4.5518897607571344e-15,5.738124912677626e-14,4.5518897607571344e-15,5.738124912677626e-14,2.4967085017937298e-11,0.0,0.0,0,1,floor,0,0,1
ec,4,0,0.0,0.0,0.0,0.0,0.0,0.0,3.8689915740930824e-15,4.664202779363125e-14,3.8689915740930824e-15,4.664202779363125e-14,0.0,0.0,0.0,0,1,floor,0,0,1
ec,4,1,8.326672684688674e-17,0.0,8.326672684688674e-17,0.0,0.011764434284026513,1.059505231752994e-05,3.868346016440161e-15,4.6621937979031534e-14,3.868346016440161e-15,4.6621937979031534e-14,0.23528868568053024,3.6983709472390634e-06,0.0,0,1,floor,0,0,1
ec,4,2,1.700029006457271e-16,0.0,1.700029006457271e-16,0.0,0.04215116366884533,0.0662856488212893,3.867530939855121e-15,4.664344573802441e-14,3.867530939855121e-15,4.664344573802441e-14,0.6077352868010607,0.023134300728304538,0.0,0,1,floor,0,0,1
ec,4,3,2.5673907444456745e-16,0.0,2.5673907444456745e-16,0.0,0.03864269219044996,0.26565476524176307,3.8712757962720335e-15,4.658495764203968e-14,3.8712757962720335e-15,4.658495764203968e-14,0.07036489729197136,0.06959295263562387,0.0,0,1,floor,0,0,1
ec,4,4,3.434752482434078e-16,0.0,3.434752482434078e-16,0.0,0.03844656589164433,0.2741765374562929,3.8686415270883485e-15,4.663956072394042e-14,3.8686415270883485e-15,4.663956072394042e-14,0.003929330350476916,0.002974660047881159,0.0,0,1,floor,0,0,1
ec,4,5,4.3021142204224816e-16,0.0,4.3021142204224816e-16,0.0,0.03843821742394864,0.2745279440570101,3.8661364810901616e-15,4.6677785855436156e-14,3.8661364810901616e-15,4.6677785855436156e-14,0.00016724301597663616,0.00012265963948422236,0.0,0,1,floor,0,0,1
ec,4,6,5.169475958410885e-16,0.0,5.169475958410885e-16,0.0,0.03843785634420412,0.27454288811018857,3.86614992189587e-15,4.663191306172913e-14,3.86614992189587e-15,4.663191306172913e-14,7.2330670567763076e-06,5.0926230819925985e-06,0.0,0,1,floor,0,0,1
ec,4,7,6.036837696399289e-16,0.0,6.036837696399289e-16,0.0,0.03843784071868493,0.27454352414883393,3.869780600010083e-15,4.665681629179508e-14,3.869780600010083e-15,4.665681629179508e-14,3.1299179957648127e-07,0.0,0.0,0,1,floor,0,0,1
ec,4,8,6.904199434387692e-16,0.0,6.904199434387692e-16,0.0,0.038437840042462784,0.27454355121726953,3.868753239717592e-15,4.686091675614574e-14,3.868753239717592e-15,4.686091675614574e-14,1.354464132535382e-08,0.0,0.0,0,1,floor,0,0,1
ec,4,9,7.771561172376096e-16,0.0,7.771561172376096e-16,0.0,0.038437840013197035,0.2745435523775349,3.8704718962369564e-15,4.655668164483298e-14,3.8704718962369564e-15,4.655668164483298e-14,5.861623479496125e-10,0.0,0.0,0,1,floor,0,0,1
ec,4,10,8.638922910364499e-16,0.0,8.638922910364499e-16,0.0,0.0384378400119305,0.2745435524120508,3.868783494363458e-15,4.6623018279751787e-14,3.868783494363458e-15,4.6623018279751787e-14,2.5366470792290677e-11,0.0,0.0,0,1,floor,0,0,1
ec,5,0,0.0,0.0,0.0,0.0,0.0,0.0,3.5033861735492712e-15,4.656454494731481e-14,3.5033861735492712e-15,4.656454494731481e-14,0.0,0.0,0.0,0,1,floor,0,0,1
ec,5,1,8.326672684688674e-17,0.0,8.326672684688674e-17,0.0,0.011764434452615859,9.734517300533532e-06,3.5040298572038485e-15,4.6603576560188656e-14,3.5040298572038485e-15,4.6603576560188656e-14,0.23528868905231717,3.3979875597332097e-06,0.0,0,1,floor,0,0,1
ec,5,2,1.700029006457271e-16,0.0,1.700029006457271e-16,0.0,0.04215241417778493,0.06628564868932778,3.5046754535724817e-15,4.6496597136899304e-14,3.5046754535724817e-15,4.6496597136899304e-14,0.607760293569922,0.0231343006822338,0.0,0,1,floor,0,0,1
ec,5,3,2.5673907444456745e-16,0.0,2.5673907444456745e-16,0.0,0.03864770788890545,0.2656547652088362,3.5027359760173802e-15,4.6667962017942066e-14,3.5027359760173802e-15,4.6667962017942066e-14,0.07028978788778434,0.06959295262158513,0.0,0,1,floor,0,0,1
ec,5,4,3.434752482434078e-16,0.0,3.434752482434078e-16,0.0,0.03845174233843864,0.2741765374243894,3.502491794546353e-15,4.662675963928404e-14,3.502491794546353e-15,4.662675963928404e-14,0.003926120001620406,0.0029746596895833524,0.0,0,1,floor,0,0,1
ec,5,5,4.3021142204224816e-16,0.0,4.3021142204224816e-16,0.0,0.03844340048734335,0.27452794402514746,3.5023680007950528e-15,4.6642313235231037e-14,3.5023680007950528e-15,4.6642313235231037e-14,0.00016711086134016414,0.00012265094997672096,0.0,0,1,floor,0,0,1
ec,5,6,5.169475958410885e-16,0.0,5.169475958410885e-16,0.0,0.038443039688552366,0.27454288807832766,3.5006208823400055e-15,4.6741475752616745e-14,3.5006208823400055e-15,4.6741475752616745e-14,7.2274552527625615e-06,4.878850443287175e-06,0.0,0,1,floor,0,0,1
ec,5,7,6.036837696399289e-16,0.0,6.036837696399289e-16,0.0,0.03844302407497268,0.2745435241169731,3.501900844720301e-15,4.6674270953821805e-14,3.501900844720301e-15,4.6674270953821805e-14,3.1275330761861836e-07,0.0,0.0,0,1,floor,0,0,1
ec,5,8,6.904199434387692e-16,0.0,6.904199434387692e-16,0.0,0.03844302339925784,0.27454355118540863,3.5026931929906624e-15,4.6690834008576984e-14,3.5026931929906624e-15,4.6690834008576984e-14,1.3534507268019277e-08,0.0,0.0,0,1,floor,0,0,1
ec,5,9,7.771561172376096e-16,0.0,7.771561172376096e-16,0.0,0.038443023370013645,0.27454355234567407,3.501837041648989e-15,4.654770271694322e-14,3.501837041648989e-15,4.654770271694322e-14,5.857318631651431e-10,0.0,0.0,0,1,floor,0,0,1
ec,5,10,8.638922910364499e-16,0.0,8.638922910364499e-16,0.0,0.03844302336874804,0.27454355238018996,3.49914006969558e-15,4.681626962355011e-14,3.49914006969558e-15,4.681626962355011e-14,2.5347892749144623e-11,0.0,0.0,0,1,floor,0,0,1
ec,6,0,0.0,0.0,0.0,0.0,0.0,0.0,3.863751554104286e-15,4.658391314259894e-14,3.863751554104286e-15,4.658391314259894e-14,0.0,0.0,0.0,0,1,floor,0,0,1
ec,6,1,8.326672684688674e-17,0.0,8.326672684688674e-17,0.0,0.011764434535154735,9.734517300533532e-06,3.8645587135849224e-15,4.6572902214039476e-14,3.8645587135849224e-15,4.6572902214039476e-14,0.2352886907030947,3.3979875597332097e-06,0.0,0,1,floor,0,0,1
ec,6,2,1.700029006457271e-16,0.0,1.700029006457271e-16,0.0,0.04215412515318535,0.06628564868932778,3.863340372560707e-15,4.6601503239311614e-14,3.863340372560707e-15,4.6601503239311614e-14,0.60779451137492,0.0231343006822338,0.0,0,1,floor,0,0,1
ec,6,3,2.5673907444456745e-16,0.0,2.5673907444456745e-16,0.0,0.03865458813467837,0.2656547652088362,3.863557328882452e-15,4.656755170635331e-14,3.863557328882452e-15,4.656755170635331e-14,0.07018667004880459,0.06959295262158513,0.0,0,1,floor,0,0,1
ec,6,4,3.434752482434078e-16,0.0,3.434752482434078e-16,0.0,0.03845884248954286,0.2741765374243894,3.863568845828813e-15,4.6573993976251694e-14,3.863568845828813e-15,4.6573993976251694e-14,0.0039217282246300595,0.0029746596895833524,0.0,0,1,floor,0,0,1
ec,6,5,4.3021142204224816e-16,0.0,4.3021142204224816e-16,0.0,0.03845050963809225,0.27452794402514746,3.863506480036787e-15,4.654904529251645e-14,3.863506480036787e-15,4.654904529251645e-14,0.00016693111008624304,0.00012265094997672096,0.0,0,1,floor,0,0,1
ec,6,6,5.169475958410885e-16,0.0,5.169475958410885e-16,0.0,0.038450149219602346,0.27454288807832766,3.862636461654195e-15,4.658962524657089e-14,3.862636461654195e-15,4.658962524657089e-14,7.21985908016501e-06,4.878850443287175e-06,0.0,0,1,floor,0,0,1
ec,6,7,6.036837696399289e-16,0.0,6.036837696399289e-16,0.0,0.038450133622104796,0.2745435241169731,3.866247419198608e-15,4.65321195901441e-14,3.866247419198608e-15,4.65321195901441e-14,3.1243206701170253e-07,0.0,0.0,0,1,floor,0,0,1
ec,6,8,6.904199434387692e-16,0.0,6.904199434387692e-16,0.0,0.03845013294706986,0.27454355118540863,3.85965841054737e-15,4.663603748614209e-14,3.85965841054737e-15,4.663603748614209e-14,1.3520925653851931e-08,0.0,0.0,0,1,floor,0,0,1
ec,6,9,7.771561172376096e-16,0.0,7.771561172376096e-16,0.0,0.03845013291785439,0.27454355234567407,3.864590528341784e-15,4.656621556178312e-14,3.864590528341784e-15,4.656621556178312e-14,5.851580028903778e-10,0.0,0.0,0,1,floor,0,0,1
ec,6,10,8.638922910364499e-16,0.0,8.638922910364499e-16,0.0,0.03845013291658999,0.27454355238018996,3.8648007256121015e-15,4.652567072612145e-14,3.8648007256121015e-15,4.652567072612145e-14,2.532376924994055e-11,0.0,0.0,0,1,floor,0,0,1
ec,7,0,0.0,0.0,0.0,0.0,0.0,0.0,4.55371939977443e-15,5.727331037465996e-14,4.55371939977443e-15,5.727331037465996e-14,0.0,0.0,0.0,0,1,floor,0,0,1
ec,7,1,1.6653345369377348e-16,0.0,1.6653345369377348e-16,0.0,0.01176443856253738,1.024528375501914e-05,4.553787379124274e-15,5.719800236071367e-14,4.553787379124274e-15,5.719800236071367e-14,0.2352887712507476,3.576278686523442e-06,0.0,0,1,floor,0,0,1
ec,7,2,3.400058012914542e-16,0.0,3.400058012914542e-16,0.0,0.04217666238457501,0.06628564876630533,4.5534700751902845e-15,5.729972304680477e-14,4.5534700751902845e-15,5.729972304680477e-14,0.6082451747686899,0.0231343007091084,0.0,0,1,floor,0,0,1
ec,7,3,5.134781488891349e-16,0.0,5.134781488891349e-16,0.0,0.03874486545592836,0.2656547652307874,4.552030249522182e-15,5.714024706688514e-14,4.552030249522182e-15,5.714024706688514e-14,0.06883544944950672,0.06959295262924262,0.0,0,1,floor,0,0,1
ec,7,4,6.869504964868156e-16,0.0,6.869504964868156e-16,0.0,0.038552017118917294,0.2741765374429998,4.558529200910264e-15,5.6323633118144084e-14,4.558529200910264e-15,5.6323633118144084e-14,0.003863866892398604,0.0029746598985904114,0.0,0,1,floor,0,0,1
ec,7,5,8.604228440844963e-16,0.0,8.604228440844963e-16,0.0,0.038543803870971664,0.274527944043734,4.553064521400012e-15,5.729478147876306e-14,4.553064521400012e-15,5.729478147876306e-14,0.00016454230666100033,0.00012265601893090978,0.0,0,1,floor,0,0,1
ec,7,6,1.033895191682177e-15,0.0,1.033895191682177e-15,0.0,0.038543448543367644,0.2745428880969132,4.551114875700508e-15,5.745212597466375e-14,4.551114875700508e-15,5.745212597466375e-14,7.118175498530612e-06,4.986882367933259e-06,0.0,0,1,floor,0,0,1
ec,7,7,1.2073675392798577e-15,0.0,1.2073675392798577e-15,0.0,0.03854343316274363,0.27454352413555855,4.550384058008417e-15,5.731667702772941e-14,4.550384058008417e-15,5.731667702772941e-14,3.081001124243701e-07,0.0,0.0,0,1,floor,0,0,1
ec,7,8,1.3808398868775384e-15,0.0,1.3808398868775384e-15,0.0,0.03854343249694688,0.27454355120399415,4.552329194009703e-15,5.726361290487248e-14,4.552329194009703e-15,5.726361290487248e-14,1.333638887641987e-08,0.0,0.0,0,1,floor,0,0,1
ec,7,9,1.5543122344752192e-15,0.0,1.5543122344752192e-15,0.0,0.03854343246812491,0.27454355236160444,4.5519876760861144e-15,5.730150079237948e-14,4.5519876760861144e-15,5.730150079237948e-14,5.772974455964855e-10,0.0,0.0,0,1,floor,0,0,1
ec,7,10,1.7277845820728999e-15,0.0,1.7277845820728999e-15,0.0,0.038543432466877255,0.2745435523987755,4.553152554376008e-15,5.733064764440016e-14,4.553152554376008e-15,5.733064764440016e-14,2.4989267330578896e-11,0.0,0.0,0,1,floor,0,0,1
ec,8,0,0.0,3.1945284701301985e-06,0.0,3.1945284701301985e-06,0.0,3.1945284701301985e-06,3.867421563094943e-15,4.66527154285633e-14,3.867421563094943e-15,4.66527154285633e-14,0.0,0.0,0.0,0,1,floor,0,0,1
ec,8,1,8.673617379884035e-17,3.1945284701301985e-06,8.673617379884035e-17,3.1945284701301985e-06,0.01176443515464709,1.113184641628407e-05,3.998131344912503e-15,3.991170825575122e-14,3.998131344912503e-15,3.991170825575122e-14,0.2352887030929418,3.885747435809767e-06,0.0,0,1,floor,0,0,1
ec,8,2,1.734723475976807e-16,3.1945284701301985e-06,1.734723475976807e-16,3.1945284701301985e-06,0.04215676922377289,0.06628564892026044,3.866770971608692e-15,4.6664073659675395e-14,3.866770971608692e-15,4.6664073659675395e-14,0.6078473803162845,0.023134300762857597,0.0,0,1,floor,0,0,1
ec,8,3,2.6020852139652106e-16,3.1945284701301985e-06,2.6020852139652106e-16,3.1945284701301985e-06,0.038665161964097326,0.2656547652692021,3.867350443310503e-15,4.664528307927278e-14,3.867350443310503e-15,4.664528307927278e-14,0.07002848685420518,0.06959295264711013,0.0,0,1,floor,0,0,1
ec,8,4,3.469446951953614e-16,3.1945284701301985e-06,3.469446951953614e-16,3.1945284701301985e-06,0.038469756265449226,0.2741765374802205,3.8650205361814815e-15,4.676853904371917e-14,3.8650205361814815e-15,4.676853904371917e-14,0.003914939111581757,0.002974660316604487,0.0,0,1,floor,0,0,1
ec,8,5,4.3368086899420177e-16,3.1945284701301985e-06,4.3368086899420177e-16,3.1945284701301985e-06,0.03846143749882815,0.274527944080907,3.867325625574154e-15,4.664347860931564e-14,3.867325625574154e-15,4.664347860931564e-14,0.00016664979310450733,0.00012266615621089161,0.0,0,1,floor,0,0,1
ec,8,6,5.204170427930421e-16,3.1945284701301985e-06,5.204170427930421e-16,3.1945284701301985e-06,0.038461077681676205,0.27454288813408423,3.866721882186459e-15,4.673770541500405e-14,3.866721882186459e-15,4.673770541500405e-14,7.20784796121014e-06,5.230286352272121e-06,0.0,0,1,floor,0,0,1
ec,8,7,6.071532165918825e-16,3.1945284701301985e-06,6.071532165918825e-16,3.1945284701301985e-06,0.03846106210987412,0.27454352417272954,3.866819345665203e-15,4.6624484109863896e-14,3.866819345665203e-15,4.6624484109863896e-14,3.119188030108704e-07,0.0,0.0,0,1,floor,0,0,1
ec,8,8,6.938893903907228e-16,3.1945284701301985e-06,6.938893903907228e-16,3.1945284701301985e-06,0.038461061435937145,0.2745435512411652,3.866736666751405e-15,4.6695460014615626e-14,3.866736666751405e-15,4.6695460014615626e-14,1.3498993090457256e-08,0.0,0.0,0,1,floor,0,0,1
ec,8,9,7.806255641895632e-16,3.1945284701301985e-06,7.806255641895632e-16,3.1945284701301985e-06,0.03846106140676859,0.2745435523987755,3.867051130989766e-15,4.660795567359928e-14,3.867051130989766e-15,4.660795567359928e-14,5.842207873416005e-10,0.0,0.0,0,1,floor,0,0,1
ec,8,10,8.743006318923108e-16,3.1945284701301985e-06,8.743006318923108e-16,3.1945284701301985e-06,0.03846106140550619,0.27454355243594647,3.881340466261328e-15,4.593682866507238e-14,3.881340466261328e-15,4.593682866507238e-14,2.5283840486920426e-11,0.0,0.0,0,1,floor,0,0,1
ec,9,0,0.0,0.0,0.0,0.0,0.0,0.0,3.867875408993479e-15,4.6542270464483805e-14,3.867875408993479e-15,4.6542270464483805e-14,0.0,0.0,0.0,0,1,floor,0,0,1
ec,9,1,8.326672684688674e-17,0.0,8.326672684688674e-17,0.0,0.011764435083378164,1.059505231752994e-05,3.866225384928202e-15,4.661494418180977e-14,3.866225384928202e-15,4.661494418180977e-14,0.23528870166756327,3.6983709472390634e-06,0.0,0,1,floor,0,0,1
ec,9,2,1.700029006457271e-16,0.0,1.700029006457271e-16,0.0,0.04215556965839243,0.0662856488212893,3.86686195405208e-15,4.6581078128692664e-14,3.86686195405208e-15,4.6581078128692664e-14,0.6078233904706613,0.023134300728304538,0.0,0,1,floor,0,0,1
ec,9,3,2.5673907444456745e-16,0.0,2.5673907444456745e-16,0.0,0.038660339818409904,0.26565476524176307,3.86379654828257e-15,4.666626614356637e-14,3.86379654828257e-15,4.666626614356637e-14,0.07010075000915703,0.06959295263562387,0.0,0,1,floor,0,0,1
ec,9,4,3.434752482434078e-16,0.0,3.434752482434078e-16,0.0,0.03846477994095578,0.2741765374562929,3.8661949053537115e-15,4.666358287769391e-14,3.8661949053537115e-15,4.666358287769391e-14,0.003918018231964229,0.002974660047881159,0.0,0,1,floor,0,0,1
ec,9,5,4.3021142204224816e-16,0.0,4.3021142204224816e-16,0.0,0.03845645485985493,0.2745279440570101,3.8665614406969215e-15,4.667724200419174e-14,3.8665614406969215e-15,4.667724200419174e-14,0.00016677591247931254,0.00012265963948422236,0.0,0,1,floor,0,0,1
ec,9,6,5.169475958410885e-16,0.0,5.169475958410885e-16,0.0,0.03845609477570228,0.27454288811018857,3.864874123975272e-15,4.655339584669254e-14,3.864874123975272e-15,4.655339584669254e-14,7.21318103288403e-06,5.0926230819925985e-06,0.0,0,1,floor,0,0,1
ec,9,7,6.036837696399289e-16,0.0,6.036837696399289e-16,0.0,0.03845607919260207,0.27454352414883393,3.869035299988605e-15,4.6516269889140345e-14,3.869035299988605e-15,4.6516269889140345e-14,3.1214448208358483e-07,0.0,0.0,0,1,floor,0,0,1
ec,9,8,6.904199434387692e-16,0.0,6.904199434387692e-16,0.0,0.038456078518187116,0.27454355121726953,3.8674258979927345e-15,4.6660784316908206e-14,3.8674258979927345e-15,4.6660784316908206e-14,1.3508541096541912e-08,0.0,0.0,0,1,floor,0,0,1
ec,9,9,7.771561172376096e-16,0.0,7.771561172376096e-16,0.0,0.03845607848899836,0.2745435523775349,3.851887080687637e-15,4.6076043943200964e-14,3.851887080687637e-15,4.6076043943200964e-14,5.846243487639407e-10,0.0,0.0,0,1,floor,0,0,1
ec,9,10,8.638922910364499e-16,0.0,8.638922910364499e-16,0.0,0.038456078487735114,0.2745435524120508,3.866300551652444e-15,4.6631822276545237e-14,3.866300551652444e-15,4.6631822276545237e-14,2.5300778982596188e-11,0.0,0.0,0,1,floor,0,0,1
ec,10,0,0.0,0.0,0.0,0.0,0.0,0.0,3.052311987174234e-15,3.605799716966599e-14,3.052311987174234e-15,3.605799716966599e-14,0.0,0.0,0.0,0,1,floor,0,0,1
ec,10,1,8.326672684688674e-17,0.0,8.326672684688674e-17,0.0,0.011764433194299807,1.0663629423853027e-05,3.0516891042989624e-15,3.604714848753824e-14,3.0516891042989624e-15,3.604714848753824e-14,0.23528866388599612,3.7223088731756253e-06,0.0,0,1,floor,0,0,1
ec,10,2,1.700029006457271e-16,0.0,1.700029006457271e-16,0.0,0.04214601119006849,0.06628564883228609,3.0522589776105788e-15,3.6103956415160556e-14,3.0522589776105788e-15,3.6103956415160556e-14,0.6076322591771294,0.023134300732143766,0.0,0,1,floor,0,0,1
ec,10,3,2.5673907444456745e-16,0.0,2.5673907444456745e-16,0.0,0.03862207305826344,0.2656547652472509,3.0516050087061423e-15,3.608352059369869e-14,3.0516050087061423e-15,3.608352059369869e-14,0.07067343626964315,0.06959295263690014,0.0,0,1,floor,0,0,1
ec,10,4,3.434752482434078e-16,0.0,3.434752482434078e-16,0.0,0.03842528433578991,0.2741765374589515,3.0508142918871134e-15,3.6105712265676936e-14,3.0508142918871134e-15,3.6105712265676936e-14,0.003942559876135806,0.002974660077739308,0.0,0,1,floor,0,0,1
ec,10,5,4.3021142204224816e-16,0.0,4.3021142204224816e-16,0.0,0.038416908463408284,0.2745279440596653,3.0520971703733743e-15,3.617716036034672e-14,3.0520971703733743e-15,3.617716036034672e-14,0.00016779037797383188,0.00012266036358206077,0.0,0,1,floor,0,0,1
ec,10,6,5.169475958410885e-16,0.0,5.169475958410885e-16,0.0,0.03841654621509785,0.2745428881128436,3.050893200417753e-15,3.6094420933837996e-14,3.050893200417753e-15,3.6094420933837996e-14,7.256408262869695e-06,5.0926230819925985e-06,0.0,0,1,floor,0,0,1
ec,10,7,6.036837696399289e-16,0.0,6.036837696399289e-16,0.0,0.038416530539707394,0.27454352415148897,3.051221230059628e-15,3.6089945411601845e-14,3.051221230059628e-15,3.6089945411601845e-14,3.1398798398167387e-07,0.0,0.0,0,1,floor,0,0,1
ec,10,8,6.904199434387692e-16,0.0,6.904199434387692e-16,0.0,0.03841652986135695,0.2745435512199246,3.0492772092533067e-15,3.621926808570746e-14,3.0492772092533067e-15,3.621926808570746e-14,1.3587156099899631e-08,0.0,0.0,0,1,floor,0,0,1
ec,10,9,7.771561172376096e-16,0.0,7.771561172376096e-16,0.0,0.03841652983200039,0.2745435523775349,3.0485638631628144e-15,3.624932788049661e-14,3.0485638631628144e-15,3.624932788049661e-14,5.879764763273553e-10,0.0,0.0,0,1,floor,0,0,1
ec,10,10,8.638922910364499e-16,0.0,8.638922910364499e-16,0.0,0.03841652983072998,0.27454355241470585,3.050075350074769e-15,3.617886103256876e-14,3.050075350074769e-15,3.617886103256876e-14,2.5443809106816414e-11,0.0,0.0,0,1,floor,0,0,1
ec,11,0,0.0,0.0,0.0,0.0,0.0,0.0,3.865107777950799e-15,4.6560979814389996e-14,3.865107777950799e-15,4.6560979814389996e-14,0.0,0.0,0.0,0,1,floor,0,0,1
ec,11,1,8.326672684688674e-17,0.0,8.326672684688674e-17,0.0,0.01176443853383959,1.0731768324341125e-05,3.86380432399264e-15,4.6580750982022566e-14,3.86380432399264e-15,4.6580750982022566e-14,0.23528877067679177,3.746093836419747e-06,0.0,0,1,floor,0,0,1
ec,11,2,1.700029006457271e-16,0.0,1.700029006457271e-16,0.0,0.04217718638620493,0.06628564884328289,3.865192744087545e-15,4.663248881162224e-14,3.865192744087545e-15,4.663248881162224e-14,0.6082556553592594,0.023134300735982993,0.0,0,1,floor,0,0,1
ec,11,3,2.5673907444456745e-16,0.0,2.5673907444456745e-16,0.0,0.03874697902497,0.2656547652499948,3.865051754159481e-15,4.654695239841444e-14,3.865051754159481e-15,4.654695239841444e-14,0.06880374385270695,0.06959295263945262,0.0,0,1,floor,0,0,1
ec,11,4,3.434752482434078e-16,0.0,3.434752482434078e-16,0.0,0.038554198023483435,0.27417653746426873,3.864603929144221e-15,4.653422142739215e-14,3.864603929144221e-15,4.653422142739215e-14,0.003862522184803058,0.0029746601374556043,0.0,0,1,floor,0,0,1
ec,11,5,4.3021142204224816e-16,0.0,4.3021142204224816e-16,0.0,0.03854598751232429,0.27452794406232056,3.865304966884746e-15,4.6565106537334955e-14,3.865304966884746e-15,4.6565106537334955e-14,0.00016448764678354333,0.00012266181176491411,0.0,0,1,floor,0,0,1
ec,11,6,5.169475958410885e-16,0.0,5.169475958410885e-16,0.0,0.03854563229969478,0.2745428881154987,3.865787171231635e-15,4.65225086182634e-14,3.865787171231635e-15,4.65225086182634e-14,7.11587907970896e-06,5.127385417844444e-06,0.0,0,1,floor,0,0,1
ec,11,7,6.036837696399289e-16,0.0,6.036837696399289e-16,0.0,0.03854561692390359,0.27454352415679906,3.8615024828414924e-15,4.667056095891937e-14,3.8615024828414924e-15,4.667056095891937e-14,3.0800358048988206e-07,0.0,0.0,0,1,floor,0,0,1
ec,11,8,6.904199434387692e-16,0.0,6.904199434387692e-16,0.0,0.038545616258309885,0.2745435512225797,3.866831789287338e-15,4.651281719353618e-14,3.866831789287338e-15,4.651281719353618e-14,1.3332332876459628e-08,0.0,0.0,0,1,floor,0,0,1
ec,11,9,7.806255641895632e-16,0.0,7.806255641895632e-16,0.0,0.03854561622949641,0.27454355238284506,3.906100441236136e-15,4.4381861744547813e-14,3.906100441236136e-15,4.4381861744547813e-14,5.771274560334402e-10,0.0,0.0,0,1,floor,0,0,1
ec,11,10,8.708311849403572e-16,0.0,8.708311849403572e-16,0.0,0.03854561622824914,0.274543552417361,3.864242061921047e-15,4.6662661178170414e-14,3.864242061921047e-15,4.6662661178170414e-14,2.498170558078028e-11,0.0,0.0,0,1,floor,0,0,1
ec,12,0,0.0,0.0,0.0,0.0,0.0,0.0,3.980445996086362e-15,4.60816926621827e-14,3.980445996086362e-15,4.60816926621827e-14,0.0,0.0,0.0,0,1,floor,0,0,1
ec,12,1,1.6653345369377348e-16,0.0,1.6653345369377348e-16,0.0,0.011764435776034698,1.0173887179578492e-05,3.9732372458607604e-15,4.557361939909294e-14,3.9732372458607604e-15,4.557361939909294e-14,0.23528871552069397,3.5513565802016854e-06,0.0,0,1,floor,0,0,1
ec,12,2,3.400058012914542e-16,0.0,3.400058012914542e-16,0.0,0.0421593782353582,0.06628564876630533,3.97339075748528e-15,4.565609112954199e-14,3.97339075748528e-15,4.565609112954199e-14,0.607899548040787,0.023134300705269166,0.0,0,1,floor,0,0,1
ec,12,3,5.134781488891349e-16,0.0,5.134781488891349e-16,0.0,0.03867559438554018,0.2656547652307874,3.973379717667748e-15,4.5644289428533344e-14,3.973379717667748e-15,4.5644289428533344e-14,0.06987242696454087,0.06959295262924262,0.0,0,1,floor,0,0,1
ec,12,4,6.869504964868156e-16,0.0,6.869504964868156e-16,0.0,0.03848052412822225,0.2741765374429998,3.971953380596049e-15,4.564184134663098e-14,3.971953380596049e-15,4.564184134663098e-14,0.003908240006998999,0.0029746598985904114,0.0,0,1,floor,0,0,1
ec,12,5,8.604228440844963e-16,0.0,8.604228440844963e-16,0.0,0.038472219263314365,0.274527944043734,3.974550382526338e-15,4.5527894325208946e-14,3.974550382526338e-15,4.5527894325208946e-14,0.00016637213486132187,0.00012265601893090978,0.0,0,1,floor,0,0,1
ec,12,6,1.033895191682177e-15,0.0,1.033895191682177e-15,0.0,0.038471860039807196,0.2745428880995682,3.9738559719420385e-15,4.5710171283394004e-14,3.9738559719420385e-15,4.5710171283394004e-14,7.19599056104411e-06,4.986882367933259e-06,0.0,0,1,floor,0,0,1
ec,12,7,1.2073675392798577e-15,0.0,1.2073675392798577e-15,0.0,0.038471844493377184,0.27454352413555855,3.971034557336876e-15,4.568842943911896e-14,3.971034557336876e-15,4.568842943911896e-14,3.1141200099655714e-07,0.0,0.0,0,1,floor,0,0,1
ec,12,8,1.3808398868775384e-15,0.0,1.3808398868775384e-15,0.0,0.03847184382052457,0.27454355120399415,3.9714290107450674e-15,4.563850534006655e-14,3.9714290107450674e-15,4.563850534006655e-14,1.3477332361458327e-08,0.0,0.0,0,1,floor,0,0,1
ec,12,9,1.5543122344752192e-15,0.0,1.5543122344752192e-15,0.0,0.038471843791402366,0.27454355236160444,3.97376614733765e-15,4.553536244468412e-14,3.97376614733765e-15,4.553536244468412e-14,5.832949440205282e-10,0.0,0.0,0,1,floor,0,0,1
ec,12,10,1.7277845820728999e-15,0.0,1.7277845820728999e-15,0.0,0.03847184379014195,0.2745435523961204,3.973980145798716e-15,4.557843194471545e-14,3.973980145798716e-15,4.557843194471545e-14,2.5244287668528668e-11,0.0,0.0,0,1,floor,0,0,1
ec,13,0,0.0,0.0,0.0,0.0,0.0,0.0,2.7750877686639914e-15,3.60952331235809e-14,2.7750877686639914e-15,3.60952331235809e-14,0.0,0.0,0.0,0,1,floor,0,0,1
ec,13,1,8.326672684688674e-17,0.0,8.326672684688674e-17,0.0,0.011764434062016837,9.80911239371097e-06,2.775633729220737e-15,3.6098417342998993e-14,2.775633729220737e-15,3.6098417342998993e-14,0.23528868124033672,3.4240261593687747e-06,0.0,0,1,floor,0,0,1
ec,13,2,1.700029006457271e-16,0.0,1.700029006457271e-16,0.0,0.042150579349844376,0.06628564870032456,2.7754354885081512e-15,3.6198967629083184e-14,2.7754354885081512e-15,3.6198967629083184e-14,0.6077236048790116,0.023134300686073025,0.0,0,1,floor,0,0,1
ec,13,3,2.5673907444456745e-16,0.0,2.5673907444456745e-16,0.0,0.038640365597571495,0.26565476521432396,2.7768034731470105e-15,3.609006738042451e-14,2.7768034731470105e-15,3.609006738042451e-14,0.07039965297001707,0.06959295262158513,0.0,0,1,floor,0,0,1
ec,13,4,3.434752482434078e-16,0.0,3.434752482434078e-16,0.0,0.03844416415354663,0.274176537427048,2.7771836272564183e-15,3.6167709293789075e-14,2.7771836272564183e-15,3.6167709293789075e-14,0.00393083109819063,0.0029746597194415044,0.0,0,1,floor,0,0,1
ec,13,5,4.3021142204224816e-16,0.0,4.3021142204224816e-16,0.0,0.03843581254256623,0.2745279440278027,2.777164615066001e-15,3.61057415136499e-14,2.777164615066001e-15,3.61057415136499e-14,0.00016730579742124755,0.00012265167412585956,0.0,0,1,floor,0,0,1
ec,13,6,5.169475958410885e-16,0.0,5.169475958410885e-16,0.0,0.0384354513275716,0.2745428880809827,2.7785921031842553e-15,3.611399167078901e-14,2.7785921031842553e-15,3.611399167078901e-14,7.235768559049843e-06,4.878850443287175e-06,0.0,0,1,floor,0,0,1
ec,13,7,6.036837696399289e-16,0.0,6.036837696399289e-16,0.0,0.038435435696228114,0.2745435241196281,2.7748722612862717e-15,3.612820625780165e-14,2.7748722612862717e-15,3.612820625780165e-14,3.1310813990568035e-07,0.0,0.0,0,1,floor,0,0,1
ec,13,8,6.904199434387692e-16,0.0,6.904199434387692e-16,0.0,0.03843543501975514,0.2745435511880638,2.7760883200180188e-15,3.61126268659172e-14,2.7760883200180188e-15,3.61126268659172e-14,1.3549651811591676e-08,0.0,0.0,0,1,floor,0,0,1
ec,13,9,7.771561172376096e-16,0.0,7.771561172376096e-16,0.0,0.03843543499047859,0.27454355234567407,2.7782346600268683e-15,3.6078646585941786e-14,2.7782346600268683e-15,3.6078646585941786e-14,5.863780439786935e-10,0.0,0.0,0,1,floor,0,0,1
ec,13,10,8.638922910364499e-16,0.0,8.638922910364499e-16,0.0,0.0384354349892116,0.27454355238284506,2.776060544707878e-15,3.616934882340842e-14,2.776060544707878e-15,3.616934882340842e-14,2.537562136977098e-11,0.0,0.0,0,1,floor,0,0,1
ec,14,0,0.0,0.0,0.0,0.0,0.0,0.0,3.717488119799873e-15,4.662748470753009e-14,3.717488119799873e-15,4.662748470753009e-14,0.0,0.0,0.0,0,1,floor,0,0,1
ec,14,1,8.326672684688674e-17,0.0,8.326672684688674e-17,0.0,0.011764435816856808,1.0731768324341125e-05,3.7166066388709366e-15,4.651871972255975e-14,3.7166066388709366e-15,4.651871972255975e-14,0.23528871633713616,3.746093836419747e-06,0.0,0,1,floor,0,0,1
ec,14,2,1.700029006457271e-16,0.0,1.700029006457271e-16,0.0,0.04216080343343699,0.06628564884328289,3.7165166051881525e-15,4.656808316218682e-14,3.7165166051881525e-15,4.656808316218682e-14,0.6079280511424264,0.023134300735982993,0.0,0,1,floor,0,0,1
ec,14,3,2.5673907444456745e-16,0.0,2.5673907444456745e-16,0.0,0.0386813287798753,0.2656547652499948,3.716985805738998e-15,4.657887099182956e-14,3.716985805738998e-15,4.657887099182956e-14,0.06978646874297424,0.06959295263945262,0.0,0,1,floor,0,0,1
ec,14,4,3.434752482434078e-16,0.0,3.434752482434078e-16,0.0,0.03848644169154617,0.27417653746161014,3.71824647497933e-15,4.6599370806853836e-14,3.71824647497933e-15,4.6599370806853836e-14,0.0039045819494794385,0.0029746601075974566,0.0,0,1,floor,0,0,1
ec,14,5,4.3021142204224816e-16,0.0,4.3021142204224816e-16,0.0,0.03847814431305164,0.27452794406232056,3.715987895701663e-15,4.6582289471954635e-14,3.715987895701663e-15,4.6582289471954635e-14,0.0001662226094547849,0.00012266181176491411,0.0,0,1,floor,0,0,1
ec,14,6,5.169475958410885e-16,0.0,5.169475958410885e-16,0.0,0.03847778540555123,0.27454288811815375,3.716699219762862e-15,4.659577038429763e-14,3.716699219762862e-15,4.659577038429763e-14,7.18967868357667e-06,5.127385417844444e-06,0.0,0,1,floor,0,0,1
ec,14,7,6.036837696399289e-16,0.0,6.036837696399289e-16,0.0,0.03847776987246937,0.274543524154144,3.716129620686856e-15,4.655034139930599e-14,3.716129620686856e-15,4.655034139930599e-14,3.111453745202794e-07,0.0,0.0,0,1,floor,0,0,1
ec,14,8,6.904199434387692e-16,0.0,6.904199434387692e-16,0.0,0.038477769200180395,0.2745435512252347,3.720048105046051e-15,4.646536512990413e-14,3.720048105046051e-15,4.646536512990413e-14,1.3466073232697703e-08,0.0,0.0,0,1,floor,0,0,1
ec,14,9,7.806255641895632e-16,0.0,7.806255641895632e-16,0.0,0.03847776917108198,0.27454355238284506,3.71785326331718e-15,4.6542225971338783e-14,3.71785326331718e-15,4.6542225971338783e-14,5.828196981636728e-10,0.0,0.0,0,1,floor,0,0,1
ec,14,10,8.673617379884035e-16,0.0,8.673617379884035e-16,0.0,0.038477769169822575,0.274543552417361,3.71825619214727e-15,4.656529866690577e-14,3.71825619214727e-15,4.656529866690577e-14,2.522397225905356e-11,0.0,0.0,0,1,floor,0,0,1
ec,15,0,0.0,0.0,0.0,0.0,0.0,0.0,4.695909048510506e-15,5.729910286603159e-14,4.695909048510506e-15,5.729910286603159e-14,0.0,0.0,0.0,0,1,floor,0,0,1
ec,15,1,1.6653345369377348e-16,0.0,1.6653345369377348e-16,0.0,0.011764437613164775,1.0663629423853027e-05,4.693695046256609e-15,5.729783844085262e-14,4.693695046256609e-15,5.729783844085262e-14,0.2352887522632955,3.7223088731756253e-06,0.0,0,1,floor,0,0,1
ec,15,2,3.400058012914542e-16,0.0,3.400058012914542e-16,0.0,0.042173044631162566,0.06628564883228609,4.695698000810393e-15,5.726453196489922e-14,4.695698000810393e-15,5.726453196489922e-14,0.6081728387978876,0.023134300732143766,0.0,0,1,floor,0,0,1
ec,15,3,5.134781488891349e-16,0.0,5.134781488891349e-16,0.0,0.038730409921702964,0.2656547652472509,4.693981402775804e-15,5.725547388058458e-14,4.693981402775804e-15,5.725547388058458e-14,0.06905162258713263,0.06959295263690014,0.0,0,1,floor,0,0,1
ec,15,4,6.869504964868156e-16,0.0,6.869504964868156e-16,0.0,0.03853709642869622,0.2741765374589515,4.694495369547068e-15,5.731039661997734e-14,4.694495369547068e-15,5.731039661997734e-14,0.0038731562110719438,0.002974660077739308,0.0,0,1,floor,0,0,1
ec,15,5,8.604228440844963e-16,0.0,8.604228440844963e-16,0.0,0.038528863872513586,0.2745279440596653,4.694013521215364e-15,5.733984794149551e-14,4.694013521215364e-15,5.733984794149551e-14,0.00016492793703633832,0.00012266036358206077,0.0,0,1,floor,0,0,1
ec,15,6,1.033895191682177e-15,0.0,1.033895191682177e-15,0.0,0.038528507719307235,0.2745428881128436,4.693357741478298e-15,5.742031966923291e-14,4.693357741478298e-15,5.742031966923291e-14,7.1346655020046266e-06,5.0926230819925985e-06,0.0,0,1,floor,0,0,1
ec,15,7,1.2073675392798577e-15,0.0,1.2073675392798577e-15,0.0,0.03852849230335103,0.27454352415148897,4.6948679492846e-15,5.730539018611848e-14,4.6948679492846e-15,5.730539018611848e-14,3.088058455948483e-07,0.0,0.0,0,1,floor,0,0,1
ec,15,8,1.3808398868775384e-15,0.0,1.3808398868775384e-15,0.0,0.038528491636042224,0.2745435512199246,4.696700743154017e-15,5.729670045500714e-14,4.696700743154017e-15,5.729670045500714e-14,1.3366592209704295e-08,0.0,0.0,0,1,floor,0,0,1
ec,15,9,1.5543122344752192e-15,0.0,1.5543122344752192e-15,0.0,0.038528491607155525,0.2745435523775349,4.695482279814429e-15,5.728448112971763e-14,4.695482279814429e-15,5.728448112971763e-14,5.785903923191295e-10,0.0,0.0,0,1,floor,0,0,1
ec,15,10,1.7277845820728999e-15,0.0,1.7277845820728999e-15,0.0,0.038528491605905116,0.27454355241470585,4.6937127477424e-15,5.731282078609153e-14,4.6937127477424e-15,5.731282078609153e-14,2.5044394964944514e-11,0.0,0.0,0,1,floor,0,0,1
ec,16,0,0.0,0.0,0.0,0.0,0.0,0.0,2.773323492556314e-15,3.609561461554697e-14,2.773323492556314e-15,3.609561461554697e-14,0.0,0.0,0.0,0,1,floor,0,0,1
ec,16,1,8.326672684688674e-17,0.0,8.326672684688674e-17,0.0,0.011764436771633318,1.059505231752994e-05,2.773536387553647e-15,3.606272859929401e-14,2.773536387553647e-15,3.606272859929401e-14,0.23528873543266635,3.6983709472390634e-06,0.0,0,1,floor,0,0,1
ec,16,2,1.700029006457271e-16,0.0,1.700029006457271e-16,0.0,0.04216601627007161,0.06628564883228609,2.773313055923578e-15,3.604977155333374e-14,2.773313055923578e-15,3.604977155333374e-14,0.6080322886208147,0.023134300728304538,0.0,0,1,floor,0,0,1
ec,16,3,2.5673907444456745e-16,0.0,2.5673907444456745e-16,0.0,0.038702207053958715,0.2656547652472509,2.7716805999252077e-15,3.605580934432956e-14,2.7716805999252077e-15,3.605580934432956e-14,0.06947398523080464,0.06959295263690014,0.0,0,1,floor,0,0,1
ec,16,4,3.434752482434078e-16,0.0,3.434752482434078e-16,0.0,0.03850799011514315,0.2741765374589515,2.7726047892133626e-15,3.6039011060775275e-14,2.7726047892133626e-15,3.6039011060775275e-14,0.0038911985253775854,0.002974660077739308,0.0,0,1,floor,0,0,1
ec,16,5,4.3021142204224816e-16,0.0,4.3021142204224816e-16,0.0,0.03849972040917714,0.2745279440596653,2.7739616008473253e-15,3.597191182673273e-14,2.7739616008473253e-15,3.597191182673273e-14,0.0001656699126368814,0.00012266036358206077,0.0,0,1,floor,0,0,1
ec,16,6,5.169475958410885e-16,0.0,5.169475958410885e-16,0.0,0.03849936267983735,0.2745428881154987,2.7733715986272377e-15,3.6054455861916665e-14,2.7733715986272377e-15,3.6054455861916665e-14,7.166146430976338e-06,5.0926230819925985e-06,0.0,0,1,floor,0,0,1
ec,16,7,6.036837696399289e-16,0.0,6.036837696399289e-16,0.0,0.03849934719695794,0.27454352415148897,2.7727639277908516e-15,3.607292460683162e-14,2.7727639277908516e-15,3.607292460683162e-14,3.101425992029732e-07,0.0,0.0,0,1,floor,0,0,1
ec,16,8,6.904199434387692e-16,0.0,6.904199434387692e-16,0.0,0.03849934652680798,0.2745435512199246,2.7760367100956985e-15,3.5954153862759935e-14,2.7760367100956985e-15,3.5954153862759935e-14,1.3423345142411573e-08,0.0,0.0,0,1,floor,0,0,1
ec,16,9,7.771561172376096e-16,0.0,7.771561172376096e-16,0.0,0.03849934649780069,0.2745435523775349,2.774866063950066e-15,3.597382637421125e-14,2.774866063950066e-15,3.597382637421125e-14,5.809992574198314e-10,0.0,0.0,0,1,floor,0,0,1
ec,16,10,8.638922910364499e-16,0.0,8.638922910364499e-16,0.0,0.03849934649654516,0.2745435524120508,2.7726257011961623e-15,3.609580280029349e-14,2.7726257011961623e-15,3.609580280029349e-14,2.514663584658047e-11,0.0,0.0,0,1,floor,0,0,1
ec,17,0,0.0,0.0,0.0,0.0,0.0,0.0,2.895225335127535e-15,3.6079437546700635e-14,2.895225335127535e-15,3.6079437546700635e-14,0.0,0.0,0.0,0,1,floor,0,0,1
ec,17,1,8.326672684688674e-17,0.0,8.326672684688674e-17,0.0,0.011764435107593885,1.0663629423853027e-05,2.8931825811285035e-15,3.621582658676299e-14,2.8931825811285035e-15,3.621582658676299e-14,0.2352887021518777,3.7223088731756253e-06,0.0,0,1,floor,0,0,1
ec,17,2,1.700029006457271e-16,0.0,1.700029006457271e-16,0.0,0.04215541145139199,0.06628564883228609,2.8948915416639736e-15,3.618880039235813e-14,2.8948915416639736e-15,3.618880039235813e-14,0.6078202258511775,0.023134300732143766,0.0,0,1,floor,0,0,1
ec,17,3,2.5673907444456745e-16,0.0,2.5673907444456745e-16,0.0,0.03865969983494072,0.2656547652472509,2.7767259816860975e-15,4.3997525008851744e-14,2.7767259816860975e-15,4.3997525008851744e-14,0.07011036050390507,0.06959295263690014,0.0,0,1,floor,0,0,1
ec,17,4,3.434752482434078e-16,0.0,3.434752482434078e-16,0.0,0.03846411963109803,0.2741765374589515,2.897310634990521e-15,3.6034141277169496e-14,2.897310634990521e-15,3.6034141277169496e-14,0.003918424173015747,0.002974660077739308,0.0,0,1,floor,0,0,1
ec,17,5,4.3021142204224816e-16,0.0,4.3021142204224816e-16,0.0,0.03845579372930483,0.2745279440596653,2.8951806316293407e-15,3.6154598572641415e-14,2.8951806316293407e-15,3.6154598572641415e-14,0.00016679230424447962,0.00012266036358206077,0.0,0,1,floor,0,0,1
ec,17,6,5.169475958410885e-16,0.0,5.169475958410885e-16,0.0,0.038455433610870074,0.2745428881128436,2.8964062441911903e-15,3.60642069495367e-14,2.8964062441911903e-15,3.60642069495367e-14,7.213865785951757e-06,5.0926230819925985e-06,0.0,0,1,floor,0,0,1
ec,17,7,6.036837696399289e-16,0.0,6.036837696399289e-16,0.0,0.03845541802633736,0.27454352415148897,2.8950686653041948e-15,3.6111774925674617e-14,2.8950686653041948e-15,3.6111774925674617e-14,3.121730962180914e-07,0.0,0.0,0,1,floor,0,0,1
ec,17,8,6.904199434387692e-16,0.0,6.904199434387692e-16,0.0,0.038455417351862614,0.2745435512199246,2.89670273113841e-15,3.603053635283115e-14,2.89670273113841e-15,3.603053635283115e-14,1.35097355210981e-08,0.0,0.0,0,1,floor,0,0,1
ec,17,9,7.771561172376096e-16,0.0,7.771561172376096e-16,0.0,0.038455417322671354,0.2745435523775349,2.8959391455196412e-15,3.6085448030858124e-14,2.8959391455196412e-15,3.6085448030858124e-14,5.846742581833307e-10,0.0,0.0,0,1,floor,0,0,1
ec,17,10,8.638922910364499e-16,0.0,8.638922910364499e-16,0.0,0.038455417321408,0.27454355241470585,2.895472595156119e-15,3.610912371392981e-14,2.895472595156119e-15,3.610912371392981e-14,2.5302997421335648e-11,0.0,0.0,0,1,floor,0,0,1
ec,18,0,0.0,0.0,0.0,0.0,0.0,0.0,3.720935640364455e-15,4.666628866840867e-14,3.720935640364455e-15,4.666628866840867e-14,0.0,0.0,0.0,0,1,floor,0,0,1
ec,18,1,8.326672684688674e-17,0.0,8.326672684688674e-17,0.0,0.01176443451425649,1.059505231752994e-05,3.7226705558731255e-15,4.65993705077e-14,3.7226705558731255e-15,4.65993705077e-14,0.2352886902851298,3.6983709472390634e-06,0.0,0,1,floor,0,0,1
ec,18,2,1.700029006457271e-16,0.0,1.700029006457271e-16,0.0,0.04215332222833842,0.0662856488212893,3.722857520550893e-15,4.6621809196338547e-14,3.722857520550893e-15,4.6621809196338547e-14,0.6077784533204631,0.023134300728304538,0.0,0,1,floor,0,0,1
ec,18,3,2.5673907444456745e-16,0.0,2.5673907444456745e-16,0.0,0.038651357254512374,0.26565476524176307,3.720793209353506e-15,4.660249783035344e-14,3.720793209353506e-15,4.660249783035344e-14,0.07023510338094972,0.06959295263562387,0.0,0,1,floor,0,0,1
ec,18,4,3.434752482434078e-16,0.0,3.434752482434078e-16,0.0,0.038455508416547705,0.2741765374562929,3.7212023104524916e-15,4.6694392375612825e-14,3.7212023104524916e-15,4.6694392375612825e-14,0.0039237891091818775,0.002974660047881159,0.0,0,1,floor,0,0,1
ec,18,5,4.3021142204224816e-16,0.0,4.3021142204224816e-16,0.0,0.03844717134817535,0.2745279440570101,3.720068575795528e-15,4.6651895260329685e-14,3.720068575795528e-15,4.6651895260329685e-14,0.00016701533523952292,0.00012265963948422236,0.0,0,1,floor,0,0,1
ec,18,6,5.169475958410885e-16,0.0,5.169475958410885e-16,0.0,0.03844681075171253,0.27454288811018857,3.722591495340689e-15,4.664329008408954e-14,3.722591495340689e-15,4.664329008408954e-14,7.2234139274650604e-06,5.0926230819925985e-06,0.0,0,1,floor,0,0,1
ec,18,7,6.036837696399289e-16,0.0,6.036837696399289e-16,0.0,0.03844679514669853,0.27454352414883393,3.720938712026518e-15,4.6668784648498786e-14,3.720938712026518e-15,4.6668784648498786e-14,3.125822081070597e-07,0.0,0.0,0,1,floor,0,0,1
ec,18,8,6.904199434387692e-16,0.0,6.904199434387692e-16,0.0,0.03844679447134624,0.27454355121726953,3.721219095910749e-15,4.6684868319291884e-14,3.721219095910749e-15,4.6684868319291884e-14,1.3527265045421213e-08,0.0,0.0,0,1,floor,0,0,1
ec,18,9,7.771561172376096e-16,0.0,7.771561172376096e-16,0.0,0.03844679444211739,0.2745435523775349,3.720294855303611e-15,4.668300382154047e-14,3.720294855303611e-15,4.668300382154047e-14,5.854252461894078e-10,0.0,0.0,0,1,floor,0,0,1
ec,18,10,8.638922910364499e-16,0.0,8.638922910364499e-16,0.0,0.03844679444085242,0.2745435524120508,3.7216918832640915e-15,4.655265836491607e-14,3.7216918832640915e-15,4.655265836491607e-14,2.5335137690200825e-11,0.0,0.0,0,1,floor,0,0,1
ec,19,0,0.0,0.0,0.0,0.0,0.0,0.0,3.4981491518045233e-15,4.6623640794854477e-14,3.4981491518045233e-15,4.6623640794854477e-14,0.0,0.0,0.0,0,1,floor,0,0,1
ec,19,1,8.326672684688674e-17,0.0,8.326672684688674e-17,0.0,0.011764434348406665,1.0173887179578492e-05,3.4986245326383587e-15,4.661874527323755e-14,3.4986245326383587e-15,4.661874527323755e-14,0.2352886869681333,3.5513565802016854e-06,0.0,0,1,floor,0,0,1
ec,19,2,1.700029006457271e-16,0.0,1.700029006457271e-16,0.0,0.04215281102223828,0.06628564875530854,3.500477359371393e-15,4.6532026937328036e-14,3.500477359371393e-15,4.6532026937328036e-14,0.6077682325310159,0.023134300705269166,0.0,0,1,floor,0,0,1
ec,19,3,2.5673907444456745e-16,0.0,2.5673907444456745e-16,0.0,0.03864931839472966,0.2656547652252996,3.4970840404951614e-15,4.6582398567074636e-14,3.4970840404951614e-15,4.6582398567074636e-14,0.07026557741572238,0.06959295262796637,0.0,0,1,floor,0,0,1
ec,19,4,3.434752482434078e-16,0.0,3.434752482434078e-16,0.0,0.03845340382065638,0.27417653744034115,3.4982105725916084e-15,4.661832270185519e-14,3.4982105725916084e-15,4.661832270185519e-14,0.003925101939118562,0.002974659868732262,0.0,0,1,floor,0,0,1
ec,19,5,4.3021142204224816e-16,0.0,4.3021142204224816e-16,0.0,0.03844506401252274,0.2745279440410788,3.496566766113036e-15,4.673342952357558e-14,3.496566766113036e-15,4.673342952357558e-14,0.00016707005683234329,0.0001226552948074226,0.0,0,1,floor,0,0,1
ec,19,6,5.169475958410885e-16,0.0,5.169475958410885e-16,0.0,0.03844470329851967,0.2745428880942581,3.5038942980721887e-15,4.626642970481189e-14,3.5038942980721887e-15,4.626642970481189e-14,7.225761682973133e-06,4.986882367933259e-06,0.0,0,1,floor,0,0,1
ec,19,7,6.036837696399289e-16,0.0,6.036837696399289e-16,0.0,0.038444687688458754,0.2745435241329035,3.497753044070786e-15,4.657242685060189e-14,3.497753044070786e-15,4.657242685060189e-14,3.126830200075682e-07,0.0,0.0,0,1,floor,0,0,1
ec,19,8,6.904199434387692e-16,0.0,6.904199434387692e-16,0.0,0.038444687012889764,0.27454355120133905,3.497904815576269e-15,4.660197129616964e-14,3.497904815576269e-15,4.660197129616964e-14,1.3531593847573388e-08,0.0,0.0,0,1,floor,0,0,1
ec,19,9,7.771561172376096e-16,0.0,7.771561172376096e-16,0.0,0.0384446869836516,0.27454355236160444,3.4980276381459664e-15,4.670272304677222e-14,3.4980276381459664e-15,4.670272304677222e-14,5.856112482669265e-10,0.0,0.0,0,1,floor,0,0,1
ec,19,10,8.638922910364499e-16,0.0,8.638922910364499e-16,0.0,0.03844468698238625,0.2745435523961204,3.0323429501521264e-15,7.722284303770235e-14,3.0323429501521264e-15,7.722284303770235e-14,2.5342926594318845e-11,0.0,0.0,0,1,floor,0,0,1
ec,20,0,0.0,0.0,0.0,0.0,0.0,0.0,3.945573748877759e-15,5.008489093666895e-14,3.945573748877759e-15,5.008489093666895e-14,0.0,0.0,0.0,0,1,floor,0,0,1
ec,20,1,8.326672684688674e-17,0.0,8.326672684688674e-17,0.0,0.01176443708068166,1.0663629423853027e-05,3.950466625891852e-15,4.9916463293956126e-14,3.950466625891852e-15,4.9916463293956126e-14,0.2352887416136332,3.7223088731756253e-06,0.0,0,1,floor,0,0,1
ec,20,2,1.700029006457271e-16,0.0,1.700029006457271e-16,0.0,0.04216797156553251,0.06628564883228609,3.9453428243098325e-15,5.006576812381732e-14,3.9453428243098325e-15,5.006576812381732e-14,0.6080713882895113,0.023134300732143766,0.0,0,1,floor,0,0,1
ec,20,3,2.5673907444456745e-16,0.0,2.5673907444456745e-16,0.0,0.03871004418455547,0.2656547652472509,3.94734394431845e-15,4.996166911690308e-14,3.94734394431845e-15,4.996166911690308e-14,0.06935666032285362,0.06959295263690014,0.0,0,1,floor,0,0,1
ec,20,4,3.434752482434078e-16,0.0,3.434752482434078e-16,0.0,0.03851607860239226,0.2741765374589515,3.9454270615967874e-15,5.0073417886567985e-14,3.9454270615967874e-15,5.0073417886567985e-14,0.003886178767637896,0.002974660077739308,0.0,0,1,floor,0,0,1
ec,20,5,4.3021142204224816e-16,0.0,4.3021142204224816e-16,0.0,0.03850781925850806,0.2745279440596653,3.913875095700383e-15,5.2095157088794595e-14,3.913875095700383e-15,5.2095157088794595e-14,0.0001654629545938545,0.00012266036358206077,0.0,0,1,floor,0,0,1
ec,20,6,5.169475958410885e-16,0.0,5.169475958410885e-16,0.0,0.03850746196972692,0.2745428881128436,3.9448706621875796e-15,5.01148969029547e-14,3.9448706621875796e-15,5.01148969029547e-14,7.157346888924498e-06,5.0926230819925985e-06,0.0,0,1,floor,0,0,1
ec,20,7,6.036837696399289e-16,0.0,6.036837696399289e-16,0.0,0.038507446505593956,0.27454352415148897,3.946966146982772e-15,5.0057540225180634e-14,3.946966146982772e-15,5.0057540225180634e-14,3.0976814794334975e-07,0.0,0.0,0,1,floor,0,0,1
ec,20,8,6.904199434387692e-16,0.0,6.904199434387692e-16,0.0,0.03850744583624162,0.2745435512199246,3.945998072827937e-15,5.0030995423145475e-14,3.945998072827937e-15,5.0030995423145475e-14,1.3407412342978779e-08,0.0,0.0,0,1,floor,0,0,1
ec,20,9,7.771561172376096e-16,0.0,7.771561172376096e-16,0.0,0.03850744580726826,0.2745435523775349,3.945426938278608e-15,4.99956144003987e-14,3.945426938278608e-15,4.99956144003987e-14,5.803214826832979e-10,0.0,0.0,0,1,floor,0,0,1
ec,20,10,8.638922910364499e-16,0.0,8.638922910364499e-16,0.0,0.038507445806014166,0.27454355241470585,3.946449117924398e-15,5.0031500213371865e-14,3.946449117924398e-15,5.0031500213371865e-14,2.5117798662182707e-11,0.0,0.0,0,1,floor,0,0,1
ec,21,0,0.0,0.0,0.0,0.0,0.0,0.0,3.8661345197770296e-15,4.675296109934676e-14,3.8661345197770296e-15,4.675296109934676e-14,0.0,0.0,0.0,0,1,floor,0,0,1
ec,21,1,8.326672684688674e-17,0.0,8.326672684688674e-17,0.0,0.011764438086248235,9.734517300533532e-06,3.867053631333386e-15,4.6689755479609067e-14,3.867053631333386e-15,4.6689755479609067e-14,0.23528876172496468,3.3979875597332097e-06,0.0,0,1,floor,0,0,1
ec,21,2,1.7694179454963432e-16,0.0,1.7694179454963432e-16,0.0,0.0421751121555146,0.06628564868932778,3.872922114180518e-15,4.624518138124861e-14,3.872922114180518e-15,4.624518138124861e-14,0.6082141797603707,0.0231343006822338,0.0,0,1,floor,0,0,1
ec,21,3,2.636779683484747e-16,0.0,2.636779683484747e-16,0.0,0.038738679451348755,0.2656547652088362,3.8644724081935154e-15,4.678910479717562e-14,3.8644724081935154e-15,4.678910479717562e-14,0.06892791536002627,0.06959295262158513,0.0,0,1,floor,0,0,1
ec,21,4,3.5041414214731503e-16,0.0,3.5041414214731503e-16,0.0,0.03854563177611423,0.2741765374243894,3.8676253603822206e-15,4.664672692765061e-14,3.8676253603822206e-15,4.664672692765061e-14,0.003867847733582686,0.0029746596895833524,0.0,0,1,floor,0,0,1
ec,21,5,4.371503159461554e-16,0.0,4.371503159461554e-16,0.0,0.03853741022945379,0.27452794402514746,3.867349187912333e-15,4.673574531517667e-14,3.867349187912333e-15,4.673574531517667e-14,0.00016470805091654383,0.00012265094997672096,0.0,0,1,floor,0,0,1
ec,21,6,5.238864897449957e-16,0.0,5.238864897449957e-16,0.0,0.038537054546148336,0.27454288807832766,3.868005778726712e-15,4.670845015828084e-14,3.868005778726712e-15,4.670845015828084e-14,7.125280013947773e-06,4.878850443287175e-06,0.0,0,1,floor,0,0,1
ec,21,7,6.106226635438361e-16,0.0,6.106226635438361e-16,0.0,0.03853703915026522,0.2745435241169731,3.870767818182289e-15,4.660907515366242e-14,3.870767818182289e-15,4.660907515366242e-14,3.084049004160654e-07,0.0,0.0,0,1,floor,0,0,1
ec,21,8,6.973588373426765e-16,0.0,6.973588373426765e-16,0.0,0.03853703848381388,0.27454355118540863,3.867916399786845e-15,4.663189979787984e-14,3.867916399786845e-15,4.663189979787984e-14,1.334946429046458e-08,0.0,0.0,0,1,floor,0,0,1
ec,21,9,7.840950111415168e-16,0.0,7.840950111415168e-16,0.0,0.03853703845496381,0.27454355234567407,3.868062622865638e-15,4.657715114719932e-14,3.868062622865638e-15,4.657715114719932e-14,5.778584313203351e-10,0.0,0.0,0,1,floor,0,0,1
ec,21,10,8.708311849403572e-16,0.0,8.708311849403572e-16,0.0,0.03853703845371496,0.27454355238018996,3.868811376383851e-15,4.6577303365841365e-14,3.868811376383851e-15,4.6577303365841365e-14,2.5013315149541524e-11,0.0,0.0,0,1,floor,0,0,1
ec,22,0,0.0,0.0,0.0,0.0,0.0,0.0,4.693033175863909e-15,5.732330436903645e-14,4.693033175863909e-15,5.732330436903645e-14,0.0,0.0,0.0,0,1,floor,0,0,1
ec,22,1,1.6653345369377348e-16,0.0,1.6653345369377348e-16,0.0,0.011764436456127857,1.045654894575938e-05,4.695608412542864e-15,5.724605629623269e-14,4.695608412542864e-15,5.724605629623269e-14,0.23528872912255713,3.6500241499888623e-06,0.0,0,1,floor,0,0,1
ec,22,2,3.400058012914542e-16,0.0,3.400058012914542e-16,0.0,0.04216634515005132,0.0662856487992957,4.692877865645068e-15,5.744813917295621e-14,4.692877865645068e-15,5.744813917295621e-14,0.6080388725203772,0.023134300720626087,0.0,0,1,floor,0,0,1
ec,22,3,5.134781488891349e-16,0.0,5.134781488891349e-16,0.0,0.03870356904489696,0.26565476523627524,4.693754061546249e-15,5.740325576521351e-14,4.693754061546249e-15,5.740325576521351e-14,0.06945337771752533,0.06959295263307137,0.0,0,1,floor,0,0,1
ec,22,4,6.869504964868156e-16,0.0,6.869504964868156e-16,0.0,0.03850939429911233,0.27417653745097564,4.692193073618347e-15,5.73405888847348e-14,4.692193073618347e-15,5.73405888847348e-14,0.003890355899680248,0.0029746599881648613,0.0,0,1,floor,0,0,1
ec,22,5,8.604228440844963e-16,0.0,8.604228440844963e-16,0.0,0.03850112620371043,0.2745279440516996,4.694669410961879e-15,5.723329838987745e-14,4.694669410961879e-15,5.723329838987745e-14,0.00016563774514949983,0.00012265819127572165,0.0,0,1,floor,0,0,1
ec,22,6,1.033895191682177e-15,0.0,1.033895191682177e-15,0.0,0.03850076853828587,0.2745428881048784,4.695037273388978e-15,5.732741967953942e-14,4.695037273388978e-15,5.732741967953942e-14,7.164869796282076e-06,5.057621821307297e-06,0.0,0,1,floor,0,0,1
ec,22,7,1.2073675392798577e-15,0.0,1.2073675392798577e-15,0.0,0.03850075305793001,0.2745435241435238,4.694679788441642e-15,5.738159902121573e-14,4.694679788441642e-15,5.738159902121573e-14,3.100921916204153e-07,0.0,0.0,0,1,floor,0,0,1
ec,22,8,1.3808398868775384e-15,0.0,1.3808398868775384e-15,0.0,0.0385007523878789,0.2745435512119594,4.6933390398104754e-15,5.735992340439658e-14,4.6933390398104754e-15,5.735992340439658e-14,1.342137070872616e-08,0.0,0.0,0,1,floor,0,0,1
ec,22,9,1.5543122344752192e-15,0.0,1.5543122344752192e-15,0.0,0.03850075235887544,0.2745435523722248,4.6921206353482806e-15,5.737692159519713e-14,4.6921206353482806e-15,5.737692159519713e-14,5.809228313772982e-10,0.0,0.0,0,1,floor,0,0,1
ec,22,10,1.7277845820728999e-15,0.0,1.7277845820728999e-15,0.0,0.038500752357620065,0.27454355240674067,4.803903605227275e-15,5.0416939736628446e-14,4.803903605227275e-15,5.0416939736628446e-14,2.5143659984078146e-11,0.0,0.0,0,1,floor,0,0,1
ec,23,0,0.0,0.0,0.0,0.0,0.0,0.0,2.773778241208281e-15,3.595071078310199e-14,2.773778241208281e-15,3.595071078310199e-14,0.0,0.0,0.0,0,1,floor,0,0,1
ec,23,1,8.326672684688674e-17,0.0,8.326672684688674e-17,0.0,0.011764438056947156,1.059505231752994e-05,2.935837784285157e-15,2.9886231850611766e-14,2.935837784285157e-15,2.9886231850611766e-14,0.2352887611389431,3.6983709472390634e-06,0.0,0,1,floor,0,0,1
ec,23,2,1.700029006457271e-16,0.0,1.700029006457271e-16,0.0,0.04217379321089798,0.06628564883228609,2.774385087390762e-15,3.5995912414787484e-14,2.774385087390762e-15,3.5995912414787484e-14,0.6081878014942688,0.023134300728304538,0.0,0,1,floor,0,0,1
ec,23,3,2.5673907444456745e-16,0.0,2.5673907444456745e-16,0.0,0.03873337156554545,0.2656547652472509,2.774969200594654e-15,3.6000157519632727e-14,2.774969200594654e-15,3.6000157519632727e-14,0.06900747993411613,0.06959295263690014,0.0,0,1,floor,0,0,1
ec,23,4,3.434752482434078e-16,0.0,3.434752482434078e-16,0.0,0.0385401543791225,0.2741765374589515,2.7721497664805372e-15,3.6016215231757685e-14,2.7721497664805372e-15,3.6016215231757685e-14,0.0038712329322266783,0.002974660077739308,0.0,0,1,floor,0,0,1
ec,23,5,4.3021142204224816e-16,0.0,4.3021142204224816e-16,0.0,0.03853192590723761,0.2745279440596653,2.772104577346004e-15,3.6091404019087834e-14,2.772104577346004e-15,3.6091404019087834e-14,0.00016484636405101496,0.00012266036358206077,0.0,0,1,floor,0,0,1
ec,23,6,5.169475958410885e-16,0.0,5.169475958410885e-16,0.0,0.03853156993171971,0.2745428881154987,2.773957572148902e-15,3.6016118545465653e-14,2.773957572148902e-15,3.6016118545465653e-14,7.13111647844317e-06,5.0926230819925985e-06,0.0,0,1,floor,0,0,1
ec,23,7,6.036837696399289e-16,0.0,6.036837696399289e-16,0.0,0.03853155452349813,0.27454352415148897,2.7742414020991345e-15,3.607844293120411e-14,2.7742414020991345e-15,3.607844293120411e-14,3.086513526833892e-07,0.0,0.0,0,1,floor,0,0,1
ec,23,8,6.904199434387692e-16,0.0,6.904199434387692e-16,0.0,0.03853155385652597,0.2745435512199246,2.7750108786617526e-15,3.592626101813198e-14,2.7750108786617526e-15,3.592626101813198e-14,1.3359867679478469e-08,0.0,0.0,0,1,floor,0,0,1
ec,23,9,7.771561172376096e-16,0.0,7.771561172376096e-16,0.0,0.03853155382765392,0.2745435523775349,2.774884537122764e-15,3.5952245761218185e-14,2.774884537122764e-15,3.5952245761218185e-14,5.782975469481833e-10,0.0,0.0,0,1,floor,0,0,1
ec,23,10,8.638922910364499e-16,0.0,8.638922910364499e-16,0.0,0.03853155382640415,0.2745435524120508,2.7729815161832433e-15,3.613630790160624e-14,2.7729815161832433e-15,3.613630790160624e-14,2.5031590442361535e-11,0.0,0.0,0,1,floor,0,0,1
ec,24,0,0.0,0.0,0.0,0.0,0.0,0.0,3.978252997418406e-15,4.5531324627241845e-14,3.978252997418406e-15,4.5531324627241845e-14,0.0,0.0,0.0,0,1,floor,0,0,1
ec,24,1,1.6653345369377348e-16,0.0,1.6653345369377348e-16,0.0,0.01176443621574318,9.583585410390605e-06,3.9401415393974845e-15,4.7264783819010584e-14,3.9401415393974845e-15,4.7264783819010584e-14,0.23528872431486358,3.3453023911481607e-06,0.0,0,1,floor,0,0,1
ec,24,2,3.400058012914542e-16,0.0,3.400058012914542e-16,0.0,0.04216397437617209,0.06628564866733419,3.975460297127962e-15,4.559229746970277e-14,3.975460297127962e-15,4.559229746970277e-14,0.6079914619227508,0.023134300674555342,0.0,0,1,floor,0,0,1
ec,24,3,5.134781488891349e-16,0.0,5.134781488891349e-16,0.0,0.03869405060513509,0.2656547652033484,3.97607195762225e-15,4.559974693010413e-14,3.97607195762225e-15,4.559974693010413e-14,0.06959595333791598,0.06959295261775637,0.0,0,1,floor,0,0,1
ec,24,4,6.869504964868156e-16,0.0,6.869504964868156e-16,0.0,0.03849957112332608,0.2741765374190721,3.9758671284333934e-15,4.5292226305479436e-14,3.9758671284333934e-15,4.5292226305479436e-14,0.0038964417020768785,0.002974659629867047,0.0,0,1,floor,0,0,1
ec,24,5,8.604228440844963e-16,0.0,8.604228440844963e-16,0.0,0.03849129051239038,0.27452794401983704,3.976970466557178e-15,4.560223914474308e-14,3.976970466557178e-15,4.560223914474308e-14,0.000165887714243956,0.00012264950166561718,0.0,0,1,floor,0,0,1
ec,24,6,1.033895191682177e-15,0.0,1.033895191682177e-15,0.0,0.038490932316517075,0.2745428880730175,3.977728335722734e-15,4.5465950527527056e-14,3.977728335722734e-15,4.5465950527527056e-14,7.175464808090968e-06,4.842304232499587e-06,0.0,0,1,floor,0,0,1
ec,24,7,1.2073675392798577e-15,0.0,1.2073675392798577e-15,0.0,0.03849091681366148,0.27454352411166294,3.973974751851166e-15,4.5664151564235074e-14,3.973974751851166e-15,4.5664151564235074e-14,3.105416147090883e-07,0.0,0.0,0,1,floor,0,0,1
ec,24,8,1.3808398868775384e-15,0.0,1.3808398868775384e-15,0.0,0.03849091614265618,0.27454355118009854,3.977795087315415e-15,4.549500541204803e-14,3.977795087315415e-15,4.549500541204803e-14,1.3440431190236365e-08,0.0,0.0,0,1,floor,0,0,1
ec,24,9,1.5543122344752192e-15,0.0,1.5543122344752192e-15,0.0,0.03849091611361227,0.2745435523403639,3.977672650156219e-15,4.5665487980094655e-14,3.977672650156219e-15,4.5665487980094655e-14,5.817309001676152e-10,0.0,0.0,0,1,floor,0,0,1
ec,24,10,1.7277845820728999e-15,0.0,1.7277845820728999e-15,0.0,0.038490916112355174,0.2745435523748799,3.974919238400269e-15,4.5635386714457526e-14,3.974919238400269e-15,4.5635386714457526e-14,2.5178017943013127e-11,0.0,0.0,0,1,floor,0,0,1
ec,25,0,0.0,0.0,0.0,0.0,0.0,0.0,3.8711701335819745e-15,4.6671145742041645e-14,3.8711701335819745e-15,4.6671145742041645e-14,0.0,0.0,0.0,0,1,floor,0,0,1
ec,25,1,8.326672684688674e-17,0.0,8.326672684688674e-17,0.0,0.011764433327097179,9.035490975690211e-06,3.869833698147907e-15,4.666563653897023e-14,3.869833698147907e-15,4.666563653897023e-14,0.23528866654194355,3.1539813412005822e-06,0.0,0,1,floor,0,0,1
ec,25,2,1.7694179454963432e-16,0.0,1.7694179454963432e-16,0.0,0.04214662760303436,0.06628564859035663,3.876209045324568e-15,4.6261702364115865e-14,3.876209045324568e-15,4.6261702364115865e-14,0.6076445847617056,0.023134300647680746,0.0,0,1,floor,0,0,1
ec,25,3,2.636779683484747e-16,0.0,2.636779683484747e-16,0.0,0.03862453952338361,0.26565476518688497,3.868891764906091e-15,4.672107288631828e-14,3.868891764906091e-15,4.672107288631828e-14,0.0706365298420511,0.06959295260882263,0.0,0,1,floor,0,0,1
ec,25,4,3.5388358909926865e-16,0.0,3.5388358909926865e-16,0.0,0.03842783005003162,0.2741765374004618,3.8712543475415765e-15,4.6652966538334047e-14,3.8712543475415765e-15,4.6652966538334047e-14,0.003940977153432945,0.0029746594208599694,0.0,0,1,floor,0,0,1
ec,25,5,4.40619762898109e-16,0.0,4.40619762898109e-16,0.0,0.03841945745706367,0.27452794400125047,3.868850895251289e-15,4.6690012607127464e-14,3.868850895251289e-15,4.6690012607127464e-14,0.0001677248769961728,0.0001226444324420666,0.0,0,1,floor,0,0,1
ec,25,6,5.273559366969494e-16,0.0,5.273559366969494e-16,0.0,0.03841909534862106,0.274542888054432,3.87044261559648e-15,4.668816486840896e-14,3.87044261559648e-15,4.668816486840896e-14,7.253614499594521e-06,4.693274422891038e-06,0.0,0,1,floor,0,0,1
ec,25,7,6.140921104957897e-16,0.0,6.140921104957897e-16,0.0,0.03841907967920107,0.2745435240930775,3.868306106270928e-15,4.6748290248596925e-14,3.868306106270928e-15,4.6748290248596925e-14,3.138687227902439e-07,0.0,0.0,0,1,floor,0,0,1
ec,25,8,7.008282842946301e-16,0.0,7.008282842946301e-16,0.0,0.03841907900110549,0.274543551161513,3.8731548318749024e-15,4.63958341311219e-14,3.8731548318749024e-15,4.63958341311219e-14,1.3582064918772205e-08,0.0,0.0,0,1,floor,0,0,1
ec,25,9,7.875644580934704e-16,0.0,7.875644580934704e-16,0.0,0.0384190789717598,0.27454355231912336,3.6692516183738215e-15,5.6836213592811156e-14,3.6692516183738215e-15,5.6836213592811156e-14,5.877593926429506e-10,0.0,0.0,0,1,floor,0,0,1
ec,25,10,8.743006318923108e-16,0.0,8.743006318923108e-16,0.0,0.038419078970489864,0.27454355235629435,3.868647616021631e-15,4.6638235363902034e-14,3.868647616021631e-15,4.6638235363902034e-14,2.543443013328115e-11,0.0,0.0,0,1,floor,0,0,1
ec,26,0,0.0,0.0,0.0,0.0,0.0,0.0,3.718721786391902e-15,4.6499756748302294e-14,3.718721786391902e-15,4.6499756748302294e-14,0.0,0.0,0.0,0,1,floor,0,0,1
ec,26,1,8.326672684688674e-17,0.0,8.326672684688674e-17,0.0,0.011764435328035965,9.956626120759437e-06,3.719124511077264e-15,4.662318079448093e-14,3.719124511077264e-15,4.662318079448093e-14,0.2352887065607193,3.4755181639464542e-06,0.0,0,1,floor,0,0,1
ec,26,2,1.700029006457271e-16,0.0,1.700029006457271e-16,0.0,0.04215712849406809,0.06628564872231814,3.716830562756302e-15,4.663777325839164e-14,3.716830562756302e-15,4.663777325839164e-14,0.6078545622434987,0.023134300693751483,0.0,0,1,floor,0,0,1
ec,26,3,2.5673907444456745e-16,0.0,2.5673907444456745e-16,0.0,0.038666588081611754,0.2656547652198118,3.719822902082881e-15,4.658504852981928e-14,3.719822902082881e-15,4.658504852981928e-14,0.07000720547620204,0.06959295262413763,0.0,0,1,floor,0,0,1
ec,26,4,3.434752482434078e-16,0.0,3.434752482434078e-16,0.0,0.03847122859477117,0.27417653743236525,3.719287353485953e-15,4.660063893048588e-14,3.719287353485953e-15,4.660063893048588e-14,0.003914016213094379,0.0029746597791578083,0.0,0,1,floor,0,0,1
ec,26,5,4.3021142204224816e-16,0.0,4.3021142204224816e-16,0.0,0.03846291177409108,0.27452794403311304,3.717451919881302e-15,4.6592609920298534e-14,3.717451919881302e-15,4.6592609920298534e-14,0.00016661092689508383,0.00012265312241131055,0.0,0,1,floor,0,0,1
ec,26,6,5.238864897449957e-16,0.0,5.238864897449957e-16,0.0,0.038462552041120535,0.27454288808629285,3.716659971109756e-15,4.664593914748091e-14,3.716659971109756e-15,4.664593914748091e-14,7.206166531003115e-06,4.91512492372712e-06,0.0,0,1,floor,0,0,1
ec,26,7,6.106226635438361e-16,0.0,6.106226635438361e-16,0.0,0.038462536472962744,0.27454352412493827,3.718610228803387e-15,4.660850583043839e-14,3.718610228803387e-15,4.660850583043839e-14,3.118460090525082e-07,0.0,0.0,0,1,floor,0,0,1
ec,26,8,6.973588373426765e-16,0.0,6.973588373426765e-16,0.0,0.038462535799183524,0.2745435511933739,3.718905555459616e-15,4.655944525320354e-14,3.718905555459616e-15,4.655944525320354e-14,1.3495841874324233e-08,0.0,0.0,0,1,floor,0,0,1
ec,26,9,7.840950111415168e-16,0.0,7.840950111415168e-16,0.0,0.038462535770021795,0.27454355235098427,3.71831029203495e-15,4.6686534586046534e-14,3.71831029203495e-15,4.6686534586046534e-14,5.840843434051727e-10,0.0,0.0,0,1,floor,0,0,1
ec,26,10,8.708311849403572e-16,0.0,8.708311849403572e-16,0.0,0.0384625357687597,0.2745435523881552,3.720349826025396e-15,4.645880985448912e-14,3.720349826025396e-15,4.645880985448912e-14,2.52777651022423e-11,0.0,0.0,0,1,floor,0,0,1
ec,27,0,0.0,0.0,0.0,0.0,0.0,0.0,3.722321836006839e-15,5.546644307943508e-14,3.722321836006839e-15,5.546644307943508e-14,0.0,0.0,0.0,0,1,floor,0,0,1
ec,27,1,8.326672684688674e-17,0.0,8.326672684688674e-17,0.0,0.011764436917839374,9.956626120759437e-06,3.864171640651702e-15,4.660195004255114e-14,3.864171640651702e-15,4.660195004255114e-14,0.23528873835678746,3.4755181639464542e-06,0.0,0,1,floor,0,0,1
ec,27,2,1.700029006457271e-16,0.0,1.700029006457271e-16,0.0,0.042166613128255793,0.06628564872231814,3.866607972813063e-15,4.655442341299263e-14,3.866607972813063e-15,4.655442341299263e-14,0.6080442228422145,0.023134300693751483,0.0,0,1,floor,0,0,1
ec,27,3,2.5673907444456745e-16,0.0,2.5673907444456745e-16,0.0,0.038704593174632144,0.2656547652198118,3.865033669206714e-15,4.6594084822628276e-14,3.865033669206714e-15,4.6594084822628276e-14,0.06943829471397155,0.06959295262413763,0.0,0,1,floor,0,0,1
ec,27,4,3.434752482434078e-16,0.0,3.434752482434078e-16,0.0,0.03851045297498576,0.27417653743236525,3.863336184718796e-15,4.6645097619513895e-14,3.863336184718796e-15,4.6645097619513895e-14,0.0038896659917811026,0.0029746597791578083,0.0,0,1,floor,0,0,1
ec,27,5,4.3021142204224816e-16,0.0,4.3021142204224816e-16,0.0,0.03850218645074577,0.27452794403311304,3.865748478896501e-15,4.6619791494582707e-14,3.865748478896501e-15,4.6619791494582707e-14,0.00016560636514798447,0.00012265312241131055,0.0,0,1,floor,0,0,1
ec,27,6,5.169475958410885e-16,0.0,5.169475958410885e-16,0.0,0.03850182885732523,0.27454288808629285,3.865092683620967e-15,4.661609484048651e-14,3.865092683620967e-15,4.661609484048651e-14,7.163431633265768e-06,4.91512492372712e-06,0.0,0,1,floor,0,0,1
ec,27,7,6.036837696399289e-16,0.0,6.036837696399289e-16,0.0,0.038501813380257065,0.27454352412493827,3.8638218904117414e-15,4.6669549075862075e-14,3.8638218904117414e-15,4.6669549075862075e-14,3.100265223900527e-07,0.0,0.0,0,1,floor,0,0,1
ec,27,8,6.904199434387692e-16,0.0,6.904199434387692e-16,0.0,0.038501812710355576,0.2745435511933739,3.863104877037167e-15,4.668423961103195e-14,3.863104877037167e-15,4.668423961103195e-14,1.3418381859924877e-08,0.0,0.0,0,1,floor,0,0,1
ec,27,9,7.806255641895632e-16,0.0,7.806255641895632e-16,0.0,0.03850181268135892,0.27454355235098427,3.864647767416963e-15,4.671695672704803e-14,3.864647767416963e-15,4.671695672704803e-14,5.807869185339003e-10,0.0,0.0,0,1,floor,0,0,1
ec,27,10,8.673617379884035e-16,0.0,8.673617379884035e-16,0.0,0.038501812680103845,0.2745435523881552,3.862696974584759e-15,4.6707417415233695e-14,3.862696974584759e-15,4.6707417415233695e-14,2.5137485639323012e-11,0.0,0.0,0,1,floor,0,0,1
ec,28,0,0.0,2.4148365394514667e-06,0.0,2.4148365394514667e-06,0.0,2.4148365394514667e-06,3.5042244434619334e-15,4.66134583599803e-14,3.5042244434619334e-15,4.66134583599803e-14,0.0,0.0,0.0,0,1,floor,0,0,1
ec,28,1,8.326672684688674e-17,2.4148365394514667e-06,8.326672684688674e-17,2.4148365394514667e-06,0.011764436844287877,1.0933637455190016e-05,3.504163313388985e-15,4.6492075116451935e-14,3.504163313388985e-15,4.6492075116451935e-14,0.23528873688575752,3.816559456248795e-06,0.0,0,1,floor,0,0,1
ec,28,2,1.700029006457271e-16,2.4148365394514667e-06,1.700029006457271e-16,2.4148365394514667e-06,0.04216761961115874,0.06628564888727007,3.5039116838483265e-15,4.6634108436392064e-14,3.5039116838483265e-15,4.6634108436392064e-14,0.6080643539405702,0.02313430075133991,0.0,0,1,floor,0,0,1
ec,28,3,2.5673907444456745e-16,2.4148365394514667e-06,2.5673907444456745e-16,2.4148365394514667e-06,0.03870865503555877,0.2656547652582265,3.5026525714252987e-15,4.667870540023855e-14,3.5026525714252987e-15,4.667870540023855e-14,0.06937734916523781,0.06959295264328139,0.0,0,1,floor,0,0,1
ec,28,4,3.434752482434078e-16,2.4148365394514667e-06,3.434752482434078e-16,2.4148365394514667e-06,0.038514644167201344,0.2741765374722446,3.5053153434232118e-15,4.655210217441145e-14,3.5053153434232118e-15,4.655210217441145e-14,0.0038870831604108876,0.0029746602270300467,0.0,0,1,floor,0,0,1
ec,28,5,4.3021142204224816e-16,2.4148365394514667e-06,4.3021142204224816e-16,2.4148365394514667e-06,0.03850638289304163,0.2745279440729414,3.501793633022367e-15,4.670204059285949e-14,3.501793633022367e-15,4.670204059285949e-14,0.00016550150710325273,0.00012266398400713653,0.0,0,1,floor,0,0,1
ec,28,6,5.238864897449957e-16,2.4148365394514667e-06,5.238864897449957e-16,2.4148365394514667e-06,0.03850602551994895,0.27454288812611904,3.510125679628547e-15,4.6161210063835065e-14,3.510125679628547e-15,4.6161210063835065e-14,7.159030883737482e-06,5.196212462831361e-06,0.0,0,1,floor,0,0,1
ec,28,7,6.106226635438361e-16,2.4148365394514667e-06,6.106226635438361e-16,2.4148365394514667e-06,0.038506010052131924,0.27454352416476435,3.49980081426363e-15,4.6847399062720404e-14,3.49980081426363e-15,4.6847399062720404e-14,3.0984173472918485e-07,0.0,0.0,0,1,floor,0,0,1
ec,28,8,6.973588373426765e-16,2.4148365394514667e-06,6.973588373426765e-16,2.4148365394514667e-06,0.03850600938261863,0.2745435512331999,3.502899591148976e-15,4.6653887348526595e-14,3.502899591148976e-15,4.6653887348526595e-14,1.3410627552141165e-08,0.0,0.0,0,1,floor,0,0,1
ec,28,9,7.840950111415168e-16,2.4148365394514667e-06,7.840950111415168e-16,2.4148365394514667e-06,0.038506009353638244,0.27454355239346534,3.4800576653118355e-15,4.8022375428742187e-14,3.4800576653118355e-15,4.8022375428742187e-14,5.804617559774174e-10,0.0,0.0,0,1,floor,0,0,1
ec,28,10,8.708311849403572e-16,2.4148365394514667e-06,8.708311849403572e-16,2.4148365394514667e-06,0.03850600935238385,0.2745435524279812,3.5021371952302798e-15,4.6675040098798145e-14,3.5021371952302798e-15,4.6675040098798145e-14,2.512387418617386e-11,0.0,0.0,0,1,floor,0,0,1
ec,29,0,0.0,1.2074182697257333e-06,0.0,1.2074182697257333e-06,0.0,1.2074182697257333e-06,3.71557983306622e-15,4.6607263100986897e-14,3.71557983306622e-15,4.6607263100986897e-14,0.0,0.0,0.0,0,1,floor,0,0,1
ec,29,1,8.326672684688674e-17,1.2074182697257333e-06,8.326672684688674e-17,1.2074182697257333e-06,0.0117644342680754,1.0731768324341125e-05,3.716408220831116e-15,4.665924351754926e-14,3.716408220831116e-15,4.665924351754926e-14,0.235288685361508,3.746093836419747e-06,0.0,0,1,floor,0,0,1
ec,29,2,1.734723475976807e-16,1.2074182697257333e-06,1.734723475976807e-16,1.2074182697257333e-06,0.042151299403704004,0.06628564885427966,3.716356729909088e-15,4.670075437456122e-14,3.716356729909088e-15,4.670075437456122e-14,0.6077380018131044,0.02313430073982222,0.0,0,1,floor,0,0,1
ec,29,3,2.6020852139652106e-16,1.2074182697257333e-06,2.6020852139652106e-16,1.2074182697257333e-06,0.03864324069403852,0.2656547652527387,3.718583359679301e-15,4.644102784962993e-14,3.718583359679301e-15,4.644102784962993e-14,0.07035666320862718,0.06959295263945262,0.0,0,1,floor,0,0,1
ec,29,4,3.469446951953614e-16,1.2074182697257333e-06,3.469446951953614e-16,1.2074182697257333e-06,0.038447131835522834,0.27417653746426873,3.716142233411359e-15,4.6614694909296593e-14,3.716142233411359e-15,4.6614694909296593e-14,0.0039289820451508875,0.0029746601374556043,0.0,0,1,floor,0,0,1
ec,29,5,4.3368086899420177e-16,1.2074182697257333e-06,4.3368086899420177e-16,1.2074182697257333e-06,0.03843878407368362,0.27452794406497577,3.78599164368619e-15,4.387701283903744e-14,3.78599164368619e-15,4.387701283903744e-14,0.0001672289177328213,0.00012266181176491411,0.0,0,1,floor,0,0,1
ec,29,6,5.204170427930421e-16,1.2074182697257333e-06,5.204170427930421e-16,1.2074182697257333e-06,0.038438423023485414,0.27454288811815375,3.717377019256333e-15,4.660877104737335e-14,3.717377019256333e-15,4.660877104737335e-14,7.232476892645211e-06,5.127385417844444e-06,0.0,0,1,floor,0,0,1
ec,29,7,6.071532165918825e-16,1.2074182697257333e-06,6.071532165918825e-16,1.2074182697257333e-06,0.03843840739920352,0.27454352415679906,3.7170566311480706e-15,4.667591041967596e-14,3.7170566311480706e-15,4.667591041967596e-14,3.1296708450500717e-07,0.0,0.0,0,1,floor,0,0,1
ec,29,8,6.973588373426765e-16,1.2074182697257333e-06,6.973588373426765e-16,1.2074182697257333e-06,0.03843840672303315,0.2745435512252347,3.720489239896719e-15,4.654229821773238e-14,3.720489239896719e-15,4.654229821773238e-14,1.3543607075903942e-08,0.0,0.0,0,1,floor,0,0,1
ec,29,9,7.875644580934704e-16,1.2074182697257333e-06,7.875644580934704e-16,1.2074182697257333e-06,0.03843840669376955,0.27454355238284506,3.718090510654381e-15,4.652836316086018e-14,3.718090510654381e-15,4.652836316086018e-14,5.861193701485618e-10,0.0,0.0,0,1,floor,0,0,1
ec,29,10,8.743006318923108e-16,1.2074182697257333e-06,8.743006318923108e-16,1.2074182697257333e-06,0.038438406692503126,0.27454355242001605,3.719242961478645e-15,4.6622443191038777e-14,3.719242961478645e-15,4.6622443191038777e-14,2.536427725231094e-11,0.0,0.0,0,1,floor,0,0,1
ec,30,0,0.0,0.0,0.0,0.0,0.0,0.0,3.9741673070740985e-15,4.559291872558718e-14,3.9741673070740985e-15,4.559291872558718e-14,0.0,0.0,0.0,0,1,floor,0,0,1
ec,30,1,1.6653345369377348e-16,0.0,1.6653345369377348e-16,0.0,0.011764433494380932,1.045654894575938e-05,3.975565715633397e-15,4.565723350546702e-14,3.975565715633397e-15,4.565723350546702e-14,0.23528866988761862,3.6500241499888623e-06,0.0,0,1,floor,0,0,1
ec,30,2,3.400058012914542e-16,0.0,3.400058012914542e-16,0.0,0.042146102776887545,0.0662856487992957,3.9771908635470145e-15,4.566935153365693e-14,3.9771908635470145e-15,4.566935153365693e-14,0.6076340849091896,0.023134300720626087,0.0,0,1,floor,0,0,1
ec,30,3,5.134781488891349e-16,0.0,5.134781488891349e-16,0.0,0.03862240612088103,0.26565476523627524,3.975760254659424e-15,4.5515258034608173e-14,3.975760254659424e-15,4.5515258034608173e-14,0.07066861908378544,0.06959295263307137,0.0,0,1,floor,0,0,1
ec,30,4,6.869504964868156e-16,0.0,6.869504964868156e-16,0.0,0.0384256292381603,0.27417653745097564,3.974172574478271e-15,4.5631852261557e-14,3.974172574478271e-15,4.5631852261557e-14,0.003942323419862937,0.0029746599881648613,0.0,0,1,floor,0,0,1
ec,30,5,8.604228440844963e-16,0.0,8.604228440844963e-16,0.0,0.03841725395399053,0.2745279440516996,3.9763884930104764e-15,4.562206783729901e-14,3.9763884930104764e-15,4.562206783729901e-14,0.00016777862956800148,0.00012265819127572165,0.0,0,1,floor,0,0,1
ec,30,6,1.033895191682177e-15,0.0,1.033895191682177e-15,0.0,0.038416891734232884,0.2745428881048784,3.973783313917796e-15,4.571009356097959e-14,3.973783313917796e-15,4.571009356097959e-14,7.255837952595938e-06,5.057621821307297e-06,0.0,0,1,floor,0,0,1
ec,30,7,1.2073675392798577e-15,0.0,1.2073675392798577e-15,0.0,0.03841687606020981,0.2745435241435238,3.9752928807176325e-15,4.5618263469759584e-14,3.9752928807176325e-15,4.5618263469759584e-14,3.1396067089721137e-07,0.0,0.0,0,1,floor,0,0,1
ec,30,8,1.3808398868775384e-15,0.0,1.3808398868775384e-15,0.0,0.03841687538192419,0.2745435512119594,3.9912037861469856e-15,4.522402609567968e-14,3.9912037861469856e-15,4.522402609567968e-14,1.3585861387855778e-08,0.0,0.0,0,1,floor,0,0,1
ec,30,9,1.5543122344752192e-15,0.0,1.5543122344752192e-15,0.0,0.03841687535257067,0.2745435523722248,3.975876462668882e-15,4.563931294522951e-14,3.975876462668882e-15,4.563931294522951e-14,5.879158270435867e-10,0.0,0.0,0,1,floor,0,0,1
ec,30,10,1.7277845820728999e-15,0.0,1.7277845820728999e-15,0.0,0.038416875351300415,0.27454355240674067,3.974441774141532e-15,4.572379655289932e-14,3.974441774141532e-15,4.572379655289932e-14,2.5440832188955023e-11,0.0,0.0,0,1,floor,0,0,1
ec,31,0,0.0,0.0,0.0,0.0,0.0,0.0,2.686802246771677e-15,3.6206173983576956e-14,2.686802246771677e-15,3.6206173983576956e-14,0.0,0.0,0.0,0,1,floor,0,0,1
ec,31,1,8.326672684688674e-17,0.0,8.326672684688674e-17,0.0,0.01176443797446999,9.88314448090898e-06,2.683530173324001e-15,3.631418186961871e-14,2.683530173324001e-15,3.631418186961871e-14,0.23528875948939978,3.449868232843351e-06,0.0,0,1,floor,0,0,1
ec,31,2,1.700029006457271e-16,0.0,1.700029006457271e-16,0.0,0.04217446266156312,0.06628564872231814,2.6865585833468204e-15,3.6222041802515224e-14,2.6865585833468204e-15,3.6222041802515224e-14,0.6082011921366731,0.023134300689912263,0.0,0,1,floor,0,0,1
ec,31,3,2.5673907444456745e-16,0.0,2.5673907444456745e-16,0.0,0.038736077264574564,0.2656547652170679,2.6874291147618746e-15,3.61553181889452e-14,2.6874291147618746e-15,3.61553181889452e-14,0.06896686427784317,0.06959295262413763,0.0,0,1,floor,0,0,1
ec,31,4,3.434752482434078e-16,0.0,3.434752482434078e-16,0.0,0.03854294609363274,0.27417653743236525,2.6869828003194437e-15,3.616436070391473e-14,2.6869828003194437e-15,3.616436070391473e-14,0.0038695151709044976,0.0029746597791578083,0.0,0,1,floor,0,0,1
ec,31,5,4.3021142204224816e-16,0.0,4.3021142204224816e-16,0.0,0.03853472110169616,0.2745279440304579,2.7374638669471795e-15,3.3378700990009e-14,2.7374638669471795e-15,3.3378700990009e-14,0.00016477686113604954,0.00012265312241131055,0.0,0,1,floor,0,0,1
ec,31,6,5.169475958410885e-16,0.0,5.169475958410885e-16,0.0,0.03853436527179671,0.2745428880836378,2.6870118029171752e-15,3.617892882054339e-14,2.6870118029171752e-15,3.617892882054339e-14,7.128207982651887e-06,4.91512492372712e-06,0.0,0,1,floor,0,0,1
ec,31,7,6.036837696399289e-16,0.0,6.036837696399289e-16,0.0,0.03853434986967092,0.27454352412493827,2.6854124222699437e-15,3.621677762124765e-14,2.6854124222699437e-15,3.621677762124765e-14,3.085295932094612e-07,0.0,0.0,0,1,floor,0,0,1
ec,31,8,6.904199434387692e-16,0.0,6.904199434387692e-16,0.0,0.03853434920295376,0.2745435511907188,2.6875858506259015e-15,3.615989752987287e-14,2.6875858506259015e-15,3.615989752987287e-14,1.3354773973663738e-08,0.0,0.0,0,1,floor,0,0,1
ec,31,9,7.771561172376096e-16,0.0,7.771561172376096e-16,0.0,0.038534349174092375,0.27454355235098427,2.6879605622262506e-15,3.6133273210038215e-14,2.6879605622262506e-15,3.6133273210038215e-14,5.780846307438536e-10,0.0,0.0,0,1,floor,0,0,1
ec,31,10,8.638922910364499e-16,0.0,8.638922910364499e-16,0.0,0.03853434917284305,0.2745435523855001,2.688224336972077e-15,3.6185407272948986e-14,2.688224336972077e-15,3.6185407272948986e-14,2.5022717807699798e-11,0.0,0.0,0,1,floor,0,0,1
ec,32,0,0.0,1.2074182697257333e-06,0.0,1.2074182697257333e-06,0.0,1.2074182697257333e-06,3.717949257011824e-15,4.66005859579658e-14,3.717949257011824e-15,4.66005859579658e-14,0.0,0.0,0.0,0,1,floor,0,0,1
ec,32,1,8.326672684688674e-17,1.2074182697257333e-06,8.326672684688674e-17,1.2074182697257333e-06,0.011764433494825909,1.0731768324341125e-05,3.716508156377628e-15,4.659749107708659e-14,3.716508156377628e-15,4.659749107708659e-14,0.23528866989651817,3.746093836419747e-06,0.0,0,1,floor,0,0,1
ec,32,2,1.700029006457271e-16,1.2074182697257333e-06,1.700029006457271e-16,1.2074182697257333e-06,0.04214698358499227,0.06628564885427966,3.715997735543758e-15,4.6522911865345735e-14,3.715997735543758e-15,4.6522911865345735e-14,0.6076517010354666,0.02313430073982222,0.0,0,1,floor,0,0,1
ec,32,3,2.5673907444456745e-16,1.2074182697257333e-06,2.5673907444456745e-16,1.2074182697257333e-06,0.0386259530731815,0.2656547652527387,3.721390916887058e-15,4.654262911570635e-14,3.721390916887058e-15,4.654262911570635e-14,0.07061543261198136,0.06959295263945262,0.0,0,1,floor,0,0,1
ec,32,4,3.434752482434078e-16,1.2074182697257333e-06,3.434752482434078e-16,1.2074182697257333e-06,0.038429289387717065,0.27417653746426873,3.716982125486011e-15,4.661197309536589e-14,3.716982125486011e-15,4.661197309536589e-14,0.003940062702588183,0.0029746601374556043,0.0,0,1,floor,0,0,1
ec,32,5,4.3021142204224816e-16,1.2074182697257333e-06,4.3021142204224816e-16,1.2074182697257333e-06,0.038420918721412095,0.27452794406497577,3.718412232831495e-15,4.657932301041402e-14,3.718412232831495e-15,4.657932301041402e-14,0.00016768639511483178,0.00012266181176491411,0.0,0,1,floor,0,0,1
ec,32,6,5.169475958410885e-16,1.2074182697257333e-06,5.169475958410885e-16,1.2074182697257333e-06,0.03842055669626747,0.27454288811815375,3.714872395948961e-15,4.673291228174186e-14,3.714872395948961e-15,4.673291228174186e-14,7.2519506854328295e-06,5.127385417844444e-06,0.0,0,1,floor,0,0,1
ec,32,7,6.036837696399289e-16,1.2074182697257333e-06,6.036837696399289e-16,1.2074182697257333e-06,0.038420541030451436,0.27454352415679906,3.815378830955248e-15,5.0041930809704005e-14,3.815378830955248e-15,5.0041930809704005e-14,3.137967334347112e-07,0.0,0.0,0,1,floor,0,0,1
ec,32,8,6.904199434387692e-16,1.2074182697257333e-06,6.904199434387692e-16,1.2074182697257333e-06,0.03842054035251177,0.27454355122788976,3.830347474890449e-15,5.011801248382186e-14,3.830347474890449e-15,5.011801248382186e-14,1.3578950201682063e-08,0.0,0.0,0,1,floor,0,0,1
ec,32,9,7.771561172376096e-16,1.2074182697257333e-06,7.771561172376096e-16,1.2074182697257333e-06,0.038420540323172825,0.27454355238284506,3.832257400969059e-15,5.0133951103745665e-14,3.832257400969059e-15,5.0133951103745665e-14,5.876246852084898e-10,0.0,0.0,0,1,floor,0,0,1
ec,32,10,8.638922910364499e-16,1.2074182697257333e-06,8.638922910364499e-16,1.2074182697257333e-06,0.03842054032190318,0.27454355242001605,3.832632930685987e-15,5.0069719783421345e-14,3.832632930685987e-15,5.0069719783421345e-14,2.5428582839857005e-11,0.0,0.0,0,1,floor,0,0,1
ec,33,0,0.0,1.7075472925031877e-06,0.0,1.7075472925031877e-06,0.0,1.7075472925031877e-06,3.803232058387867e-15,4.566842600168276e-14,3.803232058387867e-15,4.566842600168276e-14,0.0,0.0,0.0,0,1,floor,0,0,1
ec,33,1,1.6653345369377348e-16,1.7075472925031877e-06,1.6653345369377348e-16,1.7075472925031877e-06,0.011764434132556841,1.0799477313527681e-05,3.80270876931206e-15,4.553467366236489e-14,3.80270876931206e-15,4.553467366236489e-14,0.2352886826511368,3.7697287323097995e-06,0.0,0,1,floor,0,0,1
ec,33,2,3.400058012914542e-16,1.7075472925031877e-06,3.400058012914542e-16,1.7075472925031877e-06,0.04215102411235188,0.06628564886527646,3.805472238437592e-15,4.5555650671896225e-14,3.805472238437592e-15,4.5555650671896225e-14,0.6077324987047977,0.023134300743661452,0.0,0,1,floor,0,0,1
ec,33,3,5.134781488891349e-16,1.7075472925031877e-06,5.134781488891349e-16,1.7075472925031877e-06,0.03864214824642807,0.2656547652527387,3.803520906976447e-15,4.555263242958995e-14,3.803520906976447e-15,4.555263242958995e-14,0.07037296419664943,0.06959295264072887,0.0,0,1,floor,0,0,1
ec,33,4,6.869504964868156e-16,1.7075472925031877e-06,6.869504964868156e-16,1.7075472925031877e-06,0.03844600397744032,0.27417653746426873,3.799903731194408e-15,4.5781922977601944e-14,3.799903731194408e-15,4.5781922977601944e-14,0.0039296892377586054,0.0029746601374556043,0.0,0,1,floor,0,0,1
ec,33,5,8.604228440844963e-16,1.7075472925031877e-06,8.604228440844963e-16,1.7075472925031877e-06,0.03843765472356379,0.274527944067631,3.806053924804267e-15,4.5515908297954496e-14,3.806053924804267e-15,4.5515908297954496e-14,0.00016725871845312492,0.00012266253584992918,0.0,0,1,floor,0,0,1
ec,33,6,1.033895191682177e-15,1.7075472925031877e-06,1.033895191682177e-15,1.7075472925031877e-06,0.038437293608787795,0.27454288812080885,3.802469604577628e-15,4.5624701296592337e-14,3.802469604577628e-15,4.5624701296592337e-14,7.233766775477663e-06,5.161913655903585e-06,0.0,0,1,floor,0,0,1
ec,33,7,1.2073675392798577e-15,1.7075472925031877e-06,1.2073675392798577e-15,1.7075472925031877e-06,0.038437277981708894,0.2745435241594542,3.804263257623376e-15,4.559229946105844e-14,3.804263257623376e-15,4.559229946105844e-14,3.1302295474246117e-07,0.0,0.0,0,1,floor,0,0,1
ec,33,8,1.3808398868775384e-15,1.7075472925031877e-06,1.3808398868775384e-15,1.7075472925031877e-06,0.03843727730541737,0.27454355122788976,3.80286928881066e-15,4.5587441577667005e-14,3.80286928881066e-15,4.5587441577667005e-14,1.3546027147518062e-08,0.0,0.0,0,1,floor,0,0,1
ec,33,9,1.5543122344752192e-15,1.7075472925031877e-06,1.5543122344752192e-15,1.7075472925031877e-06,0.03843727727614854,0.2745435523855001,3.807719911795455e-15,4.543227828437931e-14,3.807719911795455e-15,4.543227828437931e-14,5.862239779874443e-10,0.0,0.0,0,1,floor,0,0,1
ec,33,10,1.7277845820728999e-15,1.7075472925031877e-06,1.7277845820728999e-15,1.7075472925031877e-06,0.03843727727488187,0.27454355242001605,3.803810899303117e-15,4.549372143597024e-14,3.803810899303117e-15,4.549372143597024e-14,2.5369317688172767e-11,0.0,0.0,0,1,floor,0,0,1
ec,34,0,0.0,0.0,0.0,0.0,0.0,0.0,3.802918545708257e-15,4.568505933719521e-14,3.802918545708257e-15,4.568505933719521e-14,0.0,0.0,0.0,0,1,floor,0,0,1
ec,34,1,1.6653345369377348e-16,0.0,1.6653345369377348e-16,0.0,0.011764437723718936,1.059505231752994e-05,3.8029853222862624e-15,4.571265142196836e-14,3.8029853222862624e-15,4.571265142196836e-14,0.23528875447437872,3.6983709472390634e-06,0.0,0,1,floor,0,0,1
ec,34,2,3.400058012914542e-16,0.0,3.400058012914542e-16,0.0,0.0421736391252632,0.0662856488212893,3.802932819405717e-15,4.576387980520295e-14,3.802932819405717e-15,4.576387980520295e-14,0.6081847264507246,0.023134300728304538,0.0,0,1,floor,0,0,1
ec,34,3,5.134781488891349e-16,0.0,5.134781488891349e-16,0.0,0.03873279077045183,0.26565476524176307,3.805143103113592e-15,4.559248149874763e-14,3.805143103113592e-15,4.559248149874763e-14,0.06901599125015896,0.06959295263562387,0.0,0,1,floor,0,0,1
ec,34,4,6.869504964868156e-16,0.0,6.869504964868156e-16,0.0,0.03853955370455114,0.2741765374562929,3.901319070994468e-15,4.019334784159098e-14,3.901319070994468e-15,4.019334784159098e-14,0.0038716299315415966,0.002974660047881159,0.0,0,1,floor,0,0,1
ec,34,5,8.604228440844963e-16,0.0,8.604228440844963e-16,0.0,0.03853132430486262,0.2745279440570101,3.804803064760154e-15,4.561362375885321e-14,3.804803064760154e-15,4.561362375885321e-14,0.00016486489430112594,0.00012265963948422236,0.0,0,1,floor,0,0,1
ec,34,6,1.033895191682177e-15,0.0,1.033895191682177e-15,0.0,0.03853096828606497,0.27454288811018857,3.801084435426852e-15,4.585440929877943e-14,3.801084435426852e-15,4.585440929877943e-14,7.131980907476932e-06,5.0926230819925985e-06,0.0,0,1,floor,0,0,1
ec,34,7,1.2073675392798577e-15,0.0,1.2073675392798577e-15,0.0,0.03853095287583691,0.27454352414883393,3.801036308206648e-15,4.5793518726822515e-14,3.801036308206648e-15,4.5793518726822515e-14,3.0869142999528853e-07,0.0,0.0,0,1,floor,0,0,1
ec,34,8,1.3808398868775384e-15,0.0,1.3808398868775384e-15,0.0,0.038530952208772215,0.27454355121726953,3.802698994192248e-15,4.563346108065395e-14,3.802698994192248e-15,4.563346108065395e-14,1.3361716092055683e-08,0.0,0.0,0,1,floor,0,0,1
ec,34,9,1.5543122344752192e-15,0.0,1.5543122344752192e-15,0.0,0.03853095217989591,0.2745435523775349,3.8023706633153546e-15,4.5672581594302813e-14,3.8023706633153546e-15,4.5672581594302813e-14,5.783827187022857e-10,0.0,0.0,0,1,floor,0,0,1
ec,34,10,1.7277845820728999e-15,0.0,1.7277845820728999e-15,0.0,0.038530952178645946,0.2745435524120508,3.8034969647196666e-15,4.5615693973117146e-14,3.8034969647196666e-15,4.5615693973117146e-14,2.5035597167901356e-11,0.0,0.0,0,1,floor,0,0,1
ec,35,0,0.0,0.0,0.0,0.0,0.0,0.0,3.97562524686862e-15,4.557042604319956e-14,3.97562524686862e-15,4.557042604319956e-14,0.0,0.0,0.0,0,1,floor,0,0,1
ec,35,1,1.6653345369377348e-16,0.0,1.6653345369377348e-16,0.0,0.011764437375799509,1.0173887179578492e-05,3.974413387984335e-15,4.555571098825722e-14,3.974413387984335e-15,4.555571098825722e-14,0.23528874751599016,3.5513565802016854e-06,0.0,0,1,floor,0,0,1
ec,35,2,3.400058012914542e-16,0.0,3.400058012914542e-16,0.0,0.042169895690001444,0.06628564876630533,3.97375492998707e-15,4.5535925019635034e-14,3.97375492998707e-15,4.5535925019635034e-14,0.6081098648179342,0.023134300705269166,0.0,0,1,floor,0,0,1
ec,35,3,5.134781488891349e-16,0.0,5.134781488891349e-16,0.0,0.03871775744983821,0.2656547652307874,3.974205638611973e-15,4.5595712473551925e-14,3.974205638611973e-15,4.5595712473551925e-14,0.06924118543270306,0.06959295262924262,0.0,0,1,floor,0,0,1
ec,35,4,6.869504964868156e-16,0.0,6.869504964868156e-16,0.0,0.03852403921516662,0.2741765374429998,3.974715315612068e-15,4.5580819220137275e-14,3.974715315612068e-15,4.5580819220137275e-14,0.00388123909511936,0.0029746598985904114,0.0,0,1,floor,0,0,1
ec,35,5,8.604228440844963e-16,0.0,8.604228440844963e-16,0.0,0.03851579006493177,0.274527944043734,3.9746881955844255e-15,4.5595048248200863e-14,3.9746881955844255e-15,4.5595048248200863e-14,0.00016525936132221126,0.00012265601893090978,0.0,0,1,floor,0,0,1
ec,35,6,1.033895191682177e-15,0.0,1.033895191682177e-15,0.0,0.03851543320943637,0.2745428880995682,3.9715090302245405e-15,4.558686337585358e-14,3.9715090302245405e-15,4.558686337585358e-14,7.148692642166363e-06,4.986882367933259e-06,0.0,0,1,floor,0,0,1
ec,35,7,1.2073675392798577e-15,0.0,1.2073675392798577e-15,0.0,0.038515417763735606,0.27454352413555855,3.9715533908988106e-15,4.573288624832098e-14,3.9715533908988106e-15,4.573288624832098e-14,3.0939997505136595e-07,0.0,0.0,0,1,floor,0,0,1
ec,35,8,1.3808398868775384e-15,0.0,1.3808398868775384e-15,0.0,0.0385154170951673,0.27454355120399415,3.973166485909749e-15,4.558896158366415e-14,3.973166485909749e-15,4.558896158366415e-14,1.3391751054172886e-08,0.0,0.0,0,1,floor,0,0,1
ec,35,9,1.5543122344752192e-15,0.0,1.5543122344752192e-15,0.0,0.03851541706622729,0.27454355236160444,3.972324602098312e-15,4.5669549620018035e-14,3.972324602098312e-15,4.5669549620018035e-14,5.796554310396331e-10,0.0,0.0,0,1,floor,0,0,1
ec,35,10,1.7277845820728999e-15,0.0,1.7277845820728999e-15,0.0,0.03851541706497462,0.2745435523961204,3.978973296398623e-15,4.5145005347013897e-14,3.978973296398623e-15,4.5145005347013897e-14,2.5089590847269695e-11,0.0,0.0,0,1,floor,0,0,1
ec,36,0,0.0,0.0,0.0,0.0,0.0,0.0,3.974300146438907e-15,4.566896743815548e-14,3.974300146438907e-15,4.566896743815548e-14,0.0,0.0,0.0,0,1,floor,0,0,1
ec,36,1,1.6653345369377348e-16,0.0,1.6653345369377348e-16,0.0,0.01176443801449076,1.045654894575938e-05,3.976400838188159e-15,4.5672169460254745e-14,3.976400838188159e-15,4.5672169460254745e-14,0.23528876028981519,3.6500241499888623e-06,0.0,0,1,floor,0,0,1
ec,36,2,3.400058012914542e-16,0.0,3.400058012914542e-16,0.0,0.04217501517762749,0.0662856487992957,3.974622093601426e-15,4.557514607229367e-14,3.974622093601426e-15,4.557514607229367e-14,0.6082122416407111,0.023134300720626087,0.0,0,1,floor,0,0,1
ec,36,3,5.134781488891349e-16,0.0,5.134781488891349e-16,0.0,0.038738297472694534,0.26565476523627524,3.975810875621221e-15,4.564955291569552e-14,3.975810875621221e-15,4.564955291569552e-14,0.06893360005453446,0.06959295263307137,0.0,0,1,floor,0,0,1
ec,36,4,6.869504964868156e-16,0.0,6.869504964868156e-16,0.0,0.038545237317718924,0.27417653745097564,3.976103779595681e-15,4.5688374579753034e-14,3.976103779595681e-15,4.5688374579753034e-14,0.0038680969578066674,0.0029746599881648613,0.0,0,1,floor,0,0,1
ec,36,5,8.604228440844963e-16,0.0,8.604228440844963e-16,0.0,0.03853701523680385,0.2745279440516996,3.973043675773503e-15,4.5576790163671817e-14,3.973043675773503e-15,4.5576790163671817e-14,0.00016471872119020053,0.00012265819127572165,0.0,0,1,floor,0,0,1
ec,36,6,1.033895191682177e-15,0.0,1.033895191682177e-15,0.0,0.038536659530083554,0.2745428881048784,3.977569060534609e-15,4.561181737437901e-14,3.977569060534609e-15,4.561181737437901e-14,7.125747683510187e-06,5.057621821307297e-06,0.0,0,1,floor,0,0,1
ec,36,7,1.2073675392798577e-15,0.0,1.2073675392798577e-15,0.0,0.038536644133173995,0.2745435241435238,3.977736568000415e-15,4.558054524625541e-14,3.977736568000415e-15,4.558054524625541e-14,3.0842540280475156e-07,0.0,0.0,0,1,floor,0,0,1
ec,36,8,1.3808398868775384e-15,0.0,1.3808398868775384e-15,0.0,0.038536643466677664,0.2745435512119594,3.97415609876547e-15,4.562512334815082e-14,3.97415609876547e-15,4.562512334815082e-14,1.3350363051810261e-08,0.0,0.0,0,1,floor,0,0,1
ec,36,9,1.5543122344752192e-15,0.0,1.5543122344752192e-15,0.0,0.03853664343782562,0.2745435523722248,3.9755627383848394e-15,4.571322138516317e-14,3.9755627383848394e-15,4.571322138516317e-14,5.778981564469819e-10,0.0,0.0,0,1,floor,0,0,1
ec,36,10,1.7277845820728999e-15,0.0,1.7277845820728999e-15,0.0,0.038536643436576694,0.27454355240674067,3.980157037866489e-15,4.542669653871933e-14,3.980157037866489e-15,4.542669653871933e-14,2.5014776191176378e-11,0.0,0.0,0,1,floor,0,0,1
ec,37,0,0.0,0.0,0.0,0.0,0.0,0.0,3.721452805442053e-15,4.662869784634446e-14,3.721452805442053e-15,4.662869784634446e-14,0.0,0.0,0.0,0,1,floor,0,0,1
ec,37,1,8.326672684688674e-17,0.0,8.326672684688674e-17,0.0,0.011764437150949634,1.059505231752994e-05,3.721970767640453e-15,4.660273121363466e-14,3.721970767640453e-15,4.660273121363466e-14,0.23528874301899266,3.6983709472390634e-06,0.0,0,1,floor,0,0,1
ec,37,2,1.700029006457271e-16,0.0,1.700029006457271e-16,0.0,0.042170210939934206,0.0662856488212893,3.7198830766834255e-15,4.668750783918732e-14,3.7198830766834255e-15,4.668750783918732e-14,0.6081161743038952,0.023134300728304538,0.0,0,1,floor,0,0,1
ec,37,3,2.5673907444456745e-16,0.0,2.5673907444456745e-16,0.0,0.0387190537505418,0.26565476524176307,3.722147543860381e-15,4.668951151122133e-14,3.722147543860381e-15,4.668951151122133e-14,0.06922161671621824,0.06959295263562387,0.0,0,1,floor,0,0,1
ec,37,4,3.434752482434078e-16,0.0,3.434752482434078e-16,0.0,0.03852537597822128,0.2741765374562929,3.7226055564206525e-15,4.663244248850967e-14,3.7226055564206525e-15,4.663244248850967e-14,0.003880431039156956,0.002974660047881159,0.0,0,1,floor,0,0,1
ec,37,5,4.3021142204224816e-16,0.0,4.3021142204224816e-16,0.0,0.03851712839973964,0.2745279440570101,3.7236561336038205e-15,4.662006889038781e-14,3.7236561336038205e-15,4.662006889038781e-14,0.00016522796927833806,0.00012265963948422236,0.0,0,1,floor,0,0,1
ec,37,6,5.169475958410885e-16,0.0,5.169475958410885e-16,0.0,0.03851677160766107,0.27454288811018857,3.722204011565003e-15,4.663626373287537e-14,3.722204011565003e-15,4.663626373287537e-14,7.147425974796693e-06,5.0926230819925985e-06,0.0,0,1,floor,0,0,1
ec,37,7,6.036837696399289e-16,0.0,6.036837696399289e-16,0.0,0.03851675616451219,0.27454352414883393,3.7219490813881805e-15,4.6626384939247424e-14,3.7219490813881805e-15,4.6626384939247424e-14,3.093490019085701e-07,0.0,0.0,0,1,floor,0,0,1
ec,37,8,6.904199434387692e-16,0.0,6.904199434387692e-16,0.0,0.03851675549604608,0.27454355121726953,3.719420854867356e-15,4.68063007392815e-14,3.719420854867356e-15,4.68063007392815e-14,1.3389709684958245e-08,0.0,0.0,0,1,floor,0,0,1
ec,37,9,7.771561172376096e-16,0.0,7.771561172376096e-16,0.0,0.03851675546711014,0.2745435523775349,3.719941150360886e-15,4.666471514454708e-14,3.719941150360886e-15,4.666471514454708e-14,5.795738884663688e-10,0.0,0.0,0,1,floor,0,0,1
ec,37,10,8.638922910364499e-16,0.0,8.638922910364499e-16,0.0,0.03851675546585764,0.2745435524120508,3.722987763348764e-15,4.655822398730101e-14,3.722987763348764e-15,4.655822398730101e-14,2.5086189348986736e-11,0.0,0.0,0,1,floor,0,0,1
ec,38,0,0.0,0.0,0.0,0.0,0.0,0.0,4.2180347984257046e-15,4.666345380512191e-14,4.2180347984257046e-15,4.666345380512191e-14,0.0,0.0,0.0,0,1,floor,0,0,1
ec,38,1,8.326672684688674e-17,0.0,8.326672684688674e-17,0.0,0.011764436754210615,1.0173887179578492e-05,4.2155791177329864e-15,4.6654412543712265e-14,4.2155791177329864e-15,4.6654412543712265e-14,0.2352887350842123,3.5513565802016854e-06,0.0,0,1,floor,0,0,1
ec,38,2,1.700029006457271e-16,0.0,1.700029006457271e-16,0.0,0.042166363909939074,0.06628564875530854,4.254956252689223e-15,4.754920326507039e-14,4.254956252689223e-15,4.754920326507039e-14,0.6080392417560045,0.023134300705269166,0.0,0,1,floor,0,0,1
ec,38,3,2.5673907444456745e-16,0.0,2.5673907444456745e-16,0.0,0.038703609072322474,0.2656547652252996,4.220762125212329e-15,4.674213161622892e-14,4.220762125212329e-15,4.674213161622892e-14,0.06945295347835968,0.06959295262796637,0.0,0,1,floor,0,0,1
ec,38,4,3.434752482434078e-16,0.0,3.434752482434078e-16,0.0,0.03850943680646744,0.27417653744034115,4.218962954968573e-15,4.659391646764133e-14,4.218962954968573e-15,4.659391646764133e-14,0.0038903063751558947,0.002974659868732262,0.0,0,1,floor,0,0,1
ec,38,5,4.3021142204224816e-16,0.0,4.3021142204224816e-16,0.0,0.038501168916757006,0.2745279440410788,4.219678295829818e-15,4.6659250300394215e-14,4.219678295829818e-15,4.6659250300394215e-14,0.00016563363713262172,0.0001226552948074226,0.0,0,1,floor,0,0,1
ec,38,6,5.169475958410885e-16,0.0,5.169475958410885e-16,0.0,0.038500811263739866,0.2745428880942581,4.221212553166814e-15,4.663066582151929e-14,4.221212553166814e-15,4.663066582151929e-14,7.1646219877320205e-06,4.986882367933259e-06,0.0,0,1,floor,0,0,1
ec,38,7,6.036837696399289e-16,0.0,6.036837696399289e-16,0.0,0.03850079578406947,0.2745435241329035,4.217979570376606e-15,4.658965779886926e-14,4.217979570376606e-15,4.658965779886926e-14,3.1007850029475814e-07,0.0,0.0,0,1,floor,0,0,1
ec,38,8,6.904199434387692e-16,0.0,6.904199434387692e-16,0.0,0.038500795114054374,0.27454355120133905,4.219936415016923e-15,4.6721628378618265e-14,4.219936415016923e-15,4.6721628378618265e-14,1.3420651296893859e-08,0.0,0.0,0,1,floor,0,0,1
ec,38,9,7.771561172376096e-16,0.0,7.771561172376096e-16,0.0,0.03850079508505275,0.27454355236160444,4.219343204138268e-15,4.667808343625438e-14,4.219343204138268e-15,4.667808343625438e-14,5.808861561894824e-10,0.0,0.0,0,1,floor,0,0,1
ec,38,10,8.638922910364499e-16,0.0,8.638922910364499e-16,0.0,0.03850079508379745,0.2745435523961204,4.2180550387642295e-15,4.665885896156926e-14,4.2180550387642295e-15,4.665885896156926e-14,2.5141922102617246e-11,0.0,0.0,0,1,floor,0,0,1
ec,39,0,0.0,1.7075472925031877e-06,0.0,1.7075472925031877e-06,0.0,1.7075472925031877e-06,4.694418005438018e-15,5.727078561886832e-14,4.694418005438018e-15,5.727078561886832e-14,0.0,0.0,0.0,0,1,floor,0,0,1
ec,39,1,1.6653345369377348e-16,1.7075472925031877e-06,1.6653345369377348e-16,1.7075472925031877e-06,0.01176443385868539,1.0799477313527681e-05,4.692451855018656e-15,5.734154863983323e-14,4.692451855018656e-15,5.734154863983323e-14,0.23528867717370777,3.7697287323097995e-06,0.0,0,1,floor,0,0,1
ec,39,2,3.400058012914542e-16,1.7075472925031877e-06,3.400058012914542e-16,1.7075472925031877e-06,0.04215026748225337,0.06628564886527646,4.6927164130173134e-15,5.733395339449859e-14,4.6927164130173134e-15,5.733395339449859e-14,0.60771737160328,0.023134300743661452,0.0,0,1,floor,0,0,1
ec,39,3,5.134781488891349e-16,1.7075472925031877e-06,5.134781488891349e-16,1.7075472925031877e-06,0.038639133938154116,0.2656547652527387,4.691666052733291e-15,5.736286697013451e-14,4.691666052733291e-15,5.736286697013451e-14,0.07041800143945541,0.06959295264072887,0.0,0,1,floor,0,0,1
ec,39,4,6.869504964868156e-16,1.7075472925031877e-06,6.869504964868156e-16,1.7075472925031877e-06,0.03844289236736058,0.27417653746692733,4.689854418961955e-15,5.796371092839393e-14,4.689854418961955e-15,5.796371092839393e-14,0.003931632482243819,0.002974660167313752,0.0,0,1,floor,0,0,1
ec,39,5,8.604228440844963e-16,1.7075472925031877e-06,8.604228440844963e-16,1.7075472925031877e-06,0.03843453904816931,0.274527944067631,4.691723888966058e-15,5.741337340966494e-14,4.691723888966058e-15,5.741337340966494e-14,0.00016733991582820377,0.00012266253584992918,0.0,0,1,floor,0,0,1
ec,39,6,1.033895191682177e-15,1.7075472925031877e-06,1.033895191682177e-15,1.7075472925031877e-06,0.038434177758636175,0.27454288812080885,4.691515428950588e-15,5.734658208242454e-14,4.691515428950588e-15,5.734658208242454e-14,7.237257398046507e-06,5.161913655903585e-06,0.0,0,1,floor,0,0,1
ec,39,7,1.2073675392798577e-15,1.7075472925031877e-06,1.2073675392798577e-15,1.7075472925031877e-06,0.03843416212403875,0.2745435241594542,4.691553628019053e-15,5.73678938388185e-14,4.691553628019053e-15,5.73678938388185e-14,3.131731373191812e-07,0.0,0.0,0,1,floor,0,0,1
ec,39,8,1.3808398868775384e-15,1.7075472925031877e-06,1.3808398868775384e-15,1.7075472925031877e-06,0.03843416144742376,0.27454355122788976,4.6928393030293175e-15,5.727519749991045e-14,4.6928393030293175e-15,5.727519749991045e-14,1.3552488767080999e-08,0.0,0.0,0,1,floor,0,0,1
ec,39,9,1.5543122344752192e-15,1.7075472925031877e-06,1.5543122344752192e-15,1.7075472925031877e-06,0.03843416141814101,0.2745435523881552,4.6940971653310344e-15,5.727204904023946e-14,4.6940971653310344e-15,5.727204904023946e-14,5.865020613503039e-10,0.0,0.0,0,1,floor,0,0,1
ec,39,10,1.7277845820728999e-15,1.7075472925031877e-06,1.7277845820728999e-15,1.7075472925031877e-06,0.038434161416873745,0.2745435524226711,4.6935158083832956e-15,5.73377935874481e-14,4.6935158083832956e-15,5.73377935874481e-14,2.5381240691372535e-11,0.0,0.0,0,1,floor,0,0,1
ec,40,0,0.0,0.0,0.0,0.0,0.0,0.0,3.2294621917432314e-15,3.6059548483512084e-14,3.2294621917432314e-15,3.6059548483512084e-14,0.0,0.0,0.0,0,1,floor,0,0,1
ec,40,1,8.326672684688674e-17,0.0,8.326672684688674e-17,0.0,0.011764438498217409,1.059505231752994e-05,3.2280398001527743e-15,3.607828191865207e-14,3.2280398001527743e-15,3.607828191865207e-14,0.23528876996434817,3.6983709472390634e-06,0.0,0,1,floor,0,0,1
ec,40,2,1.700029006457271e-16,0.0,1.700029006457271e-16,0.0,0.042178071055309414,0.06628564883228609,3.215423702540551e-15,3.731912403838652e-14,3.215423702540551e-15,3.731912403838652e-14,0.6082733494268114,0.023134300728304538,0.0,0,1,floor,0,0,1
ec,40,3,2.5673907444456745e-16,0.0,2.5673907444456745e-16,0.0,0.03875054582355121,0.2656547652472509,3.22802530179298e-15,3.614080290695205e-14,3.22802530179298e-15,3.614080290695205e-14,0.06875024613527003,0.06959295263690014,0.0,0,1,floor,0,0,1
ec,40,4,3.434752482434078e-16,0.0,3.434752482434078e-16,0.0,0.038557878507235556,0.2741765374589515,3.2288189843284037e-15,3.6046579672371607e-14,3.2288189843284037e-15,3.6046579672371607e-14,0.003860251866354055,0.002974660077739308,0.0,0,1,floor,0,0,1
ec,40,5,4.3021142204224816e-16,0.0,4.3021142204224816e-16,0.0,0.038549672621197725,0.2745279440596653,3.2269066187875457e-15,3.613905549404039e-14,3.2269066187875457e-15,3.613905549404039e-14,0.00016439527267684867,0.00012266036358206077,0.0,0,1,floor,0,0,1
ec,40,6,5.169475958410885e-16,0.0,5.169475958410885e-16,0.0,0.03854931760303463,0.2745428881154987,3.228151085908601e-15,3.608958732574937e-14,3.228151085908601e-15,3.608958732574937e-14,7.1119949516226936e-06,5.0926230819925985e-06,0.0,0,1,floor,0,0,1
ec,40,7,6.036837696399289e-16,0.0,6.036837696399289e-16,0.0,0.038549302235424646,0.27454352415148897,3.2290674284316076e-15,3.6109290630965074e-14,3.2290674284316076e-15,3.6109290630965074e-14,3.078401672906853e-07,0.0,0.0,0,1,floor,0,0,1
ec,40,8,6.904199434387692e-16,0.0,6.904199434387692e-16,0.0,0.03854930157017495,0.2745435512199246,3.2314292121258656e-15,3.598015588682106e-14,3.2314292121258656e-15,3.598015588682106e-14,1.332546127249949e-08,0.0,0.0,0,1,floor,0,0,1
ec,40,9,7.771561172376096e-16,0.0,7.771561172376096e-16,0.0,0.03854930154137594,0.2745435523775349,3.2305839433516095e-15,3.601165479663159e-14,3.2305839433516095e-15,3.601165479663159e-14,5.768385953145235e-10,0.0,0.0,0,1,floor,0,0,1
ec,40,10,8.638922910364499e-16,0.0,8.638922910364499e-16,0.0,0.03854930154012926,0.2745435524120508,3.2285204739004756e-15,3.605794074199141e-14,3.2285204739004756e-15,3.605794074199141e-14,2.496978316123757e-11,0.0,0.0,0,1,floor,0,0,1
ec,41,0,0.0,0.0,0.0,0.0,0.0,0.0,3.720211377739113e-15,4.652365127442047e-14,3.720211377739113e-15,4.652365127442047e-14,0.0,0.0,0.0,0,1,floor,0,0,1
ec,41,1,8.326672684688674e-17,0.0,8.326672684688674e-17,0.0,0.011764434916844356,1.0386604689550578e-05,3.7184088458692985e-15,4.65882925933562e-14,3.7184088458692985e-15,4.65882925933562e-14,0.23528869833688712,3.625608998714821e-06,0.0,0,1,floor,0,0,1
ec,41,2,1.700029006457271e-16,0.0,1.700029006457271e-16,0.0,0.042155413197434384,0.06628564878829891,3.717552725561096e-15,4.6607841909793276e-14,3.717552725561096e-15,4.6607841909793276e-14,0.6078202645868986,0.023134300716786856,0.0,0,1,floor,0,0,1
ec,41,3,2.5673907444456745e-16,0.0,2.5673907444456745e-16,0.0,0.03865972959525683,0.26565476523627524,3.717584770238306e-15,4.659990670549231e-14,3.717584770238306e-15,4.659990670549231e-14,0.0701098016832013,0.06959295263179513,0.0,0,1,floor,0,0,1
ec,41,4,3.434752482434078e-16,0.0,3.434752482434078e-16,0.0,0.0384641495716526,0.27417653744831705,3.717894841901758e-15,4.667008003712612e-14,3.717894841901758e-15,4.667008003712612e-14,0.003918420572563905,0.002974659958306711,0.0,0,1,floor,0,0,1
ec,41,5,4.3021142204224816e-16,0.0,4.3021142204224816e-16,0.0,0.038455823610323195,0.2745279440490444,3.717545304842589e-15,4.655789248275596e-14,3.717545304842589e-15,4.655789248275596e-14,0.00016679349324250084,0.00012265746716505922,0.0,0,1,floor,0,0,1
ec,41,6,5.169475958410885e-16,0.0,5.169475958410885e-16,0.0,0.03845546348698673,0.2745428881022233,3.7174931920793464e-15,4.662112444953843e-14,3.7174931920793464e-15,4.662112444953843e-14,7.213963684646073e-06,5.022376640544164e-06,0.0,0,1,floor,0,0,1
ec,41,7,6.036837696399289e-16,0.0,6.036837696399289e-16,0.0,0.03845544790214348,0.27454352414086874,3.717567741926982e-15,4.65909002324115e-14,3.717567741926982e-15,4.65909002324115e-14,3.121792986295802e-07,0.0,0.0,0,1,floor,0,0,1
ec,41,8,6.904199434387692e-16,0.0,6.904199434387692e-16,0.0,0.03845544722765108,0.2745435512093043,3.7185470526451526e-15,4.657996495321115e-14,3.7185470526451526e-15,4.657996495321115e-14,1.351008812445584e-08,0.0,0.0,0,1,floor,0,0,1
ec,41,9,7.771561172376096e-16,0.0,7.771561172376096e-16,0.0,0.03845544719845888,0.27454355236691463,3.7243910317812404e-15,4.6179252042717046e-14,3.7243910317812404e-15,4.6179252042717046e-14,5.846931128551281e-10,0.0,0.0,0,1,floor,0,0,1
ec,41,10,8.638922910364499e-16,0.0,8.638922910364499e-16,0.0,0.03845544719719548,0.27454355240408557,3.7205627133718615e-15,4.647397718624411e-14,3.7205627133718615e-15,4.647397718624411e-14,2.5303829269736124e-11,0.0,0.0,0,1,floor,0,0,1
ec,42,0,0.0,0.0,0.0,0.0,0.0,0.0,3.718883528686357e-15,4.669728747445361e-14,3.718883528686357e-15,4.669728747445361e-14,0.0,0.0,0.0,0,1,floor,0,0,1
ec,42,1,8.326672684688674e-17,0.0,8.326672684688674e-17,0.0,0.011764434920209363,1.0173887179578492e-05,3.721142543688801e-15,4.6658446984233677e-14,3.721142543688801e-15,4.6658446984233677e-14,0.23528869840418723,3.5513565802016854e-06,0.0,0,1,floor,0,0,1
ec,42,2,1.700029006457271e-16,0.0,1.700029006457271e-16,0.0,0.04215515109657079,0.06628564875530854,3.7203637821391696e-15,4.6708264289829214e-14,3.7203637821391696e-15,4.6708264289829214e-14,0.6078150225103324,0.023134300705269166,0.0,0,1,floor,0,0,1
ec,42,3,2.5673907444456745e-16,0.0,2.5673907444456745e-16,0.0,0.038658673716733,0.2656547652252996,3.721174840587017e-15,4.66667241181617e-14,3.721174840587017e-15,4.66667241181617e-14,0.07012563600548583,0.06959295262796637,0.0,0,1,floor,0,0,1
ec,42,4,3.434752482434078e-16,0.0,3.434752482434078e-16,0.0,0.03846306000997992,0.27417653744034115,3.721264461928442e-15,4.660680224467101e-14,3.721264461928442e-15,4.660680224467101e-14,0.003919093263389888,0.002974659868732262,0.0,0,1,floor,0,0,1
ec,42,5,4.3021142204224816e-16,0.0,4.3021142204224816e-16,0.0,0.038454732675777994,0.2745279440410788,3.722370375787362e-15,4.669724731205682e-14,3.722370375787362e-15,4.669724731205682e-14,0.00016682091374083121,0.0001226552948074226,0.0,0,1,floor,0,0,1
ec,42,6,5.169475958410885e-16,0.0,5.169475958410885e-16,0.0,0.038454372494627714,0.2745428880942581,3.721359723640867e-15,4.671585158695205e-14,3.721359723640867e-15,4.671585158695205e-14,7.215118460236011e-06,4.986882367933259e-06,0.0,0,1,floor,0,0,1
ec,42,7,6.036837696399289e-16,0.0,6.036837696399289e-16,0.0,0.03845435690734832,0.2745435241329035,3.719260097226713e-15,4.667642692770893e-14,3.719260097226713e-15,4.667642692770893e-14,3.122279606381852e-07,0.0,0.0,0,1,floor,0,0,1
ec,42,8,6.904199434387692e-16,0.0,6.904199434387692e-16,0.0,0.0384543562327533,0.27454355120133905,3.71986556594658e-15,4.6700299376929405e-14,3.71986556594658e-15,4.6700299376929405e-14,1.351213803362427e-08,0.0,0.0,0,1,floor,0,0,1
ec,42,9,7.806255641895632e-16,0.0,7.806255641895632e-16,0.0,0.038454356203556785,0.27454355236160444,3.720642889856433e-15,4.6696972367693434e-14,3.720642889856433e-15,4.6696972367693434e-14,5.847793202913338e-10,0.0,0.0,0,1,floor,0,0,1
ec,42,10,8.673617379884035e-16,0.0,8.673617379884035e-16,0.0,0.038454356202293205,0.2745435523961204,3.7222597450440704e-15,4.663019253497101e-14,3.7222597450440704e-15,4.663019253497101e-14,2.53074337702054e-11,0.0,0.0,0,1,floor,0,0,1
ec,43,0,0.0,0.0,0.0,0.0,0.0,0.0,3.864603829907065e-15,4.657271714307061e-14,3.864603829907065e-15,4.657271714307061e-14,0.0,0.0,0.0,0,1,floor,0,0,1
ec,43,1,8.326672684688674e-17,0.0,8.326672684688674e-17,0.0,0.011764433578560133,1.0386604689550578e-05,3.8653659231826994e-15,4.660579731778646e-14,3.8653659231826994e-15,4.660579731778646e-14,0.23528867157120265,3.625608998714821e-06,0.0,0,1,floor,0,0,1
ec,43,2,1.700029006457271e-16,0.0,1.700029006457271e-16,0.0,0.04214687475765652,0.06628564878829891,3.862059320897805e-15,4.6895820149069306e-14,3.862059320897805e-15,4.6895820149069306e-14,0.607649522817421,0.023134300716786856,0.0,0,1,floor,0,0,1
ec,43,3,2.5673907444456745e-16,0.0,2.5673907444456745e-16,0.0,0.03862550484913657,0.26565476523627524,3.863381834815474e-15,4.6645995924170137e-14,3.863381834815474e-15,4.6645995924170137e-14,0.07062220316543595,0.06959295263179513,0.0,0,1,floor,0,0,1
ec,43,4,3.434752482434078e-16,0.0,3.434752482434078e-16,0.0,0.03842882719709741,0.27417653744831705,3.865898222068433e-15,4.657857092260337e-14,3.865898222068433e-15,4.657857092260337e-14,0.003940341635999413,0.002974659958306711,0.0,0,1,floor,0,0,1
ec,43,5,4.3021142204224816e-16,0.0,4.3021142204224816e-16,0.0,0.03842045599040988,0.2745279440490444,3.8648423910381665e-15,4.6592707879374476e-14,3.8648423910381665e-15,4.6592707879374476e-14,0.00016769718843775213,0.00012265746716505922,0.0,0,1,floor,0,0,1
ec,43,6,5.169475958410885e-16,0.0,5.169475958410885e-16,0.0,0.03842009394354264,0.2745428881022233,3.8065049212089945e-15,4.895669008777369e-14,3.8065049212089945e-15,4.895669008777369e-14,7.252384583772478e-06,5.022376640544164e-06,0.0,0,1,floor,0,0,1
ec,43,7,6.036837696399289e-16,0.0,6.036837696399289e-16,0.0,0.03842007827685614,0.27454352414086874,3.863593074446425e-15,4.658192585894469e-14,3.863593074446425e-15,4.658192585894469e-14,3.1381412125504845e-07,0.0,0.0,0,1,floor,0,0,1
ec,43,8,6.904199434387692e-16,0.0,6.904199434387692e-16,0.0,0.038420077598881795,0.2745435512093043,3.864185718454686e-15,4.659815613245593e-14,3.864185718454686e-15,4.659815613245593e-14,1.3579643243170032e-08,0.0,0.0,0,1,floor,0,0,1
ec,43,9,7.771561172376096e-16,0.0,7.771561172376096e-16,0.0,0.038420077569541466,0.27454355236691463,3.86322478967216e-15,4.661501870937533e-14,3.86322478967216e-15,4.661501870937533e-14,5.876521359378902e-10,0.0,0.0,0,1,floor,0,0,1
ec,43,10,8.638922910364499e-16,0.0,8.638922910364499e-16,0.0,0.03842007756827177,0.27454355240408557,3.803202043574892e-15,5.047276557413886e-14,3.803202043574892e-15,5.047276557413886e-14,2.5429667147703233e-11,0.0,0.0,0,1,floor,0,0,1
ec,44,0,0.0,0.0,0.0,0.0,0.0,0.0,3.804326413721477e-15,4.5500932721389876e-14,3.804326413721477e-15,4.5500932721389876e-14,0.0,0.0,0.0,0,1,floor,0,0,1
ec,44,1,1.6653345369377348e-16,0.0,1.6653345369377348e-16,0.0,0.011764433913208585,1.059505231752994e-05,3.805702734379018e-15,4.552317660480673e-14,3.805702734379018e-15,4.552317660480673e-14,0.23528867826417169,3.6983709472390634e-06,0.0,0,1,floor,0,0,1
ec,44,2,3.400058012914542e-16,0.0,3.400058012914542e-16,0.0,0.04214823753338409,0.06628564883228609,3.8045014948899925e-15,4.552828169479004e-14,3.8045014948899925e-15,4.552828169479004e-14,0.6076767715974718,0.023134300728304538,0.0,0,1,floor,0,0,1
ec,44,3,5.134781488891349e-16,0.0,5.134781488891349e-16,0.0,0.03863095285772944,0.2656547652472509,3.807668582032873e-15,4.547303370098597e-14,3.807668582032873e-15,4.547303370098597e-14,0.07054070787455614,0.06959295263690014,0.0,0,1,floor,0,0,1
ec,44,4,6.869504964868156e-16,0.0,6.869504964868156e-16,0.0,0.038434450420434633,0.2741765374589515,3.802553568883224e-15,4.560992503847236e-14,3.802553568883224e-15,4.560992503847236e-14,0.003936842345955973,0.002974660077739308,0.0,0,1,floor,0,0,1
ec,44,5,8.604228440844963e-16,0.0,8.604228440844963e-16,0.0,0.0384260864787131,0.2745279440596653,3.81016014005802e-15,4.5101733040450675e-14,3.81016014005802e-15,4.5101733040450675e-14,0.00016755208285986446,0.00012266036358206077,0.0,0,1,floor,0,0,1
ec,44,6,1.033895191682177e-15,0.0,1.033895191682177e-15,0.0,0.03842572474220603,0.2745428881154987,3.804477679672462e-15,4.558265866708069e-14,3.804477679672462e-15,4.558265866708069e-14,7.2461853691839535e-06,5.0926230819925985e-06,0.0,0,1,floor,0,0,1
ec,44,7,1.2073675392798577e-15,0.0,1.2073675392798577e-15,0.0,0.03842570908878949,0.27454352415148897,3.802778926717846e-15,4.55700987171067e-14,3.802778926717846e-15,4.55700987171067e-14,3.1354905205256184e-07,0.0,0.0,0,1,floor,0,0,1
ec,44,8,1.3808398868775384e-15,0.0,1.3808398868775384e-15,0.0,0.038425708411382514,0.2745435512199246,3.80233152052225e-15,4.5757399517064055e-14,3.80233152052225e-15,4.5757399517064055e-14,1.3568309463418909e-08,0.0,0.0,0,1,floor,0,0,1
ec,44,9,1.5543122344752192e-15,0.0,1.5543122344752192e-15,0.0,0.03842570838206645,0.2745435523775349,3.8013635572181365e-15,4.562104526582848e-14,3.8013635572181365e-15,4.562104526582848e-14,5.871676286989464e-10,0.0,0.0,0,1,floor,0,0,1
ec,44,10,1.7277845820728999e-15,0.0,1.7277845820728999e-15,0.0,0.03842570838079779,0.2745435524120508,3.805550170115901e-15,4.554206400839688e-14,3.805550170115901e-15,4.554206400839688e-14,2.5408969114337524e-11,0.0,0.0,0,1,floor,0,0,1
ec,45,0,0.0,0.0,0.0,0.0,0.0,0.0,3.7173715409584104e-15,4.659537804459208e-14,3.7173715409584104e-15,4.659537804459208e-14,0.0,0.0,0.0,0,1,floor,0,0,1
ec,45,1,8.326672684688674e-17,0.0,8.326672684688674e-17,0.0,0.011764432881073018,1.0386604689550578e-05,3.718815977552265e-15,4.6604805305339674e-14,3.718815977552265e-15,4.6604805305339674e-14,0.23528865762146037,3.625608998714821e-06,0.0,0,1,floor,0,0,1
ec,45,2,1.700029006457271e-16,0.0,1.700029006457271e-16,0.0,0.04214434199626452,0.06628564878829891,3.71897290676033e-15,4.657099694199019e-14,3.71897290676033e-15,4.657099694199019e-14,0.6075988816164976,0.023134300716786856,0.0,0,1,floor,0,0,1
ec,45,3,2.5673907444456745e-16,0.0,2.5673907444456745e-16,0.0,0.0386153885547096,0.26565476523627524,3.716204472741826e-15,4.6631389092374894e-14,3.716204472741826e-15,4.6631389092374894e-14,0.07077348647179318,0.06959295263179513,0.0,0,1,floor,0,0,1
ec,45,4,3.434752482434078e-16,0.0,3.434752482434078e-16,0.0,0.03841838524310537,0.27417653744831705,3.716444100793552e-15,4.659368089773766e-14,3.716444100793552e-15,4.659368089773766e-14,0.003946845549755388,0.002974659958306711,0.0,0,1,floor,0,0,1
ec,45,5,4.3021142204224816e-16,0.0,4.3021142204224816e-16,0.0,0.038410000507051775,0.2745279440490444,3.718085502086205e-15,4.664898148992892e-14,3.718085502086205e-15,4.664898148992892e-14,0.00016796741586123194,0.00012265746716505922,0.0,0,1,floor,0,0,1
ec,45,6,5.169475958410885e-16,0.0,5.169475958410885e-16,0.0,0.038409637881276736,0.2745428881022233,3.718039787869079e-15,4.662279990235648e-14,3.718039787869079e-15,4.662279990235648e-14,7.263947874120383e-06,5.022376640544164e-06,0.0,0,1,floor,0,0,1
ec,45,7,6.036837696399289e-16,0.0,6.036837696399289e-16,0.0,0.038409622189798195,0.27454352414086874,3.718337243570816e-15,4.6633975886772355e-14,3.718337243570816e-15,4.6633975886772355e-14,3.14309347133374e-07,0.0,0.0,0,1,floor,0,0,1
ec,45,8,6.904199434387692e-16,0.0,6.904199434387692e-16,0.0,0.038409621510762104,0.2745435512093043,3.717522758341962e-15,4.659484779420455e-14,3.717522758341962e-15,4.659484779420455e-14,1.3600852646884617e-08,0.0,0.0,0,1,floor,0,0,1
ec,45,9,7.771561172376096e-16,0.0,7.771561172376096e-16,0.0,0.038409621481376326,0.27454355236691463,3.7257843813930664e-15,4.634411662885807e-14,3.7257843813930664e-15,4.634411662885807e-14,5.885602756988363e-10,0.0,0.0,0,1,floor,0,0,1
ec,45,10,8.638922910364499e-16,0.0,8.638922910364499e-16,0.0,0.03840962148010466,0.27454355240408557,3.7171369116676276e-15,4.659201137819184e-14,3.7171369116676276e-15,4.659201137819184e-14,2.5468764900988376e-11,0.0,0.0,0,1,floor,0,0,1
ec,46,0,0.0,0.0,0.0,0.0,0.0,0.0,3.599705858195663e-15,4.6690865864698064e-14,3.599705858195663e-15,4.6690865864698064e-14,0.0,0.0,0.0,0,1,floor,0,0,1
ec,46,1,8.326672684688674e-17,0.0,8.326672684688674e-17,0.0,0.011764436673482852,9.88314448090898e-06,3.600448939774553e-15,4.664840662627223e-14,3.600448939774553e-15,4.664840662627223e-14,0.23528873346965704,3.449868232843351e-06,0.0,0,1,floor,0,0,1
ec,46,2,1.700029006457271e-16,0.0,1.700029006457271e-16,0.0,0.04216554697809508,0.06628564871132135,3.599746868906894e-15,4.6610820609875056e-14,3.599746868906894e-15,4.6610820609875056e-14,0.6080229047585805,0.023134300689912263,0.0,0,1,floor,0,0,1
ec,46,3,2.5673907444456745e-16,0.0,2.5673907444456745e-16,0.0,0.03870032891502715,0.2656547652170679,3.600220189323807e-15,4.6669870950428356e-14,3.600220189323807e-15,4.6669870950428356e-14,0.06950208764663666,0.06959295262413763,0.0,0,1,floor,0,0,1
ec,46,4,3.434752482434078e-16,0.0,3.434752482434078e-16,0.0,0.03850605164235853,0.27417653742970666,3.601160310747533e-15,4.6655151061919695e-14,3.601160310747533e-15,4.6655151061919695e-14,0.0038924034350041256,0.0029746597492996563,0.0,0,1,floor,0,0,1
ec,46,5,4.3021142204224816e-16,0.0,4.3021142204224816e-16,0.0,0.03849777944074758,0.2745279440304579,3.601182445443552e-15,4.665980038584553e-14,3.601182445443552e-15,4.665980038584553e-14,0.00016571975733105954,0.00012265312241131055,0.0,0,1,floor,0,0,1
ec,46,6,5.169475958410885e-16,0.0,5.169475958410885e-16,0.0,0.0384974216050044,0.27454288808629285,3.600003900358744e-15,4.667423441049541e-14,3.600003900358744e-15,4.667423441049541e-14,7.16827169343913e-06,4.91512492372712e-06,0.0,0,1,floor,0,0,1
ec,46,7,6.036837696399289e-16,0.0,6.036837696399289e-16,0.0,0.03849740611758454,0.2745435241222833,3.601258164266696e-15,4.671890953713656e-14,3.601258164266696e-15,4.671890953713656e-14,3.102332925699475e-07,0.0,0.0,0,1,floor,0,0,1
ec,46,8,6.904199434387692e-16,0.0,6.904199434387692e-16,0.0,0.03849740544724085,0.2745435511933739,3.602180716228499e-15,4.664081516676006e-14,3.602180716228499e-15,4.664081516676006e-14,1.3427215070087706e-08,0.0,0.0,0,1,floor,0,0,1
ec,46,9,7.771561172376096e-16,0.0,7.771561172376096e-16,0.0,0.038497405418225286,0.27454355235098427,3.6008594106066325e-15,4.663042761246673e-14,3.6008594106066325e-15,4.663042761246673e-14,5.811644856105589e-10,0.0,0.0,0,1,floor,0,0,1
ec,46,10,8.638922910364499e-16,0.0,8.638922910364499e-16,0.0,0.03849740541696941,0.2745435523855001,3.600001141573645e-15,4.6700630446824347e-14,3.600001141573645e-15,4.6700630446824347e-14,2.5153543061400814e-11,0.0,0.0,0,1,floor,0,0,1
ec,47,0,0.0,0.0,0.0,0.0,0.0,0.0,3.832296196839543e-15,5.0092877122727847e-14,3.832296196839543e-15,5.0092877122727847e-14,0.0,0.0,0.0,0,1,floor,0,0,1
ec,47,1,8.326672684688674e-17,0.0,8.326672684688674e-17,0.0,0.011764435560819894,1.0663629423853027e-05,3.830009535742399e-15,5.023364985799125e-14,3.830009535742399e-15,5.023364985799125e-14,0.23528871121639788,3.7223088731756253e-06,0.0,0,1,floor,0,0,1
ec,47,2,1.700029006457271e-16,0.0,1.700029006457271e-16,0.0,0.042159741009138565,0.06628564883228609,3.8323231486599645e-15,5.015092960966526e-14,3.8323231486599645e-15,5.015092960966526e-14,0.6079068078095431,0.023134300732143766,0.0,0,1,floor,0,0,1
ec,47,3,2.5673907444456745e-16,0.0,2.5673907444456745e-16,0.0,0.03867708091617225,0.2656547652472509,3.8340923120836675e-15,5.004206977775481e-14,3.8340923120836675e-15,5.004206977775481e-14,0.06985001064355678,0.06959295263690014,0.0,0,1,floor,0,0,1
ec,47,4,3.434752482434078e-16,0.0,3.434752482434078e-16,0.0,0.0384820572309617,0.2741765374589515,3.831011135289535e-15,5.010617602251448e-14,3.831011135289535e-15,5.010617602251448e-14,0.003907309916029646,0.002974660077739308,0.0,0,1,floor,0,0,1
ec,47,5,4.3021142204224816e-16,0.0,4.3021142204224816e-16,0.0,0.03847375419042382,0.2745279440596653,3.83286271006543e-15,5.009442058485392e-14,3.83286271006543e-15,5.009442058485392e-14,0.00016633569671530924,0.00012266036358206077,0.0,0,1,floor,0,0,1
ec,47,6,5.169475958410885e-16,0.0,5.169475958410885e-16,0.0,0.03847339504110019,0.2745428881128436,3.830357981004419e-15,5.019465043506003e-14,3.830357981004419e-15,5.019465043506003e-14,7.1945088173242506e-06,5.0926230819925985e-06,0.0,0,1,floor,0,0,1
ec,47,7,6.036837696399289e-16,0.0,6.036837696399289e-16,0.0,0.03847337949768134,0.27454352415148897,3.829634317894793e-15,5.025802089535849e-14,3.829634317894793e-15,5.025802089535849e-14,3.1135185314130605e-07,0.0,0.0,0,1,floor,0,0,1
ec,47,8,6.904199434387692e-16,0.0,6.904199434387692e-16,0.0,0.03847337882495052,0.2745435512199246,3.831446846552953e-15,5.0129444885107075e-14,3.831446846552953e-15,5.0129444885107075e-14,1.3474899264305584e-08,0.0,0.0,0,1,floor,0,0,1
ec,47,9,7.771561172376096e-16,0.0,7.771561172376096e-16,0.0,0.038473378795833214,0.2745435523775349,3.833262675621827e-15,5.004712325190017e-14,3.833262675621827e-15,5.004712325190017e-14,5.831969912570203e-10,0.0,0.0,0,1,floor,0,0,1
ec,47,10,8.638922910364499e-16,0.0,8.638922910364499e-16,0.0,0.03847337879457299,0.27454355241470585,3.831139163441428e-15,5.0144002749939985e-14,3.831139163441428e-15,5.0144002749939985e-14,2.5240331663766613e-11,0.0,0.0,0,1,floor,0,0,1
ec,48,0,0.0,0.0,0.0,0.0,0.0,0.0,3.599509329728767e-15,4.6578692059480034e-14,3.599509329728767e-15,4.6578692059480034e-14,0.0,0.0,0.0,0,1,floor,0,0,1
ec,48,1,8.326672684688674e-17,0.0,8.326672684688674e-17,0.0,0.011764435040292866,9.956626120759437e-06,3.599850577213952e-15,4.666859004235608e-14,3.599850577213952e-15,4.666859004235608e-14,0.23528870080585731,3.4755181639464542e-06,0.0,0,1,floor,0,0,1
ec,48,2,1.700029006457271e-16,0.0,1.700029006457271e-16,0.0,0.04215501978226579,0.06628564872231814,3.585663912836955e-15,4.769506409906637e-14,3.585663912836955e-15,4.769506409906637e-14,0.6078123938266128,0.023134300693751483,0.0,0,1,floor,0,0,1
ec,48,3,2.5673907444456745e-16,0.0,2.5673907444456745e-16,0.0,0.03865813060662384,0.2656547652198118,3.598150363780216e-15,4.668184780759188e-14,3.598150363780216e-15,4.668184780759188e-14,0.07013385053344719,0.06959295262413763,0.0,0,1,floor,0,0,1
ec,48,4,3.434752482434078e-16,0.0,3.434752482434078e-16,0.0,0.038462500051792026,0.27417653743236525,3.600880766868178e-15,4.6731984196156003e-14,3.600880766868178e-15,4.6731984196156003e-14,0.003919429739383615,0.0029746597791578083,0.0,0,1,floor,0,0,1
ec,48,5,4.3021142204224816e-16,0.0,4.3021142204224816e-16,0.0,0.03845417207240733,0.27452794403311304,3.599010187180504e-15,4.670316061279263e-14,3.599010187180504e-15,4.670316061279263e-14,0.0001668338001116211,0.00012265312241131055,0.0,0,1,floor,0,0,1
ec,48,6,5.169475958410885e-16,0.0,5.169475958410885e-16,0.0,0.03845381186557389,0.27454288808629285,3.598109535567347e-15,4.663398296963564e-14,3.598109535567347e-15,4.663398296963564e-14,7.215631462340709e-06,4.91512492372712e-06,0.0,0,1,floor,0,0,1
ec,48,7,6.036837696399289e-16,0.0,6.036837696399289e-16,0.0,0.03845379627727678,0.27454352412493827,3.597965341196424e-15,4.662103747129078e-14,3.597965341196424e-15,4.662103747129078e-14,3.122482895384103e-07,0.0,0.0,0,1,floor,0,0,1
ec,48,8,6.904199434387692e-16,0.0,6.904199434387692e-16,0.0,0.03845379560264174,0.2745435511933739,3.5981534775515916e-15,4.668397437296769e-14,3.5981534775515916e-15,4.668397437296769e-14,1.3512937510364988e-08,0.0,0.0,0,1,floor,0,0,1
ec,48,9,7.771561172376096e-16,0.0,7.771561172376096e-16,0.0,0.03845379557344366,0.27454355235098427,3.6008207682964816e-15,4.6629277574324846e-14,3.6008207682964816e-15,4.6629277574324846e-14,5.848106522140869e-10,0.0,0.0,0,1,floor,0,0,1
ec,48,10,8.638922910364499e-16,0.0,8.638922910364499e-16,0.0,0.038453795572180025,0.2745435523881552,3.5989988476870296e-15,4.6659615855926836e-14,3.5989988476870296e-15,4.6659615855926836e-14,2.5308543267079168e-11,0.0,0.0,0,1,floor,0,0,1
ec,49,0,0.0,0.0,0.0,0.0,0.0,0.0,3.655931277662213e-15,4.5556006726787015e-14,3.655931277662213e-15,4.5556006726787015e-14,0.0,0.0,0.0,0,1,floor,0,0,1
ec,49,1,1.6653345369377348e-16,0.0,1.6653345369377348e-16,0.0,0.01176443620767666,9.035490975690211e-06,3.655594104728408e-15,4.5502740370617153e-14,3.655594104728408e-15,4.5502740370617153e-14,0.2352887241535332,3.1539813412005822e-06,0.0,0,1,floor,0,0,1
ec,49,2,3.400058012914542e-16,0.0,3.400058012914542e-16,0.0,0.04216477705639089,0.06628564860135343,3.654695105590723e-15,4.554677647476331e-14,3.654695105590723e-15,4.554677647476331e-14,0.6080075156639588,0.023134300651519973,0.0,0,1,floor,0,0,1
ec,49,3,5.134781488891349e-16,0.0,5.134781488891349e-16,0.0,0.038697283951659646,0.26565476518688497,3.6507829234249146e-15,4.571807527602286e-14,3.6507829234249146e-15,4.571807527602286e-14,0.06954746828163734,0.06959295261009887,0.0,0,1,floor,0,0,1
ec,49,4,6.869504964868156e-16,0.0,6.869504964868156e-16,0.0,0.03850290762455735,0.2741765374004618,3.65455810937149e-15,4.5632649964053874e-14,3.65455810937149e-15,4.5632649964053874e-14,0.003894381623048174,0.0029746594208599694,0.0,0,1,floor,0,0,1
ec,49,5,8.604228440844963e-16,0.0,8.604228440844963e-16,0.0,0.03849463121883146,0.2745279440039057,3.653733977268146e-15,4.567016185147471e-14,3.653733977268146e-15,4.567016185147471e-14,0.00016580372463949396,0.0001226451566296875,0.0,0,1,floor,0,0,1
ec,49,6,1.033895191682177e-15,0.0,1.033895191682177e-15,0.0,0.038494273200074196,0.27454288805708704,3.651476141873146e-15,4.5661558727683936e-14,3.651476141873146e-15,4.5661558727683936e-14,7.171927140815607e-06,4.730972011800879e-06,0.0,0,1,floor,0,0,1
ec,49,7,1.2073675392798577e-15,0.0,1.2073675392798577e-15,0.0,0.038494257704683135,0.2745435240957325,3.6567857232182196e-15,4.5515970673302304e-14,3.6567857232182196e-15,4.5515970673302304e-14,3.103925131935872e-07,0.0,0.0,0,1,floor,0,0,1
ec,49,8,1.3808398868775384e-15,0.0,1.3808398868775384e-15,0.0,0.0384942570339923,0.2745435511641681,3.655039321066881e-15,4.5649120617922945e-14,3.655039321066881e-15,4.5649120617922945e-14,1.3434149548809264e-08,0.0,0.0,0,1,floor,0,0,1
ec,49,9,1.5543122344752192e-15,0.0,1.5543122344752192e-15,0.0,0.038494257004961625,0.27454355232177846,3.653033255189255e-15,4.5721283157039123e-14,3.653033255189255e-15,4.5721283157039123e-14,5.814664586832585e-10,0.0,0.0,0,1,floor,0,0,1
ec,49,10,1.7277845820728999e-15,0.0,1.7277845820728999e-15,0.0,0.038494257003705096,0.27454355235629435,3.651127633641075e-15,4.5852226827519764e-14,3.651127633641075e-15,4.5852226827519764e-14,2.5166674489485437e-11,0.0,0.0,0,1,floor,0,0,1
