condition,episode,step,gate_drift_m,gate_rotation_deg,world_drift_m,world_rotation_deg,relative_drift_m,relative_rotation_deg,linear_speed_m_s,angular_speed_rad_s,world_linear_speed_m_s,world_angular_speed_rad_s,relative_linear_speed_m_s,relative_angular_speed_rad_s,anchor_excess_vs_eb_m,occupant_in_goal,support_contact,support_bodies,target_contact,robot_contact,passed
eb,0,0,0.0,0.0,0.0,0.0,0.0,0.0,0.0,0.0,0.0,0.0,0.0,0.0,0.0,0,1,floor,0,0,1
eb,0,1,7.979727989493313e-17,0.0,7.979727989493313e-17,0.0,0.01176443798081438,1.045654894575938e-05,3.0522638789036503e-15,3.620737725887167e-14,3.0522638789036503e-15,3.620737725887167e-14,0.2352887596162876,3.6500241499888623e-06,0.0,0,1,floor,0,0,1
eb,0,2,1.6653345369377348e-16,0.0,1.6653345369377348e-16,0.0,0.04217233182325151,0.0662856487992957,3.0514179698244616e-15,3.612185535859091e-14,3.0514179698244616e-15,3.612185535859091e-14,0.6081585753085362,0.023134300720626087,0.0,0,1,floor,0,0,1
eb,0,3,2.5326962749261384e-16,0.0,2.5326962749261384e-16,0.0,0.03872749564336592,0.26565476523627524,3.0522883826892616e-15,3.615788912488063e-14,3.0522883826892616e-15,3.615788912488063e-14,0.06909553410052831,0.06959295263307137,0.0,0,1,floor,0,0,1
eb,0,4,3.400058012914542e-16,0.0,3.400058012914542e-16,0.0,0.0385340906288272,0.27417653745097564,3.0524273355371e-15,3.6177350459725215e-14,3.0524273355371e-15,3.6177350459725215e-14,0.0038749839370472534,0.0029746599881648613,0.0,0,1,floor,0,0,1
eb,0,5,4.2674197509029455e-16,0.0,4.2674197509029455e-16,0.0,0.03852585446808471,0.2745279440516996,3.0515404063576523e-15,3.618390998616174e-14,3.0515404063576523e-15,3.618390998616174e-14,0.0001649999291201358,0.00012265819127572165,0.0,0,1,floor,0,0,1
eb,0,6,5.134781488891349e-16,0.0,5.134781488891349e-16,0.0,0.03852549816758565,0.2745428881048784,3.0502822819928117e-15,3.6221693769877536e-14,3.0502822819928117e-15,3.6221693769877536e-14,7.137607458033322e-06,5.057621821307297e-06,0.0,0,1,floor,0,0,1
eb,0,7,6.002143226879753e-16,0.0,6.002143226879753e-16,0.0,0.038525482745618254,0.2745435241435238,3.0547712004776386e-15,3.601582827928983e-14,3.0547712004776386e-15,3.601582827928983e-14,3.08925916169701e-07,0.0,0.0,0,1,floor,0,0,1
eb,0,8,6.869504964868156e-16,0.0,6.869504964868156e-16,0.0,0.038525482078064846,0.2745435512119594,3.049972765499289e-15,3.615416841732714e-14,3.049972765499289e-15,3.615416841732714e-14,1.3371478261615492e-08,0.0,0.0,0,1,floor,0,0,1
eb,0,9,7.73686670285656e-16,0.0,7.73686670285656e-16,0.0,0.038525482049168225,0.2745435523722248,3.0563288394390764e-15,3.599638445271794e-14,3.0563288394390764e-15,3.599638445271794e-14,5.787885127797549e-10,0.0,0.0,0,1,floor,0,0,1
eb,0,10,8.604228440844963e-16,0.0,8.604228440844963e-16,0.0,0.03852548204791743,0.27454355240674067,3.053514779580539e-15,3.6095953936063e-14,3.053514779580539e-15,3.6095953936063e-14,2.505208402678968e-11,0.0,0.0,0,1,floor,0,0,1
eb,1,0,0.0,0.0,0.0,0.0,0.0,0.0,0.0,0.0,0.0,0.0,0.0,0.0,0.0,0,1,floor,0,0,1
eb,1,1,7.979727989493313e-17,0.0,7.979727989493313e-17,0.0,0.011764437136945517,1.045654894575938e-05,3.0522638789036503e-15,3.620737725887167e-14,3.0522638789036503e-15,3.620737725887167e-14,0.23528874273891032,3.6500241499888623e-06,0.0,0,1,floor,0,0,1
eb,1,2,1.6653345369377348e-16,0.0,1.6653345369377348e-16,0.0,0.04216798326705235,0.0662856487992957,3.0514179698244616e-15,3.612185535859091e-14,3.0514179698244616e-15,3.612185535859091e-14,0.608071621194293,0.023134300720626087,0.0,0,1,floor,0,0,1
eb,1,3,2.5326962749261384e-16,0.0,2.5326962749261384e-16,0.0,0.03871008460226367,0.26565476523627524,3.0522883826892616e-15,3.615788912488063e-14,3.0522883826892616e-15,3.615788912488063e-14,0.06935608752126067,0.06959295263307137,0.0,0,1,floor,0,0,1
eb,1,4,3.400058012914542e-16,0.0,3.400058012914542e-16,0.0,0.03851612053694703,0.27417653745097564,3.0524273355371e-15,3.6177350459725215e-14,3.0524273355371e-15,3.6177350459725215e-14,0.003886148475526877,0.0029746599881648613,0.0,0,1,floor,0,0,1
eb,1,5,4.2674197509029455e-16,0.0,4.2674197509029455e-16,0.0,0.03850786127466991,0.2745279440516996,3.0515404063576523e-15,3.618390998616174e-14,3.0515404063576523e-15,3.618390998616174e-14,0.00016546132472337253,0.00012265819127572165,0.0,0,1,floor,0,0,1
eb,1,6,5.134781488891349e-16,0.0,5.134781488891349e-16,0.0,0.03850750399003363,0.2745428881048784,3.0502822819928117e-15,3.6221693769877536e-14,3.0502822819928117e-15,3.6221693769877536e-14,7.157264103435538e-06,5.057621821307297e-06,0.0,0,1,floor,0,0,1
eb,1,7,6.002143226879753e-16,0.0,6.002143226879753e-16,0.0,0.03850748852610608,0.2745435241435238,3.0547712004776386e-15,3.601582827928983e-14,3.0547712004776386e-15,3.601582827928983e-14,3.0976404501194835e-07,0.0,0.0,0,1,floor,0,0,1
eb,1,8,6.869504964868156e-16,0.0,6.869504964868156e-16,0.0,0.03850748785676375,0.2745435512119594,3.049972765499289e-15,3.615416841732714e-14,3.049972765499289e-15,3.615416841732714e-14,1.340721249059628e-08,0.0,0.0,0,1,floor,0,0,1
eb,1,9,7.73686670285656e-16,0.0,7.73686670285656e-16,0.0,0.03850748782779088,0.2745435523722248,3.0563288394390764e-15,3.599638445271794e-14,3.0563288394390764e-15,3.599638445271794e-14,5.80311778237593e-10,0.0,0.0,0,1,floor,0,0,1
eb,1,10,8.604228440844963e-16,0.0,8.604228440844963e-16,0.0,0.03850748782653682,0.27454355240674067,3.053514779580539e-15,3.6095953936063e-14,3.053514779580539e-15,3.6095953936063e-14,2.5117244105245458e-11,0.0,0.0,0,1,floor,0,0,1
eb,2,0,0.0,0.0,0.0,0.0,0.0,0.0,0.0,0.0,0.0,0.0,0.0,0.0,0.0,0,1,floor,0,0,1
eb,2,1,7.979727989493313e-17,0.0,7.979727989493313e-17,0.0,0.011764438767658097,1.045654894575938e-05,3.0522638789036503e-15,3.620737725887167e-14,3.0522638789036503e-15,3.620737725887167e-14,0.23528877535316192,3.6500241499888623e-06,0.0,0,1,floor,0,0,1
eb,2,2,1.6653345369377348e-16,0.0,1.6653345369377348e-16,0.0,0.04217653432869576,0.0662856487992957,3.0514179698244616e-15,3.612185535859091e-14,3.0514179698244616e-15,3.612185535859091e-14,0.6082426095526635,0.023134300720626087,0.0,0,1,floor,0,0,1
eb,2,3,2.5326962749261384e-16,0.0,2.5326962749261384e-16,0.0,0.0387443253346962,0.26565476523627524,3.0522883826892616e-15,3.615788912488063e-14,3.0522883826892616e-15,3.615788912488063e-14,0.06884366853045674,0.06959295263307137,0.0,0,1,floor,0,0,1
eb,2,4,3.400058012914542e-16,0.0,3.400058012914542e-16,0.0,0.03855146058804079,0.27417653745097564,3.0524273355371e-15,3.6177350459725215e-14,3.0524273355371e-15,3.6177350459725215e-14,0.003864194598319405,0.0029746599881648613,0.0,0,1,floor,0,0,1
eb,2,5,4.2674197509029455e-16,0.0,4.2674197509029455e-16,0.0,0.03854324674261703,0.2745279440516996,3.0515404063576523e-15,3.618390998616174e-14,3.0515404063576523e-15,3.618390998616174e-14,0.00016455423979888154,0.00012265819127572165,0.0,0,1,floor,0,0,1
eb,2,6,5.134781488891349e-16,0.0,5.134781488891349e-16,0.0,0.038542891392406915,0.2745428881048784,3.0502822819928117e-15,3.6221693769877536e-14,3.0502822819928117e-15,3.6221693769877536e-14,7.118627025324298e-06,5.057621821307297e-06,0.0,0,1,floor,0,0,1
eb,2,7,6.002143226879753e-16,0.0,6.002143226879753e-16,0.0,0.03854287601094125,0.2745435241435238,3.0547712004776386e-15,3.601582827928983e-14,3.0547712004776386e-15,3.601582827928983e-14,3.08116924214224e-07,0.0,0.0,0,1,floor,0,0,1
eb,2,8,6.869504964868156e-16,0.0,6.869504964868156e-16,0.0,0.03854287534511393,0.2745435512119594,3.049972765499289e-15,3.615416841732714e-14,3.049972765499289e-15,3.615416841732714e-14,1.3336999438011974e-08,0.0,0.0,0,1,floor,0,0,1
eb,2,9,7.73686670285656e-16,0.0,7.73686670285656e-16,0.0,0.03854287531629087,0.2745435523722248,3.0563288394390764e-15,3.599638445271794e-14,3.0563288394390764e-15,3.599638445271794e-14,5.773189963908254e-10,0.0,0.0,0,1,floor,0,0,1
eb,2,10,8.604228440844963e-16,0.0,8.604228440844963e-16,0.0,0.0385428753150432,0.27454355240674067,3.053514779580539e-15,3.6095953936063e-14,3.053514779580539e-15,3.6095953936063e-14,2.4989746555178884e-11,0.0,0.0,0,1,floor,0,0,1
eb,3,0,0.0,0.0,0.0,0.0,0.0,0.0,0.0,0.0,0.0,0.0,0.0,0.0,0.0,0,1,floor,0,0,1
eb,3,1,7.979727989493313e-17,0.0,7.979727989493313e-17,0.0,0.011764439097471003,1.045654894575938e-05,3.0522638789036503e-15,3.620737725887167e-14,3.0522638789036503e-15,3.620737725887167e-14,0.23528878194942004,3.6500241499888623e-06,0.0,0,1,floor,0,0,1
eb,3,2,1.6653345369377348e-16,0.0,1.6653345369377348e-16,0.0,0.042178218217046794,0.0662856487992957,3.0544050023514547e-15,3.599155220365676e-14,3.0544050023514547e-15,3.599155220365676e-14,0.6082762806722017,0.023134300720626087,0.0,0,1,floor,0,0,1
eb,3,3,2.5326962749261384e-16,0.0,2.5326962749261384e-16,0.0,0.038751067037567304,0.26565476523627524,3.049819857295691e-15,3.628454673620168e-14,3.049819857295691e-15,3.628454673620168e-14,0.06874278528211669,0.06959295263307137,0.0,0,1,floor,0,0,1
eb,3,4,3.400058012914542e-16,0.0,3.400058012914542e-16,0.0,0.03855841877248379,0.27417653745097564,3.0523838298522694e-15,3.616898730331993e-14,3.0523838298522694e-15,3.616898730331993e-14,0.003859871412168459,0.0029746599881648613,0.0,0,1,floor,0,0,1
eb,3,5,4.2674197509029455e-16,0.0,4.2674197509029455e-16,0.0,0.03855021387374779,0.2745279440516996,3.052942551646401e-15,3.6162500165572146e-14,3.052942551646401e-15,3.6162500165572146e-14,0.0001643755544416557,0.00012265819127572165,0.0,0,1,floor,0,0,1
eb,3,6,5.134781488891349e-16,0.0,5.134781488891349e-16,0.0,0.03854985890470881,0.2745428881048784,3.055040573496892e-15,3.6073261475629027e-14,3.055040573496892e-15,3.6073261475629027e-14,7.111013810348111e-06,5.057621821307297e-06,0.0,0,1,floor,0,0,1
eb,3,7,6.002143226879753e-16,0.0,6.002143226879753e-16,0.0,0.03854984353949656,0.2745435241435238,3.055421940471083e-15,3.6092564241561244e-14,3.055421940471083e-15,3.6092564241561244e-14,3.077922761053907e-07,0.0,0.0,0,1,floor,0,0,1
eb,3,8,6.869504964868156e-16,0.0,6.869504964868156e-16,0.0,0.03854984287436227,0.2745435512119594,3.055548499778131e-15,3.6137135026039613e-14,3.055548499778131e-15,3.6137135026039613e-14,1.3323156138082846e-08,0.0,0.0,0,1,floor,0,0,1
eb,3,9,7.73686670285656e-16,0.0,7.73686670285656e-16,0.0,0.03854984284556875,0.2745435523722248,3.0510272143547547e-15,3.615183986451091e-14,3.0510272143547547e-15,3.615183986451091e-14,5.767288233303058e-10,0.0,0.0,0,1,floor,0,0,1
eb,3,10,8.604228440844963e-16,0.0,8.604228440844963e-16,0.0,0.03854984284432232,0.27454355240674067,3.0525377706966073e-15,3.625192825673658e-14,3.0525377706966073e-15,3.625192825673658e-14,2.4964791645196092e-11,0.0,0.0,0,1,floor,0,0,1
eb,4,0,0.0,0.0,0.0,0.0,0.0,0.0,0.0,0.0,0.0,0.0,0.0,0.0,0.0,0,1,floor,0,0,1
eb,4,1,7.979727989493313e-17,0.0,7.979727989493313e-17,0.0,0.011764434674787834,1.045654894575938e-05,3.0522638789036503e-15,3.620737725887167e-14,3.0522638789036503e-15,3.620737725887167e-14,0.23528869349575668,3.6500241499888623e-06,0.0,0,1,floor,0,0,1
eb,4,2,1.6653345369377348e-16,0.0,1.6653345369377348e-16,0.0,0.04215117642477969,0.0662856487992957,3.0514179698244616e-15,3.612185535859091e-14,3.0514179698244616e-15,3.612185535859091e-14,0.6077355341042626,0.023134300720626087,0.0,0,1,floor,0,0,1
eb,4,3,2.5326962749261384e-16,0.0,2.5326962749261384e-16,0.0,0.038642696996770955,0.26565476523627524,3.0522883826892616e-15,3.615788912488063e-14,3.0522883826892616e-15,3.615788912488063e-14,0.07036505585518067,0.06959295263307137,0.0,0,1,floor,0,0,1
eb,4,4,3.400058012914542e-16,0.0,3.400058012914542e-16,0.0,0.03844657242774876,0.27417653745097564,3.0524273355371e-15,3.6177350459725215e-14,3.0524273355371e-15,3.6177350459725215e-14,0.003929295806265633,0.0029746599881648613,0.0,0,1,floor,0,0,1
eb,4,5,4.2674197509029455e-16,0.0,4.2674197509029455e-16,0.0,0.0384382241676424,0.2745279440516996,3.0515404063576523e-15,3.618390998616174e-14,3.0515404063576523e-15,3.618390998616174e-14,0.00016723886999940127,0.00012265819127572165,0.0,0,1,floor,0,0,1
eb,4,6,5.134781488891349e-16,0.0,5.134781488891349e-16,0.0,0.038437863101547814,0.2745428881048784,3.0502822819928117e-15,3.6221693769877536e-14,3.0502822819928117e-15,3.6221693769877536e-14,7.2327944276509285e-06,5.057621821307297e-06,0.0,0,1,floor,0,0,1
eb,4,7,6.002143226879753e-16,0.0,6.002143226879753e-16,0.0,0.03843784747681693,0.2745435241435238,3.0547712004776386e-15,3.601582827928983e-14,3.0547712004776386e-15,3.601582827928983e-14,3.1297605422240684e-07,0.0,0.0,0,1,floor,0,0,1
eb,4,8,6.869504964868156e-16,0.0,6.869504964868156e-16,0.0,0.03843784680063736,0.2745435512119594,3.049972765499289e-15,3.615416841732714e-14,3.049972765499289e-15,3.615416841732714e-14,1.354379085229061e-08,0.0,0.0,0,1,floor,0,0,1
eb,4,9,7.73686670285656e-16,0.0,7.73686670285656e-16,0.0,0.03843784677137382,0.2745435523722248,3.0563288394390764e-15,3.599638445271794e-14,3.0563288394390764e-15,3.599638445271794e-14,5.861182610441028e-10,0.0,0.0,0,1,floor,0,0,1
eb,4,10,8.604228440844963e-16,0.0,8.604228440844963e-16,0.0,0.03843784677010739,0.27454355240674067,3.053514779580539e-15,3.6095953936063e-14,3.053514779580539e-15,3.6095953936063e-14,2.5364252340920792e-11,0.0,0.0,0,1,floor,0,0,1
eb,5,0,0.0,0.0,0.0,0.0,0.0,0.0,0.0,0.0,0.0,0.0,0.0,0.0,0.0,0,1,floor,0,0,1
eb,5,1,7.979727989493313e-17,0.0,7.979727989493313e-17,0.0,0.011764434843377181,1.045654894575938e-05,3.0522638789036503e-15,3.620737725887167e-14,3.0522638789036503e-15,3.620737725887167e-14,0.2352886968675436,3.6500241499888623e-06,0.0,0,1,floor,0,0,1
eb,5,2,1.6653345369377348e-16,0.0,1.6653345369377348e-16,0.0,0.042152426933719275,0.0662856487992957,3.0514179698244616e-15,3.612185535859091e-14,3.0514179698244616e-15,3.612185535859091e-14,0.6077605408731238,0.023134300720626087,0.0,0,1,floor,0,0,1
eb,5,3,2.5326962749261384e-16,0.0,2.5326962749261384e-16,0.0,0.038647712695226474,0.26565476523627524,3.0522883826892616e-15,3.615788912488063e-14,3.0522883826892616e-15,3.615788912488063e-14,0.07028994645009848,0.06959295263307137,0.0,0,1,floor,0,0,1
eb,5,4,3.400058012914542e-16,0.0,3.400058012914542e-16,0.0,0.038451748874543085,0.27417653745097564,3.0524273355371e-15,3.6177350459725215e-14,3.0524273355371e-15,3.6177350459725215e-14,0.003926085457494687,0.0029746599881648613,0.0,0,1,floor,0,0,1
eb,5,5,4.2674197509029455e-16,0.0,4.2674197509029455e-16,0.0,0.038443407231037126,0.2745279440516996,3.0515404063576523e-15,3.618390998616174e-14,3.0515404063576523e-15,3.618390998616174e-14,0.00016710671537251219,0.00012265819127572165,0.0,0,1,floor,0,0,1
eb,5,6,5.134781488891349e-16,0.0,5.134781488891349e-16,0.0,0.03844304644589607,0.2745428881048784,3.0502822819928117e-15,3.6221693769877536e-14,3.0502822819928117e-15,3.6221693769877536e-14,7.2271826242162345e-06,5.057621821307297e-06,0.0,0,1,floor,0,0,1
eb,5,7,6.002143226879753e-16,0.0,6.002143226879753e-16,0.0,0.038443030833104706,0.2745435241435238,3.0547712004776386e-15,3.601582827928983e-14,3.0547712004776386e-15,3.601582827928983e-14,3.127375619931973e-07,0.0,0.0,0,1,floor,0,0,1
eb,5,8,6.869504964868156e-16,0.0,6.869504964868156e-16,0.0,0.038443030157432445,0.2745435512119594,3.049972765499289e-15,3.615416841732714e-14,3.049972765499289e-15,3.615416841732714e-14,1.3533656821976465e-08,0.0,0.0,0,1,floor,0,0,1
eb,5,9,7.73686670285656e-16,0.0,7.73686670285656e-16,0.0,0.038443030128190454,0.2745435523722248,3.0563288394390764e-15,3.599638445271794e-14,3.0563288394390764e-15,3.599638445271794e-14,5.856877512832289e-10,0.0,0.0,0,1,floor,0,0,1
eb,5,10,8.604228440844963e-16,0.0,8.604228440844963e-16,0.0,0.038443030126924946,0.27454355240674067,3.053514779580539e-15,3.6095953936063e-14,3.053514779580539e-15,3.6095953936063e-14,2.534595176110169e-11,0.0,0.0,0,1,floor,0,0,1
eb,6,0,0.0,0.0,0.0,0.0,0.0,0.0,0.0,0.0,0.0,0.0,0.0,0.0,0.0,0,1,floor,0,0,1
eb,6,1,7.979727989493313e-17,0.0,7.979727989493313e-17,0.0,0.011764434925916065,1.045654894575938e-05,3.0522638789036503e-15,3.620737725887167e-14,3.0522638789036503e-15,3.620737725887167e-14,0.2352886985183213,3.6500241499888623e-06,0.0,0,1,floor,0,0,1
eb,6,2,1.6653345369377348e-16,0.0,1.6653345369377348e-16,0.0,0.042154137909119704,0.0662856487992957,3.0514179698244616e-15,3.612185535859091e-14,3.0514179698244616e-15,3.612185535859091e-14,0.607794758678122,0.023134300720626087,0.0,0,1,floor,0,0,1
eb,6,3,2.5326962749261384e-16,0.0,2.5326962749261384e-16,0.0,0.03865459294099951,0.26565476523627524,3.0522883826892616e-15,3.615788912488063e-14,3.0522883826892616e-15,3.615788912488063e-14,0.0701868286098841,0.06959295263307137,0.0,0,1,floor,0,0,1
eb,6,4,3.400058012914542e-16,0.0,3.400058012914542e-16,0.0,0.03845884902564744,0.27417653745097564,3.0524273355371e-15,3.6177350459725215e-14,3.0524273355371e-15,3.6177350459725215e-14,0.003921693680621354,0.0029746599881648613,0.0,0,1,floor,0,0,1
eb,6,5,4.2674197509029455e-16,0.0,4.2674197509029455e-16,0.0,0.03845051638178615,0.2745279440516996,3.0515404063576523e-15,3.618390998616174e-14,3.0515404063576523e-15,3.618390998616174e-14,0.00016692696413149753,0.00012265819127572165,0.0,0,1,floor,0,0,1
eb,6,6,5.134781488891349e-16,0.0,5.134781488891349e-16,0.0,0.0384501559769462,0.2745428881048784,3.0502822819928117e-15,3.6221693769877536e-14,3.0502822819928117e-15,3.6221693769877536e-14,7.219586452153719e-06,5.057621821307297e-06,0.0,0,1,floor,0,0,1
eb,6,7,6.002143226879753e-16,0.0,6.002143226879753e-16,0.0,0.038450140380236954,0.2745435241435238,3.0547712004776386e-15,3.601582827928983e-14,3.0547712004776386e-15,3.601582827928983e-14,3.124163214290952e-07,0.0,0.0,0,1,floor,0,0,1
eb,6,8,6.869504964868156e-16,0.0,6.869504964868156e-16,0.0,0.038450139705244586,0.2745435512119594,3.049972765499289e-15,3.615416841732714e-14,3.049972765499289e-15,3.615416841732714e-14,1.352007548728007e-08,0.0,0.0,0,1,floor,0,0,1
eb,6,9,7.73686670285656e-16,0.0,7.73686670285656e-16,0.0,0.03845013967603132,0.2745435523722248,3.0563288394390764e-15,3.599638445271794e-14,3.0563288394390764e-15,3.599638445271794e-14,5.851139162739518e-10,0.0,0.0,0,1,floor,0,0,1
eb,6,10,8.604228440844963e-16,0.0,8.604228440844963e-16,0.0,0.038450139674767035,0.27454355240674067,3.053514779580539e-15,3.6095953936063e-14,3.053514779580539e-15,3.6095953936063e-14,2.5321575381769335e-11,0.0,0.0,0,1,floor,0,0,1
eb,7,0,0.0,0.0,0.0,0.0,0.0,0.0,0.0,0.0,0.0,0.0,0.0,0.0,0.0,0,1,floor,0,0,1
eb,7,1,7.979727989493313e-17,0.0,7.979727989493313e-17,0.0,0.011764438953298702,1.045654894575938e-05,3.0522638789036503e-15,3.620737725887167e-14,3.0522638789036503e-15,3.620737725887167e-14,0.23528877906597404,3.6500241499888623e-06,0.0,0,1,floor,0,0,1
eb,7,2,1.6653345369377348e-16,0.0,1.6653345369377348e-16,0.0,0.0421766751405094,0.0662856487992957,3.0514179698244616e-15,3.612185535859091e-14,3.0514179698244616e-15,3.612185535859091e-14,0.6082454220718934,0.023134300720626087,0.0,0,1,floor,0,0,1
eb,7,3,2.5326962749261384e-16,0.0,2.5326962749261384e-16,0.0,0.03874487026225055,0.26565476523627524,3.0522883826892616e-15,3.615788912488063e-14,3.0522883826892616e-15,3.615788912488063e-14,0.06883560799389948,0.06959295263307137,0.0,0,1,floor,0,0,1
eb,7,4,3.400058012914542e-16,0.0,3.400058012914542e-16,0.0,0.03855202365502312,0.27417653745097564,3.0524273355371e-15,3.6177350459725215e-14,3.0524273355371e-15,3.6177350459725215e-14,0.0038638323499692187,0.0029746599881648613,0.0,0,1,floor,0,0,1
eb,7,5,4.2674197509029455e-16,0.0,4.2674197509029455e-16,0.0,0.038543810614666836,0.2745279440516996,3.0515404063576523e-15,3.618390998616174e-14,3.0515404063576523e-15,3.618390998616174e-14,0.00016453816087807813,0.00012265819127572165,0.0,0,1,floor,0,0,1
eb,7,6,5.134781488891349e-16,0.0,5.134781488891349e-16,0.0,0.038543455300712764,0.2745428881048784,3.0502822819928117e-15,3.6221693769877536e-14,3.0502822819928117e-15,3.6221693769877536e-14,7.117902881150508e-06,5.057621821307297e-06,0.0,0,1,floor,0,0,1
eb,7,7,6.002143226879753e-16,0.0,6.002143226879753e-16,0.0,0.038543439920877054,0.2745435241435238,3.0547712004776386e-15,3.601582827928983e-14,3.0547712004776386e-15,3.601582827928983e-14,3.0808436765801686e-07,0.0,0.0,0,1,floor,0,0,1
eb,7,8,6.869504964868156e-16,0.0,6.869504964868156e-16,0.0,0.038543439255122894,0.2745435512119594,3.049972765499289e-15,3.615416841732714e-14,3.049972765499289e-15,3.615416841732714e-14,1.333553808273251e-08,0.0,0.0,0,1,floor,0,0,1
eb,7,9,7.73686670285656e-16,0.0,7.73686670285656e-16,0.0,0.03854343922630311,0.2745435523722248,3.0563288394390764e-15,3.599638445271794e-14,3.0563288394390764e-15,3.599638445271794e-14,5.772535617206443e-10,0.0,0.0,0,1,floor,0,0,1
eb,7,10,8.604228440844963e-16,0.0,8.604228440844963e-16,0.0,0.03854343922505557,0.27454355240674067,3.053514779580539e-15,3.6095953936063e-14,3.053514779580539e-15,3.6095953936063e-14,2.4986973804793977e-11,0.0,0.0,0,1,floor,0,0,1
eb,8,0,0.0,0.0,0.0,0.0,0.0,0.0,0.0,0.0,0.0,0.0,0.0,0.0,0.0,0,1,floor,0,0,1
eb,8,1,7.979727989493313e-17,0.0,7.979727989493313e-17,0.0,0.011764435545408413,1.045654894575938e-05,3.0522638789036503e-15,3.620737725887167e-14,3.0522638789036503e-15,3.620737725887167e-14,0.23528871090816825,3.6500241499888623e-06,0.0,0,1,floor,0,0,1
eb,8,2,1.6653345369377348e-16,0.0,1.6653345369377348e-16,0.0,0.04215678197970726,0.0662856487992957,3.0514179698244616e-15,3.612185535859091e-14,3.0514179698244616e-15,3.612185535859091e-14,0.6078476276194869,0.023134300720626087,0.0,0,1,floor,0,0,1
eb,8,3,2.5326962749261384e-16,0.0,2.5326962749261384e-16,0.0,0.0386651667704186,0.26565476523627524,3.0522883826892616e-15,3.615788912488063e-14,3.0522883826892616e-15,3.615788912488063e-14,0.07002864541338075,0.06959295263307137,0.0,0,1,floor,0,0,1
eb,8,4,3.400058012914542e-16,0.0,3.400058012914542e-16,0.0,0.03846976280155396,0.27417653745097564,3.0524273355371e-15,3.6177350459725215e-14,3.0524273355371e-15,3.6177350459725215e-14,0.003914904567754745,0.0029746599881648613,0.0,0,1,floor,0,0,1
eb,8,5,4.2674197509029455e-16,0.0,4.2674197509029455e-16,0.0,0.03846144424252222,0.2745279440516996,3.0515404063576523e-15,3.618390998616174e-14,3.0515404063576523e-15,3.618390998616174e-14,0.0001666456471693743,0.00012265819127572165,0.0,0,1,floor,0,0,1
eb,8,6,5.134781488891349e-16,0.0,5.134781488891349e-16,0.0,0.03846108443902021,0.2745428881048784,3.0502822819928117e-15,3.6221693769877536e-14,3.0502822819928117e-15,3.6221693769877536e-14,7.207575334697505e-06,5.057621821307297e-06,0.0,0,1,floor,0,0,1
eb,8,7,6.002143226879753e-16,0.0,6.002143226879753e-16,0.0,0.03846106886800644,0.2745435241435238,3.0547712004776386e-15,3.601582827928983e-14,3.0547712004776386e-15,3.601582827928983e-14,3.119030575490496e-07,0.0,0.0,0,1,floor,0,0,1
eb,8,8,6.869504964868156e-16,0.0,6.869504964868156e-16,0.0,0.038461068194112026,0.2745435512119594,3.049972765499289e-15,3.615416841732714e-14,3.049972765499289e-15,3.615416841732714e-14,1.3498142901989954e-08,0.0,0.0,0,1,floor,0,0,1
eb,8,9,7.73686670285656e-16,0.0,7.73686670285656e-16,0.0,0.038461068164945676,0.2745435523722248,3.0563288394390764e-15,3.599638445271794e-14,3.0563288394390764e-15,3.599638445271794e-14,5.841766758831944e-10,0.0,0.0,0,1,floor,0,0,1
eb,8,10,8.604228440844963e-16,0.0,8.604228440844963e-16,0.0,0.0384610681636834,0.27454355240674067,3.053514779580539e-15,3.6095953936063e-14,3.053514779580539e-15,3.6095953936063e-14,2.5281369381847135e-11,0.0,0.0,0,1,floor,0,0,1
eb,9,0,0.0,0.0,0.0,0.0,0.0,0.0,0.0,0.0,0.0,0.0,0.0,0.0,0.0,0,1,floor,0,0,1
eb,9,1,7.979727989493313e-17,0.0,7.979727989493313e-17,0.0,0.011764435474139492,1.045654894575938e-05,3.0522638789036503e-15,3.620737725887167e-14,3.0522638789036503e-15,3.620737725887167e-14,0.23528870948278982,3.6500241499888623e-06,0.0,0,1,floor,0,0,1
eb,9,2,1.6653345369377348e-16,0.0,1.6653345369377348e-16,0.0,0.04215558241432679,0.0662856487992957,3.0514179698244616e-15,3.612185535859091e-14,3.0514179698244616e-15,3.612185535859091e-14,0.6078236377738633,0.023134300720626087,0.0,0,1,floor,0,0,1
eb,9,3,2.5326962749261384e-16,0.0,2.5326962749261384e-16,0.0,0.03866034462473114,0.26565476523627524,3.0522883826892616e-15,3.615788912488063e-14,3.0522883826892616e-15,3.615788912488063e-14,0.07010090856920359,0.06959295263307137,0.0,0,1,floor,0,0,1
eb,9,4,3.400058012914542e-16,0.0,3.400058012914542e-16,0.0,0.038464786477060454,0.27417653745097564,3.0524273355371e-15,3.6177350459725215e-14,3.0524273355371e-15,3.6177350459725215e-14,0.003917983688054958,0.0029746599881648613,0.0,0,1,floor,0,0,1
eb,9,5,4.2674197509029455e-16,0.0,4.2674197509029455e-16,0.0,0.03845646160354895,0.2745279440516996,3.0515404063576523e-15,3.618390998616174e-14,3.0515404063576523e-15,3.618390998616174e-14,0.000166771766534973,0.00012265819127572165,0.0,0,1,floor,0,0,1
eb,9,6,5.134781488891349e-16,0.0,5.134781488891349e-16,0.0,0.03845610153304624,0.2745428881048784,3.0502822819928117e-15,3.6221693769877536e-14,3.0502822819928117e-15,3.6221693769877536e-14,7.212908405843097e-06,5.057621821307297e-06,0.0,0,1,floor,0,0,1
eb,9,7,6.002143226879753e-16,0.0,6.002143226879753e-16,0.0,0.03845608595073432,0.2745435241435238,3.0547712004776386e-15,3.601582827928983e-14,3.0547712004776386e-15,3.601582827928983e-14,3.121287368427511e-07,0.0,0.0,0,1,floor,0,0,1
eb,9,8,6.869504964868156e-16,0.0,6.869504964868156e-16,0.0,0.03845608527636196,0.2745435512119594,3.049972765499289e-15,3.615416841732714e-14,3.049972765499289e-15,3.615416841732714e-14,1.3507690326556307e-08,0.0,0.0,0,1,floor,0,0,1
eb,9,9,7.73686670285656e-16,0.0,7.73686670285656e-16,0.0,0.03845608524717539,0.2745435523722248,3.0563288394390764e-15,3.599638445271794e-14,3.0563288394390764e-15,3.599638445271794e-14,5.84580564257508e-10,0.0,0.0,0,1,floor,0,0,1
eb,9,10,8.604228440844963e-16,0.0,8.604228440844963e-16,0.0,0.03845608524591226,0.27454355240674067,3.053514779580539e-15,3.6095953936063e-14,3.053514779580539e-15,3.6095953936063e-14,2.529853611013995e-11,0.0,0.0,0,1,floor,0,0,1
eb,10,0,0.0,0.0,0.0,0.0,0.0,0.0,0.0,0.0,0.0,0.0,0.0,0.0,0.0,0,1,floor,0,0,1
eb,10,1,7.979727989493313e-17,0.0,7.979727989493313e-17,0.0,0.011764433585061134,1.045654894575938e-05,3.0522638789036503e-15,3.620737725887167e-14,3.0522638789036503e-15,3.620737725887167e-14,0.23528867170122267,3.6500241499888623e-06,0.0,0,1,floor,0,0,1
eb,10,2,1.6653345369377348e-16,0.0,1.6653345369377348e-16,0.0,0.04214602394600284,0.0662856487992957,3.0514179698244616e-15,3.612185535859091e-14,3.0514179698244616e-15,3.612185535859091e-14,0.607632506480331,0.023134300720626087,0.0,0,1,floor,0,0,1
eb,10,3,2.5326962749261384e-16,0.0,2.5326962749261384e-16,0.0,0.03862207786458422,0.26565476523627524,3.0522883826892616e-15,3.615788912488063e-14,3.0522883826892616e-15,3.615788912488063e-14,0.07067359483650074,0.06959295263307137,0.0,0,1,floor,0,0,1
eb,10,4,3.400058012914542e-16,0.0,3.400058012914542e-16,0.0,0.038425290871894044,0.27417653745097564,3.0524273355371e-15,3.6177350459725215e-14,3.0524273355371e-15,3.6177350459725215e-14,0.003942525331575838,0.0029746599881648613,0.0,0,1,floor,0,0,1
eb,10,5,4.2674197509029455e-16,0.0,4.2674197509029455e-16,0.0,0.03841691520710174,0.2745279440516996,3.0515404063576523e-15,3.618390998616174e-14,3.0515404063576523e-15,3.618390998616174e-14,0.00016778623195870277,0.00012265819127572165,0.0,0,1,floor,0,0,1
eb,10,6,5.134781488891349e-16,0.0,5.134781488891349e-16,0.0,0.03841655297244125,0.2745428881048784,3.0502822819928117e-15,3.6221693769877536e-14,3.0502822819928117e-15,3.6221693769877536e-14,7.256135631072954e-06,5.057621821307297e-06,0.0,0,1,floor,0,0,1
eb,10,7,6.002143226879753e-16,0.0,6.002143226879753e-16,0.0,0.038416537297839094,0.2745435241435238,3.0547712004776386e-15,3.601582827928983e-14,3.0547712004776386e-15,3.601582827928983e-14,3.1397223846979324e-07,0.0,0.0,0,1,floor,0,0,1
eb,10,8,6.869504964868156e-16,0.0,6.869504964868156e-16,0.0,0.038416536619531226,0.2745435512119594,3.049972765499289e-15,3.615416841732714e-14,3.049972765499289e-15,3.615416841732714e-14,1.3586305620071872e-08,0.0,0.0,0,1,floor,0,0,1
eb,10,9,7.73686670285656e-16,0.0,7.73686670285656e-16,0.0,0.03841653659017686,0.2745435523722248,3.0563288394390764e-15,3.599638445271794e-14,3.0563288394390764e-15,3.599638445271794e-14,5.879326665159914e-10,0.0,0.0,0,1,floor,0,0,1
eb,10,10,8.604228440844963e-16,0.0,8.604228440844963e-16,0.0,0.03841653658890658,0.27454355240674067,3.053514779580539e-15,3.6095953936063e-14,3.053514779580539e-15,3.6095953936063e-14,2.544133780273438e-11,0.0,0.0,0,1,floor,0,0,1
eb,11,0,0.0,0.0,0.0,0.0,0.0,0.0,0.0,0.0,0.0,0.0,0.0,0.0,0.0,0,1,floor,0,0,1
eb,11,1,7.979727989493313e-17,0.0,7.979727989493313e-17,0.0,0.011764438924600919,1.045654894575938e-05,3.0522638789036503e-15,3.620737725887167e-14,3.0522638789036503e-15,3.620737725887167e-14,0.23528877849201837,3.6500241499888623e-06,0.0,0,1,floor,0,0,1
eb,11,2,1.6653345369377348e-16,0.0,1.6653345369377348e-16,0.0,0.04217719914213931,0.0662856487992957,3.0514179698244616e-15,3.612185535859091e-14,3.0514179698244616e-15,3.612185535859091e-14,0.6082559026624624,0.023134300720626087,0.0,0,1,floor,0,0,1
eb,11,3,2.5326962749261384e-16,0.0,2.5326962749261384e-16,0.0,0.03874698383129217,0.26565476523627524,3.0522883826892616e-15,3.615788912488063e-14,3.0522883826892616e-15,3.615788912488063e-14,0.06880390239669694,0.06959295263307137,0.0,0,1,floor,0,0,1
eb,11,4,3.400058012914542e-16,0.0,3.400058012914542e-16,0.0,0.03855420455958925,0.27417653745097564,3.0524273355371e-15,3.6177350459725215e-14,3.0524273355371e-15,3.6177350459725215e-14,0.0038624876424113597,0.0029746599881648613,0.0,0,1,floor,0,0,1
eb,11,5,4.2674197509029455e-16,0.0,4.2674197509029455e-16,0.0,0.038545994256019456,0.2745279440516996,3.0515404063576523e-15,3.618390998616174e-14,3.0515404063576523e-15,3.618390998616174e-14,0.00016448350100470294,0.00012265819127572165,0.0,0,1,floor,0,0,1
eb,11,6,5.134781488891349e-16,0.0,5.134781488891349e-16,0.0,0.03854563905703988,0.2745428881048784,3.0502822819928117e-15,3.6221693769877536e-14,3.0502822819928117e-15,3.6221693769877536e-14,7.115606462934974e-06,5.057621821307297e-06,0.0,0,1,floor,0,0,1
eb,11,7,6.002143226879753e-16,0.0,6.002143226879753e-16,0.0,0.038545623682037004,0.2745435241435238,3.0547712004776386e-15,3.601582827928983e-14,3.0547712004776386e-15,3.601582827928983e-14,3.0798783553875057e-07,0.0,0.0,0,1,floor,0,0,1
eb,11,8,6.869504964868156e-16,0.0,6.869504964868156e-16,0.0,0.038545623016485876,0.2745435512119594,3.049972765499289e-15,3.615416841732714e-14,3.049972765499289e-15,3.615416841732714e-14,1.3331482463975702e-08,0.0,0.0,0,1,floor,0,0,1
eb,11,9,7.73686670285656e-16,0.0,7.73686670285656e-16,0.0,0.03854562298767461,0.2745435523722248,3.0563288394390764e-15,3.599638445271794e-14,3.0563288394390764e-15,3.599638445271794e-14,5.770833705604893e-10,0.0,0.0,0,1,floor,0,0,1
eb,11,10,8.604228440844963e-16,0.0,8.604228440844963e-16,0.0,0.038545622986427434,0.27454355240674067,3.053514779580539e-15,3.6095953936063e-14,3.053514779580539e-15,3.6095953936063e-14,2.497976465671123e-11,0.0,0.0,0,1,floor,0,0,1
eb,12,0,0.0,0.0,0.0,0.0,0.0,0.0,0.0,0.0,0.0,0.0,0.0,0.0,0.0,0,1,floor,0,0,1
eb,12,1,7.979727989493313e-17,0.0,7.979727989493313e-17,0.0,0.011764436166796028,1.045654894575938e-05,3.0522638789036503e-15,3.620737725887167e-14,3.0522638789036503e-15,3.620737725887167e-14,0.23528872333592055,3.6500241499888623e-06,0.0,0,1,floor,0,0,1
eb,12,2,1.6653345369377348e-16,0.0,1.6653345369377348e-16,0.0,0.04215939099129258,0.0662856487992957,3.0514179698244616e-15,3.612185535859091e-14,3.0514179698244616e-15,3.612185535859091e-14,0.6078997953439895,0.023134300720626087,0.0,0,1,floor,0,0,1
eb,12,3,2.5326962749261384e-16,0.0,2.5326962749261384e-16,0.0,0.03867559919186159,0.26565476523627524,3.0522883826892616e-15,3.615788912488063e-14,3.0522883826892616e-15,3.615788912488063e-14,0.06987258552182535,0.06959295263307137,0.0,0,1,floor,0,0,1
eb,12,4,3.400058012914542e-16,0.0,3.400058012914542e-16,0.0,0.03848053066432717,0.27417653745097564,3.0524273355371e-15,3.6177350459725215e-14,3.0524273355371e-15,3.6177350459725215e-14,0.003908205463351784,0.0029746599881648613,0.0,0,1,floor,0,0,1
eb,12,5,4.2674197509029455e-16,0.0,4.2674197509029455e-16,0.0,0.0384722260070086,0.2745279440516996,3.0515404063576523e-15,3.618390998616174e-14,3.0515404063576523e-15,3.618390998616174e-14,0.00016636798894614226,0.00012265819127572165,0.0,0,1,floor,0,0,1
eb,12,6,5.134781488891349e-16,0.0,5.134781488891349e-16,0.0,0.03847186679715137,0.2745428881048784,3.0502822819928117e-15,3.6221693769877536e-14,3.0502822819928117e-15,3.6221693769877536e-14,7.195717935360005e-06,5.057621821307297e-06,0.0,0,1,floor,0,0,1
eb,12,7,6.002143226879753e-16,0.0,6.002143226879753e-16,0.0,0.03847185125150968,0.2745435241435238,3.0547712004776386e-15,3.601582827928983e-14,3.0547712004776386e-15,3.601582827928983e-14,3.1139625552512545e-07,0.0,0.0,0,1,floor,0,0,1
eb,12,8,6.869504964868156e-16,0.0,6.869504964868156e-16,0.0,0.038471850578699646,0.2745435512119594,3.049972765499289e-15,3.615416841732714e-14,3.049972765499289e-15,3.615416841732714e-14,1.3476481822683699e-08,0.0,0.0,0,1,floor,0,0,1
eb,12,9,7.73686670285656e-16,0.0,7.73686670285656e-16,0.0,0.038471850549579634,0.2745435523722248,3.0563288394390764e-15,3.599638445271794e-14,3.0563288394390764e-15,3.599638445271794e-14,5.832510346869468e-10,0.0,0.0,0,1,floor,0,0,1
eb,12,10,8.604228440844963e-16,0.0,8.604228440844963e-16,0.0,0.03847185054831932,0.27454355240674067,3.053514779580539e-15,3.6095953936063e-14,3.053514779580539e-15,3.6095953936063e-14,2.524199517546277e-11,0.0,0.0,0,1,floor,0,0,1
eb,13,0,0.0,0.0,0.0,0.0,0.0,0.0,0.0,0.0,0.0,0.0,0.0,0.0,0.0,0,1,floor,0,0,1
eb,13,1,7.979727989493313e-17,0.0,7.979727989493313e-17,0.0,0.011764434452778158,1.045654894575938e-05,3.0522638789036503e-15,3.620737725887167e-14,3.0522638789036503e-15,3.620737725887167e-14,0.23528868905556313,3.6500241499888623e-06,0.0,0,1,floor,0,0,1
eb,13,2,1.6653345369377348e-16,0.0,1.6653345369377348e-16,0.0,0.04215059210577872,0.0662856487992957,3.0514179698244616e-15,3.612185535859091e-14,3.0514179698244616e-15,3.612185535859091e-14,0.6077238521822134,0.023134300720626087,0.0,0,1,floor,0,0,1
eb,13,3,2.5326962749261384e-16,0.0,2.5326962749261384e-16,0.0,0.03864037040389245,0.26565476523627524,3.0522883826892616e-15,3.615788912488063e-14,3.0522883826892616e-15,3.615788912488063e-14,0.07039981153363978,0.06959295263307137,0.0,0,1,floor,0,0,1
eb,13,4,3.400058012914542e-16,0.0,3.400058012914542e-16,0.0,0.03844417068965099,0.27417653745097564,3.0524273355371e-15,3.6177350459725215e-14,3.0524273355371e-15,3.6177350459725215e-14,0.003930796553939825,0.0029746599881648613,0.0,0,1,floor,0,0,1
eb,13,5,4.2674197509029455e-16,0.0,4.2674197509029455e-16,0.0,0.03843581928625991,0.2745279440516996,3.0515404063576523e-15,3.618390998616174e-14,3.0515404063576523e-15,3.618390998616174e-14,0.00016730165144019355,0.00012265819127572165,0.0,0,1,floor,0,0,1
eb,13,6,5.134781488891349e-16,0.0,5.134781488891349e-16,0.0,0.03843545808491522,0.2745428881048784,3.0502822819928117e-15,3.6221693769877536e-14,3.0502822819928117e-15,3.6221693769877536e-14,7.235495929368943e-06,5.057621821307297e-06,0.0,0,1,floor,0,0,1
eb,13,7,6.002143226879753e-16,0.0,6.002143226879753e-16,0.0,0.038435442454360036,0.2745435241435238,3.0547712004776386e-15,3.601582827928983e-14,3.0547712004776386e-15,3.601582827928983e-14,3.1309239453604783e-07,0.0,0.0,0,1,floor,0,0,1
eb,13,8,6.869504964868156e-16,0.0,6.869504964868156e-16,0.0,0.03843544177792964,0.2745435512119594,3.049972765499289e-15,3.615416841732714e-14,3.049972765499289e-15,3.615416841732714e-14,1.354880131236014e-08,0.0,0.0,0,1,floor,0,0,1
eb,13,9,7.73686670285656e-16,0.0,7.73686670285656e-16,0.0,0.0384354417486553,0.2745435523722248,3.0563288394390764e-15,3.599638445271794e-14,3.0563288394390764e-15,3.599638445271794e-14,5.863339570385875e-10,0.0,0.0,0,1,floor,0,0,1
eb,13,10,8.604228440844963e-16,0.0,8.604228440844963e-16,0.0,0.038435441747388416,0.27454355240674067,3.053514779580539e-15,3.6095953936063e-14,3.053514779580539e-15,3.6095953936063e-14,2.5373403093011033e-11,0.0,0.0,0,1,floor,0,0,1
eb,14,0,0.0,0.0,0.0,0.0,0.0,0.0,0.0,0.0,0.0,0.0,0.0,0.0,0.0,0,1,floor,0,0,1
eb,14,1,7.979727989493313e-17,0.0,7.979727989493313e-17,0.0,0.011764436207618136,1.045654894575938e-05,3.0522638789036503e-15,3.620737725887167e-14,3.0522638789036503e-15,3.620737725887167e-14,0.2352887241523627,3.6500241499888623e-06,0.0,0,1,floor,0,0,1
eb,14,2,1.6653345369377348e-16,0.0,1.6653345369377348e-16,0.0,0.04216081618937135,0.0662856487992957,3.0514179698244616e-15,3.612185535859091e-14,3.0514179698244616e-15,3.612185535859091e-14,0.6079282984456283,0.023134300720626087,0.0,0,1,floor,0,0,1
eb,14,3,2.5326962749261384e-16,0.0,2.5326962749261384e-16,0.0,0.03868133358619671,0.26565476523627524,3.0522883826892616e-15,3.615788912488063e-14,3.0522883826892616e-15,3.615788912488063e-14,0.0697866272992128,0.06959295263307137,0.0,0,1,floor,0,0,1
eb,14,4,3.400058012914542e-16,0.0,3.400058012914542e-16,0.0,0.03848644822765107,0.27417653745097564,3.0524273355371e-15,3.6177350459725215e-14,3.0524273355371e-15,3.6177350459725215e-14,0.003904547405931644,0.0029746599881648613,0.0,0,1,floor,0,0,1
eb,14,5,4.2674197509029455e-16,0.0,4.2674197509029455e-16,0.0,0.038478151056745874,0.2745279440516996,3.0515404063576523e-15,3.618390998616174e-14,3.0515404063576523e-15,3.618390998616174e-14,0.00016621846355007502,0.00012265819127572165,0.0,0,1,floor,0,0,1
eb,14,6,5.134781488891349e-16,0.0,5.134781488891349e-16,0.0,0.03847779216289541,0.2745428881048784,3.0502822819928117e-15,3.6221693769877536e-14,3.0502822819928117e-15,3.6221693769877536e-14,7.189406058686454e-06,5.057621821307297e-06,0.0,0,1,floor,0,0,1
eb,14,7,6.002143226879753e-16,0.0,6.002143226879753e-16,0.0,0.038477776630601854,0.2745435241435238,3.0547712004776386e-15,3.601582827928983e-14,3.0547712004776386e-15,3.601582827928983e-14,3.1112962941408385e-07,0.0,0.0,0,1,floor,0,0,1
eb,14,8,6.869504964868156e-16,0.0,6.869504964868156e-16,0.0,0.038477775958355456,0.2745435512119594,3.049972765499289e-15,3.615416841732714e-14,3.049972765499289e-15,3.615416841732714e-14,1.3465222746762353e-08,0.0,0.0,0,1,floor,0,0,1
eb,14,9,7.73686670285656e-16,0.0,7.73686670285656e-16,0.0,0.038477775929259245,0.2745435523722248,3.0563288394390764e-15,3.599638445271794e-14,3.0563288394390764e-15,3.599638445271794e-14,5.827756119442122e-10,0.0,0.0,0,1,floor,0,0,1
eb,14,10,8.604228440844963e-16,0.0,8.604228440844963e-16,0.0,0.03847777592799995,0.27454355240674067,3.053514779580539e-15,3.6095953936063e-14,3.053514779580539e-15,3.6095953936063e-14,2.5221753821272823e-11,0.0,0.0,0,1,floor,0,0,1
eb,15,0,0.0,0.0,0.0,0.0,0.0,0.0,0.0,0.0,0.0,0.0,0.0,0.0,0.0,0,1,floor,0,0,1
eb,15,1,7.979727989493313e-17,0.0,7.979727989493313e-17,0.0,0.011764438003926096,1.045654894575938e-05,3.0522638789036503e-15,3.620737725887167e-14,3.0522638789036503e-15,3.620737725887167e-14,0.2352887600785219,3.6500241499888623e-06,0.0,0,1,floor,0,0,1
eb,15,2,1.6653345369377348e-16,0.0,1.6653345369377348e-16,0.0,0.042173057387096945,0.0662856487992957,3.0544050023514547e-15,3.599155220365676e-14,3.0544050023514547e-15,3.599155220365676e-14,0.6081730861010907,0.023134300720626087,0.0,0,1,floor,0,0,1
eb,15,3,2.5326962749261384e-16,0.0,2.5326962749261384e-16,0.0,0.03873041472802499,0.26565476523627524,3.049819857295691e-15,3.628454673620168e-14,3.049819857295691e-15,3.628454673620168e-14,0.06905178113426039,0.06959295263307137,0.0,0,1,floor,0,0,1
eb,15,4,3.400058012914542e-16,0.0,3.400058012914542e-16,0.0,0.03853710296480187,0.27417653745097564,3.0523838298522694e-15,3.616898730331993e-14,3.0523838298522694e-15,3.616898730331993e-14,0.0038731216683839807,0.0029746599881648613,0.0,0,1,floor,0,0,1
eb,15,5,4.2674197509029455e-16,0.0,4.2674197509029455e-16,0.0,0.03852887061620858,0.2745279440516996,3.052942551646401e-15,3.6162500165572146e-14,3.052942551646401e-15,3.6162500165572146e-14,0.00016492379122511717,0.00012265819127572165,0.0,0,1,floor,0,0,1
eb,15,6,5.134781488891349e-16,0.0,5.134781488891349e-16,0.0,0.03852851447665216,0.2745428881048784,3.055040573496892e-15,3.6073261475629027e-14,3.055040573496892e-15,3.6073261475629027e-14,7.134392883124957e-06,5.057621821307297e-06,0.0,0,1,floor,0,0,1
eb,15,7,6.002143226879753e-16,0.0,6.002143226879753e-16,0.0,0.03852849906148426,0.2745435241435238,3.055421940471083e-15,3.6092564241561244e-14,3.055421940471083e-15,3.6092564241561244e-14,3.087901004534574e-07,0.0,0.0,0,1,floor,0,0,1
eb,15,8,6.869504964868156e-16,0.0,6.869504964868156e-16,0.0,0.03852849839421802,0.2745435512119594,3.055548499778131e-15,3.6137135026039613e-14,3.055548499778131e-15,3.6137135026039613e-14,1.3365741965575859e-08,0.0,0.0,0,1,floor,0,0,1
eb,15,9,7.73686670285656e-16,0.0,7.73686670285656e-16,0.0,0.038528498365333536,0.2745435523722248,3.0510272143547547e-15,3.615183986451091e-14,3.0510272143547547e-15,3.615183986451091e-14,5.785462308969151e-10,0.0,0.0,0,1,floor,0,0,1
eb,15,10,8.604228440844963e-16,0.0,8.604228440844963e-16,0.0,0.03852849836408323,0.27454355240674067,3.0525377706966073e-15,3.625192825673658e-14,3.0525377706966073e-15,3.625192825673658e-14,2.5042126945552993e-11,0.0,0.0,0,1,floor,0,0,1
eb,16,0,0.0,0.0,0.0,0.0,0.0,0.0,0.0,0.0,0.0,0.0,0.0,0.0,0.0,0,1,floor,0,0,1
eb,16,1,7.979727989493313e-17,0.0,7.979727989493313e-17,0.0,0.011764437162394645,1.045654894575938e-05,3.0522638789036503e-15,3.620737725887167e-14,3.0522638789036503e-15,3.620737725887167e-14,0.2352887432478929,3.6500241499888623e-06,0.0,0,1,floor,0,0,1
eb,16,2,1.6653345369377348e-16,0.0,1.6653345369377348e-16,0.0,0.04216602902600597,0.0662856487992957,3.0514179698244616e-15,3.612185535859091e-14,3.0514179698244616e-15,3.612185535859091e-14,0.608032535924017,0.023134300720626087,0.0,0,1,floor,0,0,1
eb,16,3,2.5326962749261384e-16,0.0,2.5326962749261384e-16,0.0,0.03870221186028037,0.26565476523627524,3.0522883826892616e-15,3.615788912488063e-14,3.0522883826892616e-15,3.615788912488063e-14,0.06947414378320454,0.06959295263307137,0.0,0,1,floor,0,0,1
eb,16,4,3.400058012914542e-16,0.0,3.400058012914542e-16,0.0,0.03850799665124834,0.27417653745097564,3.0524273355371e-15,3.6177350459725215e-14,3.0524273355371e-15,3.6177350459725215e-14,0.003891163982193605,0.0029746599881648613,0.0,0,1,floor,0,0,1
eb,16,5,4.2674197509029455e-16,0.0,4.2674197509029455e-16,0.0,0.038499727152871664,0.2745279440516996,3.0515404063576523e-15,3.618390998616174e-14,3.0515404063576523e-15,3.618390998616174e-14,0.0001656657667718483,0.00012265819127572165,0.0,0,1,floor,0,0,1
eb,16,6,5.134781488891349e-16,0.0,5.134781488891349e-16,0.0,0.038499369437181824,0.2745428881048784,3.0502822819928117e-15,3.6221693769877536e-14,3.0502822819928117e-15,3.6221693769877536e-14,7.165873808541214e-06,5.057621821307297e-06,0.0,0,1,floor,0,0,1
eb,16,7,6.002143226879753e-16,0.0,6.002143226879753e-16,0.0,0.038499353955090715,0.2745435241435238,3.0547712004776386e-15,3.601582827928983e-14,3.0547712004776386e-15,3.601582827928983e-14,3.101268542594971e-07,0.0,0.0,0,1,floor,0,0,1
eb,16,8,6.869504964868156e-16,0.0,6.869504964868156e-16,0.0,0.038499353284983336,0.2745435512119594,3.049972765499289e-15,3.615416841732714e-14,3.049972765499289e-15,3.615416841732714e-14,1.3422494663369355e-08,0.0,0.0,0,1,floor,0,0,1
eb,16,9,7.73686670285656e-16,0.0,7.73686670285656e-16,0.0,0.03849935325597825,0.2745435523722248,3.0563288394390764e-15,3.599638445271794e-14,3.0563288394390764e-15,3.599638445271794e-14,5.809551715146449e-10,0.0,0.0,0,1,floor,0,0,1
eb,16,10,8.604228440844963e-16,0.0,8.604228440844963e-16,0.0,0.03849935325472283,0.27454355240674067,3.053514779580539e-15,3.6095953936063e-14,3.053514779580539e-15,3.6095953936063e-14,2.5144417423952447e-11,0.0,0.0,0,1,floor,0,0,1
eb,17,0,0.0,0.0,0.0,0.0,0.0,0.0,0.0,0.0,0.0,0.0,0.0,0.0,0.0,0,1,floor,0,0,1
eb,17,1,7.979727989493313e-17,0.0,7.979727989493313e-17,0.0,0.011764435498355215,1.045654894575938e-05,3.0522638789036503e-15,3.620737725887167e-14,3.0522638789036503e-15,3.620737725887167e-14,0.2352887099671043,3.6500241499888623e-06,0.0,0,1,floor,0,0,1
eb,17,2,1.6653345369377348e-16,0.0,1.6653345369377348e-16,0.0,0.04215542420732635,0.0662856487992957,3.0514179698244616e-15,3.612185535859091e-14,3.0514179698244616e-15,3.612185535859091e-14,0.6078204731543796,0.023134300720626087,0.0,0,1,floor,0,0,1
eb,17,3,2.5326962749261384e-16,0.0,2.5326962749261384e-16,0.0,0.03865970464126194,0.26565476523627524,3.0522883826892616e-15,3.615788912488063e-14,3.0522883826892616e-15,3.615788912488063e-14,0.07011051906406736,0.06959295263307137,0.0,0,1,floor,0,0,1
eb,17,4,3.400058012914542e-16,0.0,3.400058012914542e-16,0.0,0.038464126167202704,0.27417653745097564,3.0524273355371e-15,3.6177350459725215e-14,3.0524273355371e-15,3.6177350459725215e-14,0.003918389629095335,0.0029746599881648613,0.0,0,1,floor,0,0,1
eb,17,5,4.2674197509029455e-16,0.0,4.2674197509029455e-16,0.0,0.038455800472998826,0.2745279440516996,3.0515404063576523e-15,3.618390998616174e-14,3.0515404063576523e-15,3.618390998616174e-14,0.0001667881582995624,0.00012265819127572165,0.0,0,1,floor,0,0,1
eb,17,6,5.134781488891349e-16,0.0,5.134781488891349e-16,0.0,0.03845544036821403,0.2745428881048784,3.0502822819928117e-15,3.6221693769877536e-14,3.0502822819928117e-15,3.6221693769877536e-14,7.213593158205979e-06,5.057621821307297e-06,0.0,0,1,floor,0,0,1
eb,17,7,6.002143226879753e-16,0.0,6.002143226879753e-16,0.0,0.038455424784469616,0.2745435241435238,3.0547712004776386e-15,3.601582827928983e-14,3.0547712004776386e-15,3.601582827928983e-14,3.1215735097341887e-07,0.0,0.0,0,1,floor,0,0,1
eb,17,8,6.869504964868156e-16,0.0,6.869504964868156e-16,0.0,0.038455424110037446,0.2745435512119594,3.049972765499289e-15,3.615416841732714e-14,3.049972765499289e-15,3.615416841732714e-14,1.3508885079085928e-08,0.0,0.0,0,1,floor,0,0,1
eb,17,9,7.73686670285656e-16,0.0,7.73686670285656e-16,0.0,0.038455424080848385,0.2745435523722248,3.0563288394390764e-15,3.599638445271794e-14,3.0563288394390764e-15,3.599638445271794e-14,5.846304486847673e-10,0.0,0.0,0,1,floor,0,0,1
eb,17,10,8.604228440844963e-16,0.0,8.604228440844963e-16,0.0,0.03845542407958515,0.27454355240674067,3.053514779580539e-15,3.6095953936063e-14,3.053514779580539e-15,3.6095953936063e-14,2.5300501876457465e-11,0.0,0.0,0,1,floor,0,0,1
eb,18,0,0.0,0.0,0.0,0.0,0.0,0.0,0.0,0.0,0.0,0.0,0.0,0.0,0.0,0,1,floor,0,0,1
eb,18,1,7.979727989493313e-17,0.0,7.979727989493313e-17,0.0,0.011764434905017813,1.045654894575938e-05,3.0522638789036503e-15,3.620737725887167e-14,3.0522638789036503e-15,3.620737725887167e-14,0.23528869810035624,3.6500241499888623e-06,0.0,0,1,floor,0,0,1
eb,18,2,1.6653345369377348e-16,0.0,1.6653345369377348e-16,0.0,0.04215333498427276,0.0662856487992957,3.0514179698244616e-15,3.612185535859091e-14,3.0514179698244616e-15,3.612185535859091e-14,0.6077787006236649,0.023134300720626087,0.0,0,1,floor,0,0,1
eb,18,3,2.5326962749261384e-16,0.0,2.5326962749261384e-16,0.0,0.03865136206083345,0.26565476523627524,3.0522883826892616e-15,3.615788912488063e-14,3.0522883826892616e-15,3.615788912488063e-14,0.07023526194260982,0.06959295263307137,0.0,0,1,floor,0,0,1
eb,18,4,3.400058012914542e-16,0.0,3.400058012914542e-16,0.0,0.03845551495265222,0.27417653745097564,3.0524273355371e-15,3.6177350459725215e-14,3.0524273355371e-15,3.6177350459725215e-14,0.003923754565118242,0.0029746599881648613,0.0,0,1,floor,0,0,1
eb,18,5,4.2674197509029455e-16,0.0,4.2674197509029455e-16,0.0,0.03844717809186919,0.2745279440516996,3.0515404063576523e-15,3.618390998616174e-14,3.0515404063576523e-15,3.618390998616174e-14,0.0001670111892785649,0.00012265819127572165,0.0,0,1,floor,0,0,1
eb,18,6,5.134781488891349e-16,0.0,5.134781488891349e-16,0.0,0.038446817509056305,0.2745428881048784,3.0502822819928117e-15,3.6221693769877536e-14,3.0502822819928117e-15,3.6221693769877536e-14,7.223141299336572e-06,5.057621821307297e-06,0.0,0,1,floor,0,0,1
eb,18,7,6.002143226879753e-16,0.0,6.002143226879753e-16,0.0,0.038446801904830616,0.2745435241435238,3.0547712004776386e-15,3.601582827928983e-14,3.0547712004776386e-15,3.601582827928983e-14,3.1256646253035684e-07,0.0,0.0,0,1,floor,0,0,1
eb,18,8,6.869504964868156e-16,0.0,6.869504964868156e-16,0.0,0.038446801229520905,0.2745435512119594,3.049972765499289e-15,3.615416841732714e-14,3.049972765499289e-15,3.615416841732714e-14,1.3526414575140458e-08,0.0,0.0,0,1,floor,0,0,1
eb,18,9,7.73686670285656e-16,0.0,7.73686670285656e-16,0.0,0.03844680120029425,0.2745435523722248,3.0563288394390764e-15,3.599638445271794e-14,3.0563288394390764e-15,3.599638445271794e-14,5.853814366844897e-10,0.0,0.0,0,1,floor,0,0,1
eb,18,10,8.604228440844963e-16,0.0,8.604228440844963e-16,0.0,0.03844680119902939,0.27454355240674067,3.053514779580539e-15,3.6095953936063e-14,3.053514779580539e-15,3.6095953936063e-14,2.5332919243988793e-11,0.0,0.0,0,1,floor,0,0,1
eb,19,0,0.0,0.0,0.0,0.0,0.0,0.0,0.0,0.0,0.0,0.0,0.0,0.0,0.0,0,1,floor,0,0,1
eb,19,1,7.979727989493313e-17,0.0,7.979727989493313e-17,0.0,0.011764434739167995,1.045654894575938e-05,3.0522638789036503e-15,3.620737725887167e-14,3.0522638789036503e-15,3.620737725887167e-14,0.2352886947833599,3.6500241499888623e-06,0.0,0,1,floor,0,0,1
eb,19,2,1.6653345369377348e-16,0.0,1.6653345369377348e-16,0.0,0.04215282377817265,0.0662856487992957,3.0514179698244616e-15,3.612185535859091e-14,3.0514179698244616e-15,3.612185535859091e-14,0.6077684798342181,0.023134300720626087,0.0,0,1,floor,0,0,1
eb,19,3,2.5326962749261384e-16,0.0,2.5326962749261384e-16,0.0,0.038649323201050766,0.26565476523627524,3.0522883826892616e-15,3.615788912488063e-14,3.0522883826892616e-15,3.615788912488063e-14,0.07026573597774638,0.06959295263307137,0.0,0,1,floor,0,0,1
eb,19,4,3.400058012914542e-16,0.0,3.400058012914542e-16,0.0,0.03845341035676092,0.27417653745097564,3.0524273355371e-15,3.6177350459725215e-14,3.0524273355371e-15,3.6177350459725215e-14,0.00392506739501996,0.0029746599881648613,0.0,0,1,floor,0,0,1
eb,19,5,4.2674197509029455e-16,0.0,4.2674197509029455e-16,0.0,0.03844507075621662,0.2745279440516996,3.0515404063576523e-15,3.618390998616174e-14,3.0515404063576523e-15,3.618390998616174e-14,0.00016706591086728344,0.00012265819127572165,0.0,0,1,floor,0,0,1
eb,19,6,5.134781488891349e-16,0.0,5.134781488891349e-16,0.0,0.03844471005586349,0.2745428881048784,3.0502822819928117e-15,3.6221693769877536e-14,3.0502822819928117e-15,3.6221693769877536e-14,7.225489054575463e-06,5.057621821307297e-06,0.0,0,1,floor,0,0,1
eb,19,7,6.002143226879753e-16,0.0,6.002143226879753e-16,0.0,0.038444694446590884,0.2745435241435238,3.0547712004776386e-15,3.601582827928983e-14,3.0547712004776386e-15,3.601582827928983e-14,3.126672744173994e-07,0.0,0.0,0,1,floor,0,0,1
eb,19,8,6.869504964868156e-16,0.0,6.869504964868156e-16,0.0,0.03844469377106445,0.2745435512119594,3.049972765499289e-15,3.615416841732714e-14,3.049972765499289e-15,3.615416841732714e-14,1.3530743679268083e-08,0.0,0.0,0,1,floor,0,0,1
eb,19,9,7.73686670285656e-16,0.0,7.73686670285656e-16,0.0,0.038444693741828496,0.2745435523722248,3.0563288394390764e-15,3.599638445271794e-14,3.0563288394390764e-15,3.599638445271794e-14,5.855671863928394e-10,0.0,0.0,0,1,floor,0,0,1
eb,19,10,8.604228440844963e-16,0.0,8.604228440844963e-16,0.0,0.03844469374056325,0.27454355240674067,3.053514779580539e-15,3.6095953936063e-14,3.053514779580539e-15,3.6095953936063e-14,2.534068355493853e-11,0.0,0.0,0,1,floor,0,0,1
eb,20,0,0.0,0.0,0.0,0.0,0.0,0.0,0.0,0.0,0.0,0.0,0.0,0.0,0.0,0,1,floor,0,0,1
eb,20,1,7.979727989493313e-17,0.0,7.979727989493313e-17,0.0,0.011764437471442981,1.045654894575938e-05,3.0522638789036503e-15,3.620737725887167e-14,3.0522638789036503e-15,3.620737725887167e-14,0.2352887494288596,3.6500241499888623e-06,0.0,0,1,floor,0,0,1
eb,20,2,1.6653345369377348e-16,0.0,1.6653345369377348e-16,0.0,0.042167984321466866,0.0662856487992957,3.0514179698244616e-15,3.612185535859091e-14,3.0514179698244616e-15,3.612185535859091e-14,0.6080716355927138,0.023134300720626087,0.0,0,1,floor,0,0,1
eb,20,3,2.5326962749261384e-16,0.0,2.5326962749261384e-16,0.0,0.0387100489908772,0.26565476523627524,3.0522883826892616e-15,3.615788912488063e-14,3.0522883826892616e-15,3.615788912488063e-14,0.06935681887379933,0.06959295263307137,0.0,0,1,floor,0,0,1
eb,20,4,3.400058012914542e-16,0.0,3.400058012914542e-16,0.0,0.03851608513849757,0.27417653745097564,3.0524273355371e-15,3.6177350459725215e-14,3.0524273355371e-15,3.6177350459725215e-14,0.0038861442245907503,0.0029746599881648613,0.0,0,1,floor,0,0,1
eb,20,5,4.2674197509029455e-16,0.0,4.2674197509029455e-16,0.0,0.03850782600220271,0.2745279440516996,3.0515404063576523e-15,3.618390998616174e-14,3.0515404063576523e-15,3.618390998616174e-14,0.00016545880874375393,0.00012265819127572165,0.0,0,1,floor,0,0,1
eb,20,6,5.134781488891349e-16,0.0,5.134781488891349e-16,0.0,0.038507468727071496,0.2745428881048784,3.0502822819928117e-15,3.6221693769877536e-14,3.0502822819928117e-15,3.6221693769877536e-14,7.15707426775415e-06,5.057621821307297e-06,0.0,0,1,floor,0,0,1
eb,20,7,6.002143226879753e-16,0.0,6.002143226879753e-16,0.0,0.03850745326372685,0.2745435241435238,3.0547712004776386e-15,3.601582827928983e-14,3.0547712004776386e-15,3.601582827928983e-14,3.0975240272160723e-07,0.0,0.0,0,1,floor,0,0,1
eb,20,8,6.869504964868156e-16,0.0,6.869504964868156e-16,0.0,0.038507452594417096,0.2745435512119594,3.049972765499289e-15,3.615416841732714e-14,3.049972765499289e-15,3.615416841732714e-14,1.340656189218871e-08,0.0,0.0,0,1,floor,0,0,1
eb,20,9,7.73686670285656e-16,0.0,7.73686670285656e-16,0.0,0.03850745256544594,0.2745435523722248,3.0563288394390764e-15,3.599638445271794e-14,3.0563288394390764e-15,3.599638445271794e-14,5.802773967755046e-10,0.0,0.0,0,1,floor,0,0,1
eb,20,10,8.604228440844963e-16,0.0,8.604228440844963e-16,0.0,0.03850745256419196,0.27454355240674067,3.053514779580539e-15,3.6095953936063e-14,3.053514779580539e-15,3.6095953936063e-14,2.5115580434580736e-11,0.0,0.0,0,1,floor,0,0,1
eb,21,0,0.0,0.0,0.0,0.0,0.0,0.0,0.0,0.0,0.0,0.0,0.0,0.0,0.0,0,1,floor,0,0,1
eb,21,1,7.979727989493313e-17,0.0,7.979727989493313e-17,0.0,0.011764438477009564,1.045654894575938e-05,3.0522638789036503e-15,3.620737725887167e-14,3.0522638789036503e-15,3.620737725887167e-14,0.23528876954019126,3.6500241499888623e-06,0.0,0,1,floor,0,0,1
eb,21,2,1.6653345369377348e-16,0.0,1.6653345369377348e-16,0.0,0.042175124911448966,0.0662856487992957,3.0514179698244616e-15,3.612185535859091e-14,3.0514179698244616e-15,3.612185535859091e-14,0.6082144270635734,0.023134300720626087,0.0,0,1,floor,0,0,1
eb,21,3,2.5326962749261384e-16,0.0,2.5326962749261384e-16,0.0,0.03873868425767082,0.26565476523627524,3.0522883826892616e-15,3.615788912488063e-14,3.0522883826892616e-15,3.615788912488063e-14,0.06892807390559276,0.06959295263307137,0.0,0,1,floor,0,0,1
eb,21,4,3.400058012914542e-16,0.0,3.400058012914542e-16,0.0,0.03854563831221993,0.27417653745097564,3.0524273355371e-15,3.6177350459725215e-14,3.0524273355371e-15,3.6177350459725215e-14,0.0038678131910422453,0.0029746599881648613,0.0,0,1,floor,0,0,1
eb,21,5,4.2674197509029455e-16,0.0,4.2674197509029455e-16,0.0,0.038537416973148844,0.2745279440516996,3.0515404063576523e-15,3.618390998616174e-14,3.0515404063576523e-15,3.618390998616174e-14,0.00016470390512148887,0.00012265819127572165,0.0,0,1,floor,0,0,1
eb,21,6,5.134781488891349e-16,0.0,5.134781488891349e-16,0.0,0.03853706130349332,0.2745428881048784,3.0502822819928117e-15,3.6221693769877536e-14,3.0502822819928117e-15,3.6221693769877536e-14,7.125007396158169e-06,5.057621821307297e-06,0.0,0,1,floor,0,0,1
eb,21,7,6.002143226879753e-16,0.0,6.002143226879753e-16,0.0,0.03853704590839852,0.2745435241435238,3.0547712004776386e-15,3.601582827928983e-14,3.0547712004776386e-15,3.601582827928983e-14,3.0838915540890333e-07,0.0,0.0,0,1,floor,0,0,1
eb,21,8,6.869504964868156e-16,0.0,6.869504964868156e-16,0.0,0.038537045241989754,0.2745435512119594,3.049972765499289e-15,3.615416841732714e-14,3.049972765499289e-15,3.615416841732714e-14,1.3348613875078248e-08,0.0,0.0,0,1,floor,0,0,1
eb,21,9,7.73686670285656e-16,0.0,7.73686670285656e-16,0.0,0.038537045213141885,0.2745435523722248,3.0563288394390764e-15,3.599638445271794e-14,3.0563288394390764e-15,3.599638445271794e-14,5.778146485333117e-10,0.0,0.0,0,1,floor,0,0,1
eb,21,10,8.604228440844963e-16,0.0,8.604228440844963e-16,0.0,0.038537045211893155,0.27454355240674067,3.053514779580539e-15,3.6095953936063e-14,3.053514779580539e-15,3.6095953936063e-14,2.501079454766907e-11,0.0,0.0,0,1,floor,0,0,1
eb,22,0,0.0,0.0,0.0,0.0,0.0,0.0,0.0,0.0,0.0,0.0,0.0,0.0,0.0,0,1,floor,0,0,1
eb,22,1,7.979727989493313e-17,0.0,7.979727989493313e-17,0.0,0.011764436846889187,1.045654894575938e-05,3.0522638789036503e-15,3.620737725887167e-14,3.0522638789036503e-15,3.620737725887167e-14,0.23528873693778374,3.6500241499888623e-06,0.0,0,1,floor,0,0,1
eb,22,2,1.6653345369377348e-16,0.0,1.6653345369377348e-16,0.0,0.042166357905985705,0.0662856487992957,3.0514179698244616e-15,3.612185535859091e-14,3.0514179698244616e-15,3.612185535859091e-14,0.60803911982358,0.023134300720626087,0.0,0,1,floor,0,0,1
eb,22,3,2.5326962749261384e-16,0.0,2.5326962749261384e-16,0.0,0.038703573851218684,0.26565476523627524,3.0522883826892616e-15,3.615788912488063e-14,3.0522883826892616e-15,3.615788912488063e-14,0.06945353626966962,0.06959295263307137,0.0,0,1,floor,0,0,1
eb,22,4,3.400058012914542e-16,0.0,3.400058012914542e-16,0.0,0.03850940083521761,0.27417653745097564,3.0524273355371e-15,3.6177350459725215e-14,3.0524273355371e-15,3.6177350459725215e-14,0.0038903213565189072,0.0029746599881648613,0.0,0,1,floor,0,0,1
eb,22,5,4.2674197509029455e-16,0.0,4.2674197509029455e-16,0.0,0.038501132947405044,0.2745279440516996,3.0515404063576523e-15,3.618390998616174e-14,3.0515404063576523e-15,3.618390998616174e-14,0.00016563359928670687,0.00012265819127572165,0.0,0,1,floor,0,0,1
eb,22,6,5.134781488891349e-16,0.0,5.134781488891349e-16,0.0,0.03850077529563044,0.2745428881048784,3.0502822819928117e-15,3.6221693769877536e-14,3.0502822819928117e-15,3.6221693769877536e-14,7.164597173902409e-06,5.057621821307297e-06,0.0,0,1,floor,0,0,1
eb,22,7,6.002143226879753e-16,0.0,6.002143226879753e-16,0.0,0.038500759816062886,0.2745435241435238,3.0547712004776386e-15,3.601582827928983e-14,3.0547712004776386e-15,3.601582827928983e-14,3.100764463021265e-07,0.0,0.0,0,1,floor,0,0,1
eb,22,8,6.869504964868156e-16,0.0,6.869504964868156e-16,0.0,0.03850075914605434,0.2745435512119594,3.049972765499289e-15,3.615416841732714e-14,3.049972765499289e-15,3.615416841732714e-14,1.342052045599435e-08,0.0,0.0,0,1,floor,0,0,1
eb,22,9,7.73686670285656e-16,0.0,7.73686670285656e-16,0.0,0.038500759117053085,0.2745435523722248,3.0563288394390764e-15,3.599638445271794e-14,3.0563288394390764e-15,3.599638445271794e-14,5.808786700062898e-10,0.0,0.0,0,1,floor,0,0,1
eb,22,10,8.604228440844963e-16,0.0,8.604228440844963e-16,0.0,0.03850075911579782,0.27454355240674067,3.053514779580539e-15,3.6095953936063e-14,3.053514779580539e-15,3.6095953936063e-14,2.5141367176920624e-11,0.0,0.0,0,1,floor,0,0,1
eb,23,0,0.0,0.0,0.0,0.0,0.0,0.0,0.0,0.0,0.0,0.0,0.0,0.0,0.0,0,1,floor,0,0,1
eb,23,1,7.979727989493313e-17,0.0,7.979727989493313e-17,0.0,0.011764438447708477,1.045654894575938e-05,3.0522638789036503e-15,3.620737725887167e-14,3.0522638789036503e-15,3.620737725887167e-14,0.23528876895416953,3.6500241499888623e-06,0.0,0,1,floor,0,0,1
eb,23,2,1.6653345369377348e-16,0.0,1.6653345369377348e-16,0.0,0.04217380596683236,0.0662856487992957,3.0514179698244616e-15,3.612185535859091e-14,3.0514179698244616e-15,3.612185535859091e-14,0.6081880487974718,0.023134300720626087,0.0,0,1,floor,0,0,1
eb,23,3,2.5326962749261384e-16,0.0,2.5326962749261384e-16,0.0,0.03873337637186743,0.26565476523627524,3.0522883826892616e-15,3.615788912488063e-14,3.0522883826892616e-15,3.615788912488063e-14,0.0690076384806892,0.06959295263307137,0.0,0,1,floor,0,0,1
eb,23,4,3.400058012914542e-16,0.0,3.400058012914542e-16,0.0,0.03854016091522812,0.27417653745097564,3.0524273355371e-15,3.6177350459725215e-14,3.0524273355371e-15,3.6177350459725215e-14,0.0038711983895918785,0.0029746599881648613,0.0,0,1,floor,0,0,1
eb,23,5,4.2674197509029455e-16,0.0,4.2674197509029455e-16,0.0,0.03853193265093258,0.2745279440516996,3.0515404063576523e-15,3.618390998616174e-14,3.0515404063576523e-15,3.618390998616174e-14,0.0001648422182458179,0.00012265819127572165,0.0,0,1,floor,0,0,1
eb,23,6,5.134781488891349e-16,0.0,5.134781488891349e-16,0.0,0.03853157668906461,0.2745428881048784,3.0502822819928117e-15,3.6221693769877536e-14,3.0502822819928117e-15,3.6221693769877536e-14,7.130843860051839e-06,5.057621821307297e-06,0.0,0,1,floor,0,0,1
eb,23,7,6.002143226879753e-16,0.0,6.002143226879753e-16,0.0,0.03853156128163133,0.2745435241435238,3.0547712004776386e-15,3.601582827928983e-14,3.0547712004776386e-15,3.601582827928983e-14,3.0863560789305277e-07,0.0,0.0,0,1,floor,0,0,1
eb,23,8,6.869504964868156e-16,0.0,6.869504964868156e-16,0.0,0.03853156061470176,0.2745435512119594,3.049972765499289e-15,3.615416841732714e-14,3.049972765499289e-15,3.615416841732714e-14,1.3359016985078215e-08,0.0,0.0,0,1,floor,0,0,1
eb,23,9,7.73686670285656e-16,0.0,7.73686670285656e-16,0.0,0.0385315605858319,0.2745435523722248,3.0563288394390764e-15,3.599638445271794e-14,3.0563288394390764e-15,3.599638445271794e-14,5.782537387780086e-10,0.0,0.0,0,1,floor,0,0,1
eb,23,10,8.604228440844963e-16,0.0,8.604228440844963e-16,0.0,0.03853156058458224,0.27454355240674067,3.053514779580539e-15,3.6095953936063e-14,3.053514779580539e-15,3.6095953936063e-14,2.5029396953756472e-11,0.0,0.0,0,1,floor,0,0,1
eb,24,0,0.0,0.0,0.0,0.0,0.0,0.0,0.0,0.0,0.0,0.0,0.0,0.0,0.0,0,1,floor,0,0,1
eb,24,1,7.979727989493313e-17,0.0,7.979727989493313e-17,0.0,0.0117644366065045,1.045654894575938e-05,3.0522638789036503e-15,3.620737725887167e-14,3.0522638789036503e-15,3.620737725887167e-14,0.23528873213009,3.6500241499888623e-06,0.0,0,1,floor,0,0,1
eb,24,2,1.6653345369377348e-16,0.0,1.6653345369377348e-16,0.0,0.04216398713210646,0.0662856487992957,3.0514179698244616e-15,3.612185535859091e-14,3.0514179698244616e-15,3.612185535859091e-14,0.6079917092259534,0.023134300720626087,0.0,0,1,floor,0,0,1
eb,24,3,2.5326962749261384e-16,0.0,2.5326962749261384e-16,0.0,0.038694055411456714,0.26565476523627524,3.0522883826892616e-15,3.615788912488063e-14,3.0522883826892616e-15,3.615788912488063e-14,0.06959611189181898,0.06959295263307137,0.0,0,1,floor,0,0,1
eb,24,4,3.400058012914542e-16,0.0,3.400058012914542e-16,0.0,0.03849957765943123,0.27417653745097564,3.0524273355371e-15,3.6177350459725215e-14,3.0524273355371e-15,3.6177350459725215e-14,0.0038964071587498476,0.0029746599881648613,0.0,0,1,floor,0,0,1
eb,24,5,4.2674197509029455e-16,0.0,4.2674197509029455e-16,0.0,0.03849129725608488,0.2745279440516996,3.0515404063576523e-15,3.618390998616174e-14,3.0515404063576523e-15,3.618390998616174e-14,0.00016588356836285458,0.00012265819127572165,0.0,0,1,floor,0,0,1
eb,24,6,5.134781488891349e-16,0.0,5.134781488891349e-16,0.0,0.03849093907386151,0.2745428881048784,3.0502822819928117e-15,3.6221693769877536e-14,3.0502822819928117e-15,3.6221693769877536e-14,7.175192184894285e-06,5.057621821307297e-06,0.0,0,1,floor,0,0,1
eb,24,7,6.002143226879753e-16,0.0,6.002143226879753e-16,0.0,0.03849092357179421,0.2745435241435238,3.0547712004776386e-15,3.601582827928983e-14,3.0547712004776386e-15,3.601582827928983e-14,3.1052586958071606e-07,0.0,0.0,0,1,floor,0,0,1
eb,24,8,6.869504964868156e-16,0.0,6.869504964868156e-16,0.0,0.03849092290083148,0.2745435512119594,3.049972765499289e-15,3.615416841732714e-14,3.049972765499289e-15,3.615416841732714e-14,1.3439580657241747e-08,0.0,0.0,0,1,floor,0,0,1
eb,24,9,7.73686670285656e-16,0.0,7.73686670285656e-16,0.0,0.03849092287178978,0.2745435523722248,3.0563288394390764e-15,3.599638445271794e-14,3.0563288394390764e-15,3.599638445271794e-14,5.816867387730739e-10,0.0,0.0,0,1,floor,0,0,1
eb,24,10,8.604228440844963e-16,0.0,8.604228440844963e-16,0.0,0.038490922870532795,0.27454355240674067,3.053514779580539e-15,3.6095953936063e-14,3.053514779580539e-15,3.6095953936063e-14,2.517574999686916e-11,0.0,0.0,0,1,floor,0,0,1
eb,25,0,0.0,0.0,0.0,0.0,0.0,0.0,0.0,0.0,0.0,0.0,0.0,0.0,0.0,0,1,floor,0,0,1
eb,25,1,7.979727989493313e-17,0.0,7.979727989493313e-17,0.0,0.011764433717858508,1.045654894575938e-05,3.0522638789036503e-15,3.620737725887167e-14,3.0522638789036503e-15,3.620737725887167e-14,0.23528867435717016,3.6500241499888623e-06,0.0,0,1,floor,0,0,1
eb,25,2,1.6653345369377348e-16,0.0,1.6653345369377348e-16,0.0,0.0421466403589687,0.0662856487992957,3.0514179698244616e-15,3.612185535859091e-14,3.0514179698244616e-15,3.612185535859091e-14,0.6076448320649069,0.023134300720626087,0.0,0,1,floor,0,0,1
eb,25,3,2.5326962749261384e-16,0.0,2.5326962749261384e-16,0.0,0.03862454432970437,0.26565476523627524,3.0522883826892616e-15,3.615788912488063e-14,3.0522883826892616e-15,3.615788912488063e-14,0.07063668840847524,0.06959295263307137,0.0,0,1,floor,0,0,1
eb,25,4,3.400058012914542e-16,0.0,3.400058012914542e-16,0.0,0.03842783658613577,0.27417653745097564,3.0524273355371e-15,3.6177350459725215e-14,3.0524273355371e-15,3.6177350459725215e-14,0.003940942608913993,0.0029746599881648613,0.0,0,1,floor,0,0,1
eb,25,5,4.2674197509029455e-16,0.0,4.2674197509029455e-16,0.0,0.038419464200757134,0.2745279440516996,3.0515404063576523e-15,3.618390998616174e-14,3.0515404063576523e-15,3.618390998616174e-14,0.0001677207309858723,0.00012265819127572165,0.0,0,1,floor,0,0,1
eb,25,6,5.134781488891349e-16,0.0,5.134781488891349e-16,0.0,0.03841910210596448,0.2745428881048784,3.0502822819928117e-15,3.6221693769877536e-14,3.0502822819928117e-15,3.6221693769877536e-14,7.253341868109296e-06,5.057621821307297e-06,0.0,0,1,floor,0,0,1
eb,25,7,6.002143226879753e-16,0.0,6.002143226879753e-16,0.0,0.038419086437332786,0.2745435241435238,3.0547712004776386e-15,3.601582827928983e-14,3.0547712004776386e-15,3.601582827928983e-14,3.1385297729416424e-07,0.0,0.0,0,1,floor,0,0,1
eb,25,8,6.869504964868156e-16,0.0,6.869504964868156e-16,0.0,0.03841908575927978,0.2745435512119594,3.049972765499289e-15,3.615416841732714e-14,3.049972765499289e-15,3.615416841732714e-14,1.358121446505256e-08,0.0,0.0,0,1,floor,0,0,1
eb,25,9,7.73686670285656e-16,0.0,7.73686670285656e-16,0.0,0.03841908572993629,0.2745435523722248,3.0563288394390764e-15,3.599638445271794e-14,3.0563288394390764e-15,3.599638445271794e-14,5.87715330425789e-10,0.0,0.0,0,1,floor,0,0,1
eb,25,10,8.604228440844963e-16,0.0,8.604228440844963e-16,0.0,0.03841908572866645,0.27454355240674067,3.053514779580539e-15,3.6095953936063e-14,3.053514779580539e-15,3.6095953936063e-14,2.5432440008416194e-11,0.0,0.0,0,1,floor,0,0,1
eb,26,0,0.0,0.0,0.0,0.0,0.0,0.0,0.0,0.0,0.0,0.0,0.0,0.0,0.0,0,1,floor,0,0,1
eb,26,1,7.979727989493313e-17,0.0,7.979727989493313e-17,0.0,0.011764435718797287,1.045654894575938e-05,3.0522638789036503e-15,3.620737725887167e-14,3.0522638789036503e-15,3.620737725887167e-14,0.23528871437594573,3.6500241499888623e-06,0.0,0,1,floor,0,0,1
eb,26,2,1.6653345369377348e-16,0.0,1.6653345369377348e-16,0.0,0.04215714125000244,0.0662856487992957,3.0514179698244616e-15,3.612185535859091e-14,3.0514179698244616e-15,3.612185535859091e-14,0.6078548095467007,0.023134300720626087,0.0,0,1,floor,0,0,1
eb,26,3,2.5326962749261384e-16,0.0,2.5326962749261384e-16,0.0,0.038666592887933,0.26565476523627524,3.0522883826892616e-15,3.615788912488063e-14,3.0522883826892616e-15,3.615788912488063e-14,0.07000736403512108,0.06959295263307137,0.0,0,1,floor,0,0,1
eb,26,4,3.400058012914542e-16,0.0,3.400058012914542e-16,0.0,0.03847123513087591,0.27417653745097564,3.0524273355371e-15,3.6177350459725215e-14,3.0524273355371e-15,3.6177350459725215e-14,0.0039139816692918585,0.0029746599881648613,0.0,0,1,floor,0,0,1
eb,26,5,4.2674197509029455e-16,0.0,4.2674197509029455e-16,0.0,0.03846291851778513,0.2745279440516996,3.0515404063576523e-15,3.618390998616174e-14,3.0515404063576523e-15,3.618390998616174e-14,0.00016660678096301084,0.00012265819127572165,0.0,0,1,floor,0,0,1
eb,26,6,5.134781488891349e-16,0.0,5.134781488891349e-16,0.0,0.03846255879846453,0.2745428881048784,3.0502822819928117e-15,3.6221693769877536e-14,3.0502822819928117e-15,3.6221693769877536e-14,7.205893904388486e-06,5.057621821307297e-06,0.0,0,1,floor,0,0,1
eb,26,7,6.002143226879753e-16,0.0,6.002143226879753e-16,0.0,0.03846254323109504,0.2745435241435238,3.0547712004776386e-15,3.601582827928983e-14,3.0547712004776386e-15,3.601582827928983e-14,3.118302638258307e-07,0.0,0.0,0,1,floor,0,0,1
eb,26,8,6.869504964868156e-16,0.0,6.869504964868156e-16,0.0,0.038462542557358384,0.2745435512119594,3.049972765499289e-15,3.615416841732714e-14,3.049972765499289e-15,3.615416841732714e-14,1.3494991686367135e-08,0.0,0.0,0,1,floor,0,0,1
eb,26,9,7.73686670285656e-16,0.0,7.73686670285656e-16,0.0,0.038462542528198876,0.2745435523722248,3.0563288394390764e-15,3.599638445271794e-14,3.0563288394390764e-15,3.599638445271794e-14,5.840399796958624e-10,0.0,0.0,0,1,floor,0,0,1
eb,26,10,8.604228440844963e-16,0.0,8.604228440844963e-16,0.0,0.03846254252693688,0.27454355240674067,3.053514779580539e-15,3.6095953936063e-14,3.053514779580539e-15,3.6095953936063e-14,2.527582392554075e-11,0.0,0.0,0,1,floor,0,0,1
eb,27,0,0.0,0.0,0.0,0.0,0.0,0.0,0.0,0.0,0.0,0.0,0.0,0.0,0.0,0,1,floor,0,0,1
eb,27,1,7.979727989493313e-17,0.0,7.979727989493313e-17,0.0,0.011764437308600694,1.045654894575938e-05,3.0522638789036503e-15,3.620737725887167e-14,3.0522638789036503e-15,3.620737725887167e-14,0.23528874617201387,3.6500241499888623e-06,0.0,0,1,floor,0,0,1
eb,27,2,1.6653345369377348e-16,0.0,1.6653345369377348e-16,0.0,0.04216662588419015,0.0662856487992957,3.0514179698244616e-15,3.612185535859091e-14,3.0514179698244616e-15,3.612185535859091e-14,0.6080444701454168,0.023134300720626087,0.0,0,1,floor,0,0,1
eb,27,3,2.5326962749261384e-16,0.0,2.5326962749261384e-16,0.0,0.03870459798095383,0.26565476523627524,3.0522883826892616e-15,3.615788912488063e-14,3.0522883826892616e-15,3.615788912488063e-14,0.06943845326592954,0.06959295263307137,0.0,0,1,floor,0,0,1
eb,27,4,3.400058012914542e-16,0.0,3.400058012914542e-16,0.0,0.038510459511091,0.27417653745097564,3.0524273355371e-15,3.6177350459725215e-14,3.0524273355371e-15,3.6177350459725215e-14,0.0038896314486389916,0.0029746599881648613,0.0,0,1,floor,0,0,1
eb,27,5,4.2674197509029455e-16,0.0,4.2674197509029455e-16,0.0,0.03850219319444034,0.2745279440516996,3.0515404063576523e-15,3.618390998616174e-14,3.0515404063576523e-15,3.618390998616174e-14,0.00016560221928753888,0.00012265819127572165,0.0,0,1,floor,0,0,1
eb,27,6,5.134781488891349e-16,0.0,5.134781488891349e-16,0.0,0.03850183561466975,0.2745428881048784,3.0502822819928117e-15,3.6221693769877536e-14,3.0502822819928117e-15,3.6221693769877536e-14,7.163159011091909e-06,5.057621821307297e-06,0.0,0,1,floor,0,0,1
eb,27,7,6.002143226879753e-16,0.0,6.002143226879753e-16,0.0,0.03850182013838989,0.2745435241435238,3.0547712004776386e-15,3.601582827928983e-14,3.0547712004776386e-15,3.601582827928983e-14,3.10010777436354e-07,0.0,0.0,0,1,floor,0,0,1
eb,27,8,6.869504964868156e-16,0.0,6.869504964868156e-16,0.0,0.03850181946853098,0.2745435512119594,3.049972765499289e-15,3.615416841732714e-14,3.049972765499289e-15,3.615416841732714e-14,1.3417531432969673e-08,0.0,0.0,0,1,floor,0,0,1
eb,27,9,7.73686670285656e-16,0.0,7.73686670285656e-16,0.0,0.03850181943953651,0.2745435523722248,3.0563288394390764e-15,3.599638445271794e-14,3.0563288394390764e-15,3.599638445271794e-14,5.807431099361089e-10,0.0,0.0,0,1,floor,0,0,1
eb,27,10,8.604228440844963e-16,0.0,8.604228440844963e-16,0.0,0.03850181943828155,0.27454355240674067,3.053514779580539e-15,3.6095953936063e-14,3.053514779580539e-15,3.6095953936063e-14,2.5135267218238377e-11,0.0,0.0,0,1,floor,0,0,1
eb,28,0,0.0,0.0,0.0,0.0,0.0,0.0,0.0,0.0,0.0,0.0,0.0,0.0,0.0,0,1,floor,0,0,1
eb,28,1,7.979727989493313e-17,0.0,7.979727989493313e-17,0.0,0.011764437235049207,1.045654894575938e-05,3.0522638789036503e-15,3.620737725887167e-14,3.0522638789036503e-15,3.620737725887167e-14,0.23528874470098413,3.6500241499888623e-06,0.0,0,1,floor,0,0,1
eb,28,2,1.6653345369377348e-16,0.0,1.6653345369377348e-16,0.0,0.04216763236709311,0.0662856487992957,3.0514179698244616e-15,3.612185535859091e-14,3.0514179698244616e-15,3.612185535859091e-14,0.6080646012437728,0.023134300720626087,0.0,0,1,floor,0,0,1
eb,28,3,2.5326962749261384e-16,0.0,2.5326962749261384e-16,0.0,0.03870865984188048,0.26565476523627524,3.0522883826892616e-15,3.615788912488063e-14,3.0522883826892616e-15,3.615788912488063e-14,0.06937750771644081,0.06959295263307137,0.0,0,1,floor,0,0,1
eb,28,4,3.400058012914542e-16,0.0,3.400058012914542e-16,0.0,0.038514650703306605,0.27417653745097564,3.0524273355371e-15,3.6177350459725215e-14,3.0524273355371e-15,3.6177350459725215e-14,0.0038870486173394983,0.0029746599881648613,0.0,0,1,floor,0,0,1
eb,28,5,4.2674197509029455e-16,0.0,4.2674197509029455e-16,0.0,0.038506389636736235,0.2745279440516996,3.0515404063576523e-15,3.618390998616174e-14,3.0515404063576523e-15,3.618390998616174e-14,0.0001654973612503611,0.00012265819127572165,0.0,0,1,floor,0,0,1
eb,28,6,5.134781488891349e-16,0.0,5.134781488891349e-16,0.0,0.03850603227729349,0.2745428881048784,3.0502822819928117e-15,3.6221693769877536e-14,3.0502822819928117e-15,3.6221693769877536e-14,7.158758262334742e-06,5.057621821307297e-06,0.0,0,1,floor,0,0,1
eb,28,7,6.002143226879753e-16,0.0,6.002143226879753e-16,0.0,0.038506016810264776,0.2745435241435238,3.0547712004776386e-15,3.601582827928983e-14,3.0547712004776386e-15,3.601582827928983e-14,3.0982598954970916e-07,0.0,0.0,0,1,floor,0,0,1
eb,28,8,6.869504964868156e-16,0.0,6.869504964868156e-16,0.0,0.038506016140794054,0.2745435512119594,3.049972765499289e-15,3.615416841732714e-14,3.049972765499289e-15,3.615416841732714e-14,1.340977710082101e-08,0.0,0.0,0,1,floor,0,0,1
eb,28,9,7.73686670285656e-16,0.0,7.73686670285656e-16,0.0,0.03850601611181588,0.2745435523722248,3.0563288394390764e-15,3.599638445271794e-14,3.0563288394390764e-15,3.599638445271794e-14,5.804176701654385e-10,0.0,0.0,0,1,floor,0,0,1
eb,28,10,8.604228440844963e-16,0.0,8.604228440844963e-16,0.0,0.0385060161105616,0.27454355240674067,3.053514779580539e-15,3.6095953936063e-14,3.053514779580539e-15,3.6095953936063e-14,2.5121680561429337e-11,0.0,0.0,0,1,floor,0,0,1
eb,29,0,0.0,0.0,0.0,0.0,0.0,0.0,0.0,0.0,0.0,0.0,0.0,0.0,0.0,0,1,floor,0,0,1
eb,29,1,7.979727989493313e-17,0.0,7.979727989493313e-17,0.0,0.011764434658836722,1.045654894575938e-05,3.0522638789036503e-15,3.620737725887167e-14,3.0522638789036503e-15,3.620737725887167e-14,0.23528869317673443,3.6500241499888623e-06,0.0,0,1,floor,0,0,1
eb,29,2,1.6653345369377348e-16,0.0,1.6653345369377348e-16,0.0,0.04215131215963835,0.0662856487992957,3.0514179698244616e-15,3.612185535859091e-14,3.0514179698244616e-15,3.612185535859091e-14,0.6077382491163061,0.023134300720626087,0.0,0,1,floor,0,0,1
eb,29,3,2.5326962749261384e-16,0.0,2.5326962749261384e-16,0.0,0.03864324550035954,0.26565476523627524,3.0522883826892616e-15,3.615788912488063e-14,3.0522883826892616e-15,3.615788912488063e-14,0.07035682177173788,0.06959295263307137,0.0,0,1,floor,0,0,1
eb,29,4,3.400058012914542e-16,0.0,3.400058012914542e-16,0.0,0.03844713837162727,0.27417653745097564,3.0524273355371e-15,3.6177350459725215e-14,3.0524273355371e-15,3.6177350459725215e-14,0.003928947500949125,0.0029746599881648613,0.0,0,1,floor,0,0,1
eb,29,5,4.2674197509029455e-16,0.0,4.2674197509029455e-16,0.0,0.03843879081737736,0.2745279440516996,3.0515404063576523e-15,3.618390998616174e-14,3.0515404063576523e-15,3.618390998616174e-14,0.0001672247717571565,0.00012265819127572165,0.0,0,1,floor,0,0,1
eb,29,6,5.134781488891349e-16,0.0,5.134781488891349e-16,0.0,0.03843842978082912,0.2745428881048784,3.0502822819928117e-15,3.6221693769877536e-14,3.0502822819928117e-15,3.6221693769877536e-14,7.232204263026116e-06,5.057621821307297e-06,0.0,0,1,floor,0,0,1
eb,29,7,6.002143226879753e-16,0.0,6.002143226879753e-16,0.0,0.03843841415733551,0.2745435241435238,3.0547712004776386e-15,3.601582827928983e-14,3.0547712004776386e-15,3.601582827928983e-14,3.1295133943139567e-07,0.0,0.0,0,1,floor,0,0,1
eb,29,8,6.869504964868156e-16,0.0,6.869504964868156e-16,0.0,0.03843841348120772,0.2745435512119594,3.049972765499289e-15,3.615416841732714e-14,3.049972765499289e-15,3.615416841732714e-14,1.3542756603006166e-08,0.0,0.0,0,1,floor,0,0,1
eb,29,9,7.73686670285656e-16,0.0,7.73686670285656e-16,0.0,0.03843841345194634,0.2745435523722248,3.0563288394390764e-15,3.599638445271794e-14,3.0563288394390764e-15,3.599638445271794e-14,5.860750310060729e-10,0.0,0.0,0,1,floor,0,0,1
eb,29,10,8.604228440844963e-16,0.0,8.604228440844963e-16,0.0,0.03843841345068001,0.27454355240674067,3.053514779580539e-15,3.6095953936063e-14,3.053514779580539e-15,3.6095953936063e-14,2.5362311526583113e-11,0.0,0.0,0,1,floor,0,0,1
eb,30,0,0.0,0.0,0.0,0.0,0.0,0.0,0.0,0.0,0.0,0.0,0.0,0.0,0.0,0,1,floor,0,0,1
eb,30,1,7.979727989493313e-17,0.0,7.979727989493313e-17,0.0,0.011764433885142261,1.045654894575938e-05,3.0522638789036503e-15,3.620737725887167e-14,3.0522638789036503e-15,3.620737725887167e-14,0.2352886777028452,3.6500241499888623e-06,0.0,0,1,floor,0,0,1
eb,30,2,1.6653345369377348e-16,0.0,1.6653345369377348e-16,0.0,0.042146115532821916,0.0662856487992957,3.0514179698244616e-15,3.612185535859091e-14,3.0514179698244616e-15,3.612185535859091e-14,0.6076343322123915,0.023134300720626087,0.0,0,1,floor,0,0,1
eb,30,3,2.5326962749261384e-16,0.0,2.5326962749261384e-16,0.0,0.03862241092720187,0.26565476523627524,3.0522883826892616e-15,3.615788912488063e-14,3.0522883826892616e-15,3.615788912488063e-14,0.07066877765058546,0.06959295263307137,0.0,0,1,floor,0,0,1
eb,30,4,3.400058012914542e-16,0.0,3.400058012914542e-16,0.0,0.038425635774264486,0.27417653745097564,3.0524273355371e-15,3.6177350459725215e-14,3.0524273355371e-15,3.6177350459725215e-14,0.0039422888753090695,0.0029746599881648613,0.0,0,1,floor,0,0,1
eb,30,5,4.2674197509029455e-16,0.0,4.2674197509029455e-16,0.0,0.038417260697684065,0.2745279440516996,3.0515404063576523e-15,3.618390998616174e-14,3.0515404063576523e-15,3.618390998616174e-14,0.00016777448355333107,0.00012265819127572165,0.0,0,1,floor,0,0,1
eb,30,6,5.134781488891349e-16,0.0,5.134781488891349e-16,0.0,0.03841689849157634,0.2745428881048784,3.0502822819928117e-15,3.6221693769877536e-14,3.0502822819928117e-15,3.6221693769877536e-14,7.255565321055905e-06,5.057621821307297e-06,0.0,0,1,floor,0,0,1
eb,30,7,6.002143226879753e-16,0.0,6.002143226879753e-16,0.0,0.03841688281834159,0.2745435241435238,3.0547712004776386e-15,3.601582827928983e-14,3.0547712004776386e-15,3.601582827928983e-14,3.139449250602305e-07,0.0,0.0,0,1,floor,0,0,1
eb,30,8,6.869504964868156e-16,0.0,6.869504964868156e-16,0.0,0.03841688214009852,0.2745435512119594,3.049972765499289e-15,3.615416841732714e-14,3.049972765499289e-15,3.615416841732714e-14,1.3585011084333853e-08,0.0,0.0,0,1,floor,0,0,1
eb,30,9,7.73686670285656e-16,0.0,7.73686670285656e-16,0.0,0.03841688211074721,0.2745435523722248,3.0563288394390764e-15,3.599638445271794e-14,3.0563288394390764e-15,3.599638445271794e-14,5.878716654778956e-10,0.0,0.0,0,1,floor,0,0,1
eb,30,10,8.604228440844963e-16,0.0,8.604228440844963e-16,0.0,0.038416882109477066,0.27454355240674067,3.053514779580539e-15,3.6095953936063e-14,3.053514779580539e-15,3.6095953936063e-14,2.543856476717994e-11,0.0,0.0,0,1,floor,0,0,1
eb,31,0,0.0,0.0,0.0,0.0,0.0,0.0,0.0,0.0,0.0,0.0,0.0,0.0,0.0,0,1,floor,0,0,1
eb,31,1,7.979727989493313e-17,0.0,7.979727989493313e-17,0.0,0.01176443836523131,1.045654894575938e-05,3.0522638789036503e-15,3.620737725887167e-14,3.0522638789036503e-15,3.620737725887167e-14,0.2352887673046262,3.6500241499888623e-06,0.0,0,1,floor,0,0,1
eb,31,2,1.6653345369377348e-16,0.0,1.6653345369377348e-16,0.0,0.0421744754174975,0.0662856487992957,3.0514179698244616e-15,3.612185535859091e-14,3.0514179698244616e-15,3.612185535859091e-14,0.6082014394398763,0.023134300720626087,0.0,0,1,floor,0,0,1
eb,31,3,2.5326962749261384e-16,0.0,2.5326962749261384e-16,0.0,0.03873608207089659,0.26565476523627524,3.0522883826892616e-15,3.615788912488063e-14,3.0522883826892616e-15,3.615788912488063e-14,0.06896702282390303,0.06959295263307137,0.0,0,1,floor,0,0,1
eb,31,4,3.400058012914542e-16,0.0,3.400058012914542e-16,0.0,0.038542952629738385,0.27417653745097564,3.0524273355371e-15,3.6177350459725215e-14,3.0524273355371e-15,3.6177350459725215e-14,0.0038694806283179188,0.0029746599881648613,0.0,0,1,floor,0,0,1
eb,31,5,4.2674197509029455e-16,0.0,4.2674197509029455e-16,0.0,0.038534727845391144,0.2745279440516996,3.0515404063576523e-15,3.618390998616174e-14,3.0515404063576523e-15,3.618390998616174e-14,0.00016477271533597295,0.00012265819127572165,0.0,0,1,floor,0,0,1
eb,31,6,5.134781488891349e-16,0.0,5.134781488891349e-16,0.0,0.03853437202914163,0.2745428881048784,3.0502822819928117e-15,3.6221693769877536e-14,3.0502822819928117e-15,3.6221693769877536e-14,7.1279353645735564e-06,5.057621821307297e-06,0.0,0,1,floor,0,0,1
eb,31,7,6.002143226879753e-16,0.0,6.002143226879753e-16,0.0,0.038534356627804155,0.2745435241435238,3.0547712004776386e-15,3.601582827928983e-14,3.0547712004776386e-15,3.601582827928983e-14,3.0851384815878e-07,0.0,0.0,0,1,floor,0,0,1
eb,31,8,6.869504964868156e-16,0.0,6.869504964868156e-16,0.0,0.03853435596112958,0.2745435512119594,3.049972765499289e-15,3.615416841732714e-14,3.049972765499289e-15,3.615416841732714e-14,1.3353923531604128e-08,0.0,0.0,0,1,floor,0,0,1
eb,31,9,7.73686670285656e-16,0.0,7.73686670285656e-16,0.0,0.03853435593227038,0.2745435523722248,3.0563288394390764e-15,3.599638445271794e-14,3.0563288394390764e-15,3.599638445271794e-14,5.780408226091997e-10,0.0,0.0,0,1,floor,0,0,1
eb,31,10,8.604228440844963e-16,0.0,8.604228440844963e-16,0.0,0.03853435593102116,0.27454355240674067,3.053514779580539e-15,3.6095953936063e-14,3.053514779580539e-15,3.6095953936063e-14,2.502052431715037e-11,0.0,0.0,0,1,floor,0,0,1
eb,32,0,0.0,0.0,0.0,0.0,0.0,0.0,0.0,0.0,0.0,0.0,0.0,0.0,0.0,0,1,floor,0,0,1
eb,32,1,7.979727989493313e-17,0.0,7.979727989493313e-17,0.0,0.011764433885587238,1.045654894575938e-05,3.0522638789036503e-15,3.620737725887167e-14,3.0522638789036503e-15,3.620737725887167e-14,0.23528867771174475,3.6500241499888623e-06,0.0,0,1,floor,0,0,1
eb,32,2,1.6653345369377348e-16,0.0,1.6653345369377348e-16,0.0,0.04214699634092663,0.0662856487992957,3.0514179698244616e-15,3.612185535859091e-14,3.0514179698244616e-15,3.612185535859091e-14,0.6076519483386685,0.023134300720626087,0.0,0,1,floor,0,0,1
eb,32,3,2.5326962749261384e-16,0.0,2.5326962749261384e-16,0.0,0.03862595787950235,0.26565476523627524,3.0522883826892616e-15,3.615788912488063e-14,3.0522883826892616e-15,3.615788912488063e-14,0.07061559117815644,0.06959295263307137,0.0,0,1,floor,0,0,1
eb,32,4,3.400058012914542e-16,0.0,3.400058012914542e-16,0.0,0.03842929592382128,0.27417653745097564,3.0524273355371e-15,3.6177350459725215e-14,3.0524273355371e-15,3.6177350459725215e-14,0.003940028158093844,0.0029746599881648613,0.0,0,1,floor,0,0,1
eb,32,5,4.2674197509029455e-16,0.0,4.2674197509029455e-16,0.0,0.03842092546510563,0.2745279440516996,3.0515404063576523e-15,3.618390998616174e-14,3.0515404063576523e-15,3.618390998616174e-14,0.0001676822491069305,0.00012265819127572165,0.0,0,1,floor,0,0,1
eb,32,6,5.134781488891349e-16,0.0,5.134781488891349e-16,0.0,0.03842056345361095,0.2745428881048784,3.0502822819928117e-15,3.6221693769877536e-14,3.0502822819928117e-15,3.6221693769877536e-14,7.251678054091449e-06,5.057621821307297e-06,0.0,0,1,floor,0,0,1
eb,32,7,6.002143226879753e-16,0.0,6.002143226879753e-16,0.0,0.03842054778858322,0.2745435241435238,3.0547712004776386e-15,3.601582827928983e-14,3.0547712004776386e-15,3.601582827928983e-14,3.1378098792235506e-07,0.0,0.0,0,1,floor,0,0,1
eb,32,8,6.869504964868156e-16,0.0,6.869504964868156e-16,0.0,0.03842054711068613,0.2745435512119594,3.049972765499289e-15,3.615416841732714e-14,3.049972765499289e-15,3.615416841732714e-14,1.3578099748461115e-08,0.0,0.0,0,1,floor,0,0,1
eb,32,9,7.73686670285656e-16,0.0,7.73686670285656e-16,0.0,0.03842054708134939,0.2745435523722248,3.0563288394390764e-15,3.599638445271794e-14,3.0563288394390764e-15,3.599638445271794e-14,5.875805981777008e-10,0.0,0.0,0,1,floor,0,0,1
eb,32,10,8.604228440844963e-16,0.0,8.604228440844963e-16,0.0,0.03842054708007986,0.27454355240674067,3.053514779580539e-15,3.6095953936063e-14,3.053514779580539e-15,3.6095953936063e-14,2.542636436621692e-11,0.0,0.0,0,1,floor,0,0,1
eb,33,0,0.0,0.0,0.0,0.0,0.0,0.0,0.0,0.0,0.0,0.0,0.0,0.0,0.0,0,1,floor,0,0,1
eb,33,1,7.979727989493313e-17,0.0,7.979727989493313e-17,0.0,0.011764434523318164,1.045654894575938e-05,3.0522638789036503e-15,3.620737725887167e-14,3.0522638789036503e-15,3.620737725887167e-14,0.23528869046636328,3.6500241499888623e-06,0.0,0,1,floor,0,0,1
eb,33,2,1.6653345369377348e-16,0.0,1.6653345369377348e-16,0.0,0.04215103686828625,0.0662856487992957,3.0514179698244616e-15,3.612185535859091e-14,3.0514179698244616e-15,3.612185535859091e-14,0.607732746008,0.023134300720626087,0.0,0,1,floor,0,0,1
eb,33,3,2.5326962749261384e-16,0.0,2.5326962749261384e-16,0.0,0.038642153052749095,0.26565476523627524,3.0522883826892616e-15,3.615788912488063e-14,3.0522883826892616e-15,3.615788912488063e-14,0.07037312275995411,0.06959295263307137,0.0,0,1,floor,0,0,1
eb,33,4,3.400058012914542e-16,0.0,3.400058012914542e-16,0.0,0.03844601051354479,0.27417653745097564,3.0524273355371e-15,3.6177350459725215e-14,3.0524273355371e-15,3.6177350459725215e-14,0.003929654693537412,0.0029746599881648613,0.0,0,1,floor,0,0,1
eb,33,5,4.2674197509029455e-16,0.0,4.2674197509029455e-16,0.0,0.038437661467257585,0.2745279440516996,3.0515404063576523e-15,3.618390998616174e-14,3.0515404063576523e-15,3.618390998616174e-14,0.00016725457247501255,0.00012265819127572165,0.0,0,1,floor,0,0,1
eb,33,6,5.134781488891349e-16,0.0,5.134781488891349e-16,0.0,0.03843730036613151,0.2745428881048784,3.0502822819928117e-15,3.6221693769877536e-14,3.0502822819928117e-15,3.6221693769877536e-14,7.233494146478449e-06,5.057621821307297e-06,0.0,0,1,floor,0,0,1
eb,33,7,6.002143226879753e-16,0.0,6.002143226879753e-16,0.0,0.03843728473984092,0.2745435241435238,3.0547712004776386e-15,3.601582827928983e-14,3.0547712004776386e-15,3.601582827928983e-14,3.1300720900351737e-07,0.0,0.0,0,1,floor,0,0,1
eb,33,8,6.869504964868156e-16,0.0,6.869504964868156e-16,0.0,0.038437284063591974,0.2745435512119594,3.049972765499289e-15,3.615416841732714e-14,3.049972765499289e-15,3.615416841732714e-14,1.3545176598110693e-08,0.0,0.0,0,1,floor,0,0,1
eb,33,9,7.73686670285656e-16,0.0,7.73686670285656e-16,0.0,0.03843728403432535,0.2745435523722248,3.0563288394390764e-15,3.599638445271794e-14,3.0563288394390764e-15,3.599638445271794e-14,5.861798163479861e-10,0.0,0.0,0,1,floor,0,0,1
eb,33,10,8.604228440844963e-16,0.0,8.604228440844963e-16,0.0,0.03843728403305881,0.27454355240674067,3.053514779580539e-15,3.6095953936063e-14,3.053514779580539e-15,3.6095953936063e-14,2.536674846544651e-11,0.0,0.0,0,1,floor,0,0,1
eb,34,0,0.0,0.0,0.0,0.0,0.0,0.0,0.0,0.0,0.0,0.0,0.0,0.0,0.0,0,1,floor,0,0,1
eb,34,1,7.979727989493313e-17,0.0,7.979727989493313e-17,0.0,0.011764438114480264,1.045654894575938e-05,3.0522638789036503e-15,3.620737725887167e-14,3.0522638789036503e-15,3.620737725887167e-14,0.23528876228960527,3.6500241499888623e-06,0.0,0,1,floor,0,0,1
eb,34,2,1.6653345369377348e-16,0.0,1.6653345369377348e-16,0.0,0.042173651881197594,0.0662856487992957,3.0514179698244616e-15,3.612185535859091e-14,3.0514179698244616e-15,3.612185535859091e-14,0.6081849737539278,0.023134300720626087,0.0,0,1,floor,0,0,1
eb,34,3,2.5326962749261384e-16,0.0,2.5326962749261384e-16,0.0,0.03873279557677387,0.26565476523627524,3.0522883826892616e-15,3.615788912488063e-14,3.0522883826892616e-15,3.615788912488063e-14,0.06901614979683825,0.06959295263307137,0.0,0,1,floor,0,0,1
eb,34,4,3.400058012914542e-16,0.0,3.400058012914542e-16,0.0,0.0385395602406568,0.27417653745097564,3.0524273355371e-15,3.6177350459725215e-14,3.0524273355371e-15,3.6177350459725215e-14,0.003871595388895946,0.0029746599881648613,0.0,0,1,floor,0,0,1
eb,34,5,4.2674197509029455e-16,0.0,4.2674197509029455e-16,0.0,0.03853133104855763,0.2745279440516996,3.0515404063576523e-15,3.618390998616174e-14,3.0515404063576523e-15,3.618390998616174e-14,0.00016486074849451755,0.00012265819127572165,0.0,0,1,floor,0,0,1
eb,34,6,5.134781488891349e-16,0.0,5.134781488891349e-16,0.0,0.038530975043409924,0.2745428881048784,3.0502822819928117e-15,3.6221693769877536e-14,3.0502822819928117e-15,3.6221693769877536e-14,7.1317082885816595e-06,5.057621821307297e-06,0.0,0,1,floor,0,0,1
eb,34,7,6.002143226879753e-16,0.0,6.002143226879753e-16,0.0,0.03853095963397018,0.2745435241435238,3.0547712004776386e-15,3.601582827928983e-14,3.0547712004776386e-15,3.601582827928983e-14,3.0867568486965603e-07,0.0,0.0,0,1,floor,0,0,1
eb,34,8,6.869504964868156e-16,0.0,6.869504964868156e-16,0.0,0.03853095896694805,0.2745435512119594,3.049972765499289e-15,3.615416841732714e-14,3.049972765499289e-15,3.615416841732714e-14,1.3360865874573925e-08,0.0,0.0,0,1,floor,0,0,1
eb,34,9,7.73686670285656e-16,0.0,7.73686670285656e-16,0.0,0.03853095893807395,0.2745435523722248,3.0563288394390764e-15,3.599638445271794e-14,3.0563288394390764e-15,3.599638445271794e-14,5.783385574058837e-10,0.0,0.0,0,1,floor,0,0,1
eb,34,10,8.604228440844963e-16,0.0,8.604228440844963e-16,0.0,0.038530958936824095,0.27454355240674067,3.053514779580539e-15,3.6095953936063e-14,3.053514779580539e-15,3.6095953936063e-14,2.5033279008584257e-11,0.0,0.0,0,1,floor,0,0,1
eb,35,0,0.0,0.0,0.0,0.0,0.0,0.0,0.0,0.0,0.0,0.0,0.0,0.0,0.0,0,1,floor,0,0,1
eb,35,1,7.979727989493313e-17,0.0,7.979727989493313e-17,0.0,0.011764437766560831,1.045654894575938e-05,3.0522638789036503e-15,3.620737725887167e-14,3.0522638789036503e-15,3.620737725887167e-14,0.23528875533121663,3.6500241499888623e-06,0.0,0,1,floor,0,0,1
eb,35,2,1.6653345369377348e-16,0.0,1.6653345369377348e-16,0.0,0.042169908445935836,0.0662856487992957,3.0514179698244616e-15,3.612185535859091e-14,3.0514179698244616e-15,3.612185535859091e-14,0.6081101121211373,0.023134300720626087,0.0,0,1,floor,0,0,1
eb,35,3,2.5326962749261384e-16,0.0,2.5326962749261384e-16,0.0,0.03871776225616008,0.26565476523627524,3.0522883826892616e-15,3.615788912488063e-14,3.0522883826892616e-15,3.615788912488063e-14,0.069241343982209,0.06959295263307137,0.0,0,1,floor,0,0,1
eb,35,4,3.400058012914542e-16,0.0,3.400058012914542e-16,0.0,0.03852404575127208,0.27417653745097564,3.0524273355371e-15,3.6177350459725215e-14,3.0524273355371e-15,3.6177350459725215e-14,0.003881204552208125,0.0029746599881648613,0.0,0,1,floor,0,0,1
eb,35,5,4.2674197509029455e-16,0.0,4.2674197509029455e-16,0.0,0.03851579680862658,0.2745279440516996,3.0515404063576523e-15,3.618390998616174e-14,3.0515404063576523e-15,3.618390998616174e-14,0.0001652552154868274,0.00012265819127572165,0.0,0,1,floor,0,0,1
eb,35,6,5.134781488891349e-16,0.0,5.134781488891349e-16,0.0,0.038515439966781126,0.2745428881048784,3.0502822819928117e-15,3.6221693769877536e-14,3.0502822819928117e-15,3.6221693769877536e-14,7.1484200215344606e-06,5.057621821307297e-06,0.0,0,1,floor,0,0,1
eb,35,7,6.002143226879753e-16,0.0,6.002143226879753e-16,0.0,0.03851542452186867,0.2745435241435238,3.0547712004776386e-15,3.601582827928983e-14,3.0547712004776386e-15,3.601582827928983e-14,3.093842298017723e-07,0.0,0.0,0,1,floor,0,0,1
eb,35,8,6.869504964868156e-16,0.0,6.869504964868156e-16,0.0,0.03851542385334293,0.2745435512119594,3.049972765499289e-15,3.615416841732714e-14,3.049972765499289e-15,3.615416841732714e-14,1.3390900831833356e-08,0.0,0.0,0,1,floor,0,0,1
eb,35,9,7.73686670285656e-16,0.0,7.73686670285656e-16,0.0,0.03851542382440513,0.2745435523722248,3.0563288394390764e-15,3.599638445271794e-14,3.0563288394390764e-15,3.599638445271794e-14,5.796112695856998e-10,0.0,0.0,0,1,floor,0,0,1
eb,35,10,8.604228440844963e-16,0.0,8.604228440844963e-16,0.0,0.03851542382315257,0.27454355240674067,3.053514779580539e-15,3.6095953936063e-14,3.053514779580539e-15,3.6095953936063e-14,2.5087297888956982e-11,0.0,0.0,0,1,floor,0,0,1
eb,36,0,0.0,0.0,0.0,0.0,0.0,0.0,0.0,0.0,0.0,0.0,0.0,0.0,0.0,0,1,floor,0,0,1
eb,36,1,7.979727989493313e-17,0.0,7.979727989493313e-17,0.0,0.011764438405252087,1.045654894575938e-05,3.0522638789036503e-15,3.620737725887167e-14,3.0522638789036503e-15,3.620737725887167e-14,0.23528876810504173,3.6500241499888623e-06,0.0,0,1,floor,0,0,1
eb,36,2,1.6653345369377348e-16,0.0,1.6653345369377348e-16,0.0,0.042175027933561884,0.0662856487992957,3.0514179698244616e-15,3.612185535859091e-14,3.0514179698244616e-15,3.612185535859091e-14,0.6082124889439143,0.023134300720626087,0.0,0,1,floor,0,0,1
eb,36,3,2.5326962749261384e-16,0.0,2.5326962749261384e-16,0.0,0.038738302279016645,0.26565476523627524,3.0522883826892616e-15,3.615788912488063e-14,3.0522883826892616e-15,3.615788912488063e-14,0.06893375860017256,0.06959295263307137,0.0,0,1,floor,0,0,1
eb,36,4,3.400058012914542e-16,0.0,3.400058012914542e-16,0.0,0.038545243853824664,0.27417653745097564,3.0524273355371e-15,3.6177350459725215e-14,3.0524273355371e-15,3.6177350459725215e-14,0.0038680624152591515,0.0029746599881648613,0.0,0,1,floor,0,0,1
eb,36,5,4.2674197509029455e-16,0.0,4.2674197509029455e-16,0.0,0.03853702198049894,0.2745279440516996,3.0515404063576523e-15,3.618390998616174e-14,3.0515404063576523e-15,3.618390998616174e-14,0.0001647145753943076,0.00012265819127572165,0.0,0,1,floor,0,0,1
eb,36,6,5.134781488891349e-16,0.0,5.134781488891349e-16,0.0,0.038536666287428585,0.2745428881048784,3.0502822819928117e-15,3.6221693769877536e-14,3.0502822819928117e-15,3.6221693769877536e-14,7.125475065339471e-06,5.057621821307297e-06,0.0,0,1,floor,0,0,1
eb,36,7,6.002143226879753e-16,0.0,6.002143226879753e-16,0.0,0.03853665089130733,0.2745435241435238,3.0547712004776386e-15,3.601582827928983e-14,3.0547712004776386e-15,3.601582827928983e-14,3.0840965796689406e-07,0.0,0.0,0,1,floor,0,0,1
eb,36,8,6.869504964868156e-16,0.0,6.869504964868156e-16,0.0,0.03853665022485357,0.2745435512119594,3.049972765499289e-15,3.615416841732714e-14,3.049972765499289e-15,3.615416841732714e-14,1.334951253313089e-08,0.0,0.0,0,1,floor,0,0,1
eb,36,9,7.73686670285656e-16,0.0,7.73686670285656e-16,0.0,0.03853665019600373,0.2745435523722248,3.0563288394390764e-15,3.599638445271794e-14,3.0563288394390764e-15,3.599638445271794e-14,5.778540203508317e-10,0.0,0.0,0,1,floor,0,0,1
eb,36,10,8.604228440844963e-16,0.0,8.604228440844963e-16,0.0,0.03853665019475491,0.27454355240674067,3.053514779580539e-15,3.6095953936063e-14,3.053514779580539e-15,3.6095953936063e-14,2.5012458202695252e-11,0.0,0.0,0,1,floor,0,0,1
eb,37,0,0.0,0.0,0.0,0.0,0.0,0.0,0.0,0.0,0.0,0.0,0.0,0.0,0.0,0,1,floor,0,0,1
eb,37,1,7.979727989493313e-17,0.0,7.979727989493313e-17,0.0,0.011764437541710955,1.045654894575938e-05,3.0522638789036503e-15,3.620737725887167e-14,3.0522638789036503e-15,3.620737725887167e-14,0.23528875083421907,3.6500241499888623e-06,0.0,0,1,floor,0,0,1
eb,37,2,1.6653345369377348e-16,0.0,1.6653345369377348e-16,0.0,0.042170223695868564,0.0662856487992957,3.0514179698244616e-15,3.612185535859091e-14,3.0514179698244616e-15,3.612185535859091e-14,0.6081164216070979,0.023134300720626087,0.0,0,1,floor,0,0,1
eb,37,3,2.5326962749261384e-16,0.0,2.5326962749261384e-16,0.0,0.03871905855686363,0.26565476523627524,3.0522883826892616e-15,3.615788912488063e-14,3.0522883826892616e-15,3.615788912488063e-14,0.0692217752654803,0.06959295263307137,0.0,0,1,floor,0,0,1
eb,37,4,3.400058012914542e-16,0.0,3.400058012914542e-16,0.0,0.03852538251432669,0.27417653745097564,3.0524273355371e-15,3.6177350459725215e-14,3.0524273355371e-15,3.6177350459725215e-14,0.0038803964962683653,0.0029746599881648613,0.0,0,1,floor,0,0,1
eb,37,5,4.2674197509029455e-16,0.0,4.2674197509029455e-16,0.0,0.03851713514343442,0.2745279440516996,3.0515404063576523e-15,3.618390998616174e-14,3.0515404063576523e-15,3.618390998616174e-14,0.00016522382344504087,0.00012265819127572165,0.0,0,1,floor,0,0,1
eb,37,6,5.134781488891349e-16,0.0,5.134781488891349e-16,0.0,0.038516778365005784,0.2745428881048784,3.0502822819928117e-15,3.6221693769877536e-14,3.0502822819928117e-15,3.6221693769877536e-14,7.147153354657287e-06,5.057621821307297e-06,0.0,0,1,floor,0,0,1
eb,37,7,6.002143226879753e-16,0.0,6.002143226879753e-16,0.0,0.038516762922645206,0.2745435241435238,3.0547712004776386e-15,3.601582827928983e-14,3.0547712004776386e-15,3.601582827928983e-14,3.0933325674445645e-07,0.0,0.0,0,1,floor,0,0,1
eb,37,8,6.869504964868156e-16,0.0,6.869504964868156e-16,0.0,0.03851676225422166,0.2745435512119594,3.049972765499289e-15,3.615416841732714e-14,3.049972765499289e-15,3.615416841732714e-14,1.3388859540051068e-08,0.0,0.0,0,1,floor,0,0,1
eb,37,9,7.73686670285656e-16,0.0,7.73686670285656e-16,0.0,0.03851676222528793,0.2745435523722248,3.0563288394390764e-15,3.599638445271794e-14,3.0563288394390764e-15,3.599638445271794e-14,5.795297774651347e-10,0.0,0.0,0,1,floor,0,0,1
eb,37,10,8.604228440844963e-16,0.0,8.604228440844963e-16,0.0,0.038516762224035536,0.27454355240674067,3.053514779580539e-15,3.6095953936063e-14,3.053514779580539e-15,3.6095953936063e-14,2.5083971127016782e-11,0.0,0.0,0,1,floor,0,0,1
eb,38,0,0.0,0.0,0.0,0.0,0.0,0.0,0.0,0.0,0.0,0.0,0.0,0.0,0.0,0,1,floor,0,0,1
eb,38,1,7.979727989493313e-17,0.0,7.979727989493313e-17,0.0,0.011764437144971938,1.045654894575938e-05,3.0522638789036503e-15,3.620737725887167e-14,3.0522638789036503e-15,3.620737725887167e-14,0.23528874289943874,3.6500241499888623e-06,0.0,0,1,floor,0,0,1
eb,38,2,1.6653345369377348e-16,0.0,1.6653345369377348e-16,0.0,0.04216637666587344,0.0662856487992957,3.0544050023514547e-15,3.599155220365676e-14,3.0544050023514547e-15,3.599155220365676e-14,0.6080394890592072,0.023134300720626087,0.0,0,1,floor,0,0,1
eb,38,3,2.5326962749261384e-16,0.0,2.5326962749261384e-16,0.0,0.03870361387864417,0.26565476523627524,3.049819857295691e-15,3.628454673620168e-14,3.049819857295691e-15,3.628454673620168e-14,0.06945311203049913,0.06959295263307137,0.0,0,1,floor,0,0,1
eb,38,4,3.400058012914542e-16,0.0,3.400058012914542e-16,0.0,0.038509443342572676,0.27417653745097564,3.0523838298522694e-15,3.616898730331993e-14,3.0523838298522694e-15,3.616898730331993e-14,0.0038902718319962985,0.0029746599881648613,0.0,0,1,floor,0,0,1
eb,38,5,4.2674197509029455e-16,0.0,4.2674197509029455e-16,0.0,0.03850117566045158,0.2745279440516996,3.052942551646401e-15,3.6162500165572146e-14,3.052942551646401e-15,3.6162500165572146e-14,0.00016562949127017958,0.00012265819127572165,0.0,0,1,floor,0,0,1
eb,38,6,5.134781488891349e-16,0.0,5.134781488891349e-16,0.0,0.03850081802108439,0.2745428881048784,3.055040573496892e-15,3.6073261475629027e-14,3.055040573496892e-15,3.6073261475629027e-14,7.16434936551177e-06,5.057621821307297e-06,0.0,0,1,floor,0,0,1
eb,38,7,6.002143226879753e-16,0.0,6.002143226879753e-16,0.0,0.0385008025422023,0.2745435241435238,3.055421940471083e-15,3.6092564241561244e-14,3.055421940471083e-15,3.6092564241561244e-14,3.100627552817063e-07,0.0,0.0,0,1,floor,0,0,1
eb,38,8,6.869504964868156e-16,0.0,6.869504964868156e-16,0.0,0.038500801872229776,0.2745435512119594,3.055548499778131e-15,3.6137135026039613e-14,3.055548499778131e-15,3.6137135026039613e-14,1.3419800869561982e-08,0.0,0.0,0,1,floor,0,0,1
eb,38,9,7.73686670285656e-16,0.0,7.73686670285656e-16,0.0,0.038500801843230355,0.2745435523722248,3.0510272143547547e-15,3.615183986451091e-14,3.0510272143547547e-15,3.615183986451091e-14,5.808420700641047e-10,0.0,0.0,0,1,floor,0,0,1
eb,38,10,8.604228440844963e-16,0.0,8.604228440844963e-16,0.0,0.03850080184197517,0.27454355240674067,3.0525377706966073e-15,3.625192825673658e-14,3.0525377706966073e-15,3.625192825673658e-14,2.5139703870774643e-11,0.0,0.0,0,1,floor,0,0,1
eb,39,0,0.0,0.0,0.0,0.0,0.0,0.0,0.0,0.0,0.0,0.0,0.0,0.0,0.0,0,1,floor,0,0,1
eb,39,1,7.979727989493313e-17,0.0,7.979727989493313e-17,0.0,0.011764434249446717,1.045654894575938e-05,3.0522638789036503e-15,3.620737725887167e-14,3.0522638789036503e-15,3.620737725887167e-14,0.23528868498893435,3.6500241499888623e-06,0.0,0,1,floor,0,0,1
eb,39,2,1.6653345369377348e-16,0.0,1.6653345369377348e-16,0.0,0.04215028023818772,0.0662856487992957,3.0544050023514547e-15,3.599155220365676e-14,3.0544050023514547e-15,3.599155220365676e-14,0.6077176189064818,0.023134300720626087,0.0,0,1,floor,0,0,1
eb,39,3,2.5326962749261384e-16,0.0,2.5326962749261384e-16,0.0,0.038639138744475124,0.26565476523627524,3.049819857295691e-15,3.628454673620168e-14,3.049819857295691e-15,3.628454673620168e-14,0.0704181600032949,0.06959295263307137,0.0,0,1,floor,0,0,1
eb,39,4,3.400058012914542e-16,0.0,3.400058012914542e-16,0.0,0.03844289890346501,0.27417653745097564,3.0523838298522694e-15,3.616898730331993e-14,3.0523838298522694e-15,3.616898730331993e-14,0.0039315979379714195,0.0029746599881648613,0.0,0,1,floor,0,0,1
eb,39,5,4.2674197509029455e-16,0.0,4.2674197509029455e-16,0.0,0.038434545791863055,0.2745279440516996,3.052942551646401e-15,3.6162500165572146e-14,3.052942551646401e-15,3.6162500165572146e-14,0.0001673357698446801,0.00012265819127572165,0.0,0,1,floor,0,0,1
eb,39,6,5.134781488891349e-16,0.0,5.134781488891349e-16,0.0,0.03843418451597986,0.2745428881048784,3.055040573496892e-15,3.6073261475629027e-14,3.055040573496892e-15,3.6073261475629027e-14,7.23698476810702e-06,5.057621821307297e-06,0.0,0,1,floor,0,0,1
eb,39,7,6.002143226879753e-16,0.0,6.002143226879753e-16,0.0,0.03843416888217074,0.2745435241435238,3.055421940471083e-15,3.6092564241561244e-14,3.055421940471083e-15,3.6092564241561244e-14,3.131573918376566e-07,0.0,0.0,0,1,floor,0,0,1
eb,39,8,6.869504964868156e-16,0.0,6.869504964868156e-16,0.0,0.03843416820559832,0.2745435512119594,3.055548499778131e-15,3.6137135026039613e-14,3.055548499778131e-15,3.6137135026039613e-14,1.3551638242042576e-08,0.0,0.0,0,1,floor,0,0,1
eb,39,9,7.73686670285656e-16,0.0,7.73686670285656e-16,0.0,0.03843416817631778,0.2745435523722248,3.0510272143547547e-15,3.615183986451091e-14,3.0510272143547547e-15,3.615183986451091e-14,5.864578749261437e-10,0.0,0.0,0,1,floor,0,0,1
eb,39,10,8.604228440844963e-16,0.0,8.604228440844963e-16,0.0,0.03843416817505062,0.27454355240674067,3.0525377706966073e-15,3.625192825673658e-14,3.0525377706966073e-15,3.625192825673658e-14,2.537894859742275e-11,0.0,0.0,0,1,floor,0,0,1
eb,40,0,0.0,0.0,0.0,0.0,0.0,0.0,0.0,0.0,0.0,0.0,0.0,0.0,0.0,0,1,floor,0,0,1
eb,40,1,7.979727989493313e-17,0.0,7.979727989493313e-17,0.0,0.011764438888978738,1.045654894575938e-05,3.0522638789036503e-15,3.620737725887167e-14,3.0522638789036503e-15,3.620737725887167e-14,0.23528877777957474,3.6500241499888623e-06,0.0,0,1,floor,0,0,1
eb,40,2,1.6653345369377348e-16,0.0,1.6653345369377348e-16,0.0,0.0421780838112438,0.0662856487992957,3.0514179698244616e-15,3.612185535859091e-14,3.0514179698244616e-15,3.612185535859091e-14,0.6082735967300146,0.023134300720626087,0.0,0,1,floor,0,0,1
eb,40,3,2.5326962749261384e-16,0.0,2.5326962749261384e-16,0.0,0.03875055062987338,0.26565476523627524,3.0522883826892616e-15,3.615788912488063e-14,3.0522883826892616e-15,3.615788912488063e-14,0.06875040467857901,0.06959295263307137,0.0,0,1,floor,0,0,1
eb,40,4,3.400058012914542e-16,0.0,3.400058012914542e-16,0.0,0.03855788504334141,0.27417653745097564,3.0524273355371e-15,3.6177350459725215e-14,3.0524273355371e-15,3.6177350459725215e-14,0.0038602173240252814,0.0029746599881648613,0.0,0,1,floor,0,0,1
eb,40,5,4.2674197509029455e-16,0.0,4.2674197509029455e-16,0.0,0.038549679364892904,0.2745279440516996,3.0515404063576523e-15,3.618390998616174e-14,3.0515404063576523e-15,3.618390998616174e-14,0.00016439112690512788,0.00012265819127572165,0.0,0,1,floor,0,0,1
eb,40,6,5.134781488891349e-16,0.0,5.134781488891349e-16,0.0,0.038549324360379764,0.2745428881048784,3.0502822819928117e-15,3.6221693769877536e-14,3.0502822819928117e-15,3.6221693769877536e-14,7.111722334965422e-06,5.057621821307297e-06,0.0,0,1,floor,0,0,1
eb,40,7,6.002143226879753e-16,0.0,6.002143226879753e-16,0.0,0.03854930899355808,0.2745435241435238,3.0547712004776386e-15,3.601582827928983e-14,3.0547712004776386e-15,3.601582827928983e-14,3.0782442263964086e-07,0.0,0.0,0,1,floor,0,0,1
eb,40,8,6.869504964868156e-16,0.0,6.869504964868156e-16,0.0,0.03854930832835096,0.2745435512119594,3.049972765499289e-15,3.615416841732714e-14,3.049972765499289e-15,3.615416841732714e-14,1.3324610861184055e-08,0.0,0.0,0,1,floor,0,0,1
eb,40,9,7.73686670285656e-16,0.0,7.73686670285656e-16,0.0,0.03854930829955416,0.2745435523722248,3.0563288394390764e-15,3.599638445271794e-14,3.0563288394390764e-15,3.599638445271794e-14,5.767945098915166e-10,0.0,0.0,0,1,floor,0,0,1
eb,40,10,8.604228440844963e-16,0.0,8.604228440844963e-16,0.0,0.03854930829830759,0.27454355240674067,3.053514779580539e-15,3.6095953936063e-14,3.053514779580539e-15,3.6095953936063e-14,2.496756496450922e-11,0.0,0.0,0,1,floor,0,0,1
eb,41,0,0.0,0.0,0.0,0.0,0.0,0.0,0.0,0.0,0.0,0.0,0.0,0.0,0.0,0,1,floor,0,0,1
eb,41,1,7.979727989493313e-17,0.0,7.979727989493313e-17,0.0,0.011764435307605686,1.045654894575938e-05,3.0522638789036503e-15,3.620737725887167e-14,3.0522638789036503e-15,3.620737725887167e-14,0.2352887061521137,3.6500241499888623e-06,0.0,0,1,floor,0,0,1
eb,41,2,1.6653345369377348e-16,0.0,1.6653345369377348e-16,0.0,0.04215542595336874,0.0662856487992957,3.0514179698244616e-15,3.612185535859091e-14,3.0514179698244616e-15,3.612185535859091e-14,0.6078205118901007,0.023134300720626087,0.0,0,1,floor,0,0,1
eb,41,3,2.5326962749261384e-16,0.0,2.5326962749261384e-16,0.0,0.03865973440157806,0.26565476523627524,3.0522883826892616e-15,3.615788912488063e-14,3.0522883826892616e-15,3.615788912488063e-14,0.07010996024335676,0.06959295263307137,0.0,0,1,floor,0,0,1
eb,41,4,3.400058012914542e-16,0.0,3.400058012914542e-16,0.0,0.03846415610775728,0.27417653745097564,3.0524273355371e-15,3.6177350459725215e-14,3.0524273355371e-15,3.6177350459725215e-14,0.0039183860286435895,0.0029746599881648613,0.0,0,1,floor,0,0,1
eb,41,5,4.2674197509029455e-16,0.0,4.2674197509029455e-16,0.0,0.038455830354017194,0.2745279440516996,3.0515404063576523e-15,3.618390998616174e-14,3.0515404063576523e-15,3.618390998616174e-14,0.00016678934729747258,0.00012265819127572165,0.0,0,1,floor,0,0,1
eb,41,6,5.134781488891349e-16,0.0,5.134781488891349e-16,0.0,0.03845547024433066,0.2745428881048784,3.0502822819928117e-15,3.6221693769877536e-14,3.0502822819928117e-15,3.6221693769877536e-14,7.213691057523813e-06,5.057621821307297e-06,0.0,0,1,floor,0,0,1
eb,41,7,6.002143226879753e-16,0.0,6.002143226879753e-16,0.0,0.03845545466027572,0.2745435241435238,3.0547712004776386e-15,3.601582827928983e-14,3.0547712004776386e-15,3.601582827928983e-14,3.121635531068221e-07,0.0,0.0,0,1,floor,0,0,1
eb,41,8,6.869504964868156e-16,0.0,6.869504964868156e-16,0.0,0.0384554539858259,0.2745435512119594,3.049972765499289e-15,3.615416841732714e-14,3.049972765499289e-15,3.615416841732714e-14,1.3509237656935699e-08,0.0,0.0,0,1,floor,0,0,1
eb,41,9,7.73686670285656e-16,0.0,7.73686670285656e-16,0.0,0.03845545395663591,0.2745435523722248,3.0563288394390764e-15,3.599638445271794e-14,3.0563288394390764e-15,3.599638445271794e-14,5.846490510607732e-10,0.0,0.0,0,1,floor,0,0,1
eb,41,10,8.604228440844963e-16,0.0,8.604228440844963e-16,0.0,0.0384554539553726,0.27454355240674067,3.053514779580539e-15,3.6095953936063e-14,3.053514779580539e-15,3.6095953936063e-14,2.5301863682769442e-11,0.0,0.0,0,1,floor,0,0,1
eb,42,0,0.0,0.0,0.0,0.0,0.0,0.0,0.0,0.0,0.0,0.0,0.0,0.0,0.0,0,1,floor,0,0,1
eb,42,1,7.979727989493313e-17,0.0,7.979727989493313e-17,0.0,0.011764435310970683,1.045654894575938e-05,3.0522638789036503e-15,3.620737725887167e-14,3.0522638789036503e-15,3.620737725887167e-14,0.23528870621941367,3.6500241499888623e-06,0.0,0,1,floor,0,0,1
eb,42,2,1.6653345369377348e-16,0.0,1.6653345369377348e-16,0.0,0.04215516385250514,0.0662856487992957,3.0514179698244616e-15,3.612185535859091e-14,3.0514179698244616e-15,3.612185535859091e-14,0.6078152698135342,0.023134300720626087,0.0,0,1,floor,0,0,1
eb,42,3,2.5326962749261384e-16,0.0,2.5326962749261384e-16,0.0,0.03865867852305414,0.26565476523627524,3.0522883826892616e-15,3.615788912488063e-14,3.0522883826892616e-15,3.615788912488063e-14,0.07012579456583287,0.06959295263307137,0.0,0,1,floor,0,0,1
eb,42,4,3.400058012914542e-16,0.0,3.400058012914542e-16,0.0,0.03846306654608453,0.27417653745097564,3.0524273355371e-15,3.6177350459725215e-14,3.0524273355371e-15,3.6177350459725215e-14,0.00391905871945133,0.0029746599881648613,0.0,0,1,floor,0,0,1
eb,42,5,4.2674197509029455e-16,0.0,4.2674197509029455e-16,0.0,0.038454739419471924,0.2745279440516996,3.0515404063576523e-15,3.618390998616174e-14,3.0515404063576523e-15,3.618390998616174e-14,0.00016681676779389175,0.00012265819127572165,0.0,0,1,floor,0,0,1
eb,42,6,5.134781488891349e-16,0.0,5.134781488891349e-16,0.0,0.0384543792519716,0.2745428881048784,3.0502822819928117e-15,3.6221693769877536e-14,3.0502822819928117e-15,3.6221693769877536e-14,7.214845832412929e-06,5.057621821307297e-06,0.0,0,1,floor,0,0,1
eb,42,7,6.002143226879753e-16,0.0,6.002143226879753e-16,0.0,0.03845436366548049,0.2745435241435238,3.0547712004776386e-15,3.601582827928983e-14,3.0547712004776386e-15,3.601582827928983e-14,3.122122156115676e-07,0.0,0.0,0,1,floor,0,0,1
eb,42,8,6.869504964868156e-16,0.0,6.869504964868156e-16,0.0,0.03845436299092806,0.2745435512119594,3.049972765499289e-15,3.615416841732714e-14,3.049972765499289e-15,3.615416841732714e-14,1.3511287313955798e-08,0.0,0.0,0,1,floor,0,0,1
eb,42,9,7.73686670285656e-16,0.0,7.73686670285656e-16,0.0,0.03845436296173374,0.2745435523722248,3.0563288394390764e-15,3.599638445271794e-14,3.0563288394390764e-15,3.599638445271794e-14,5.847355357523469e-10,0.0,0.0,0,1,floor,0,0,1
eb,42,10,8.604228440844963e-16,0.0,8.604228440844963e-16,0.0,0.03845436296047027,0.27454355240674067,3.053514779580539e-15,3.6095953936063e-14,3.053514779580539e-15,3.6095953936063e-14,2.530519090307209e-11,0.0,0.0,0,1,floor,0,0,1
eb,43,0,0.0,0.0,0.0,0.0,0.0,0.0,0.0,0.0,0.0,0.0,0.0,0.0,0.0,0,1,floor,0,0,1
eb,43,1,7.979727989493313e-17,0.0,7.979727989493313e-17,0.0,0.011764433969321456,1.045654894575938e-05,3.0522638789036503e-15,3.620737725887167e-14,3.0522638789036503e-15,3.620737725887167e-14,0.2352886793864291,3.6500241499888623e-06,0.0,0,1,floor,0,0,1
eb,43,2,1.6653345369377348e-16,0.0,1.6653345369377348e-16,0.0,0.04214688751359088,0.0662856487992957,3.0514179698244616e-15,3.612185535859091e-14,3.0514179698244616e-15,3.612185535859091e-14,0.6076497701206228,0.023134300720626087,0.0,0,1,floor,0,0,1
eb,43,3,2.5326962749261384e-16,0.0,2.5326962749261384e-16,0.0,0.03862550965545741,0.26565476523627524,3.0522883826892616e-15,3.615788912488063e-14,3.0522883826892616e-15,3.615788912488063e-14,0.07062236173169041,0.06959295263307137,0.0,0,1,floor,0,0,1
eb,43,4,3.400058012914542e-16,0.0,3.400058012914542e-16,0.0,0.03842883373320163,0.27417653745097564,3.0524273355371e-15,3.6177350459725215e-14,3.0524273355371e-15,3.6177350459725215e-14,0.0039403070914974855,0.0029746599881648613,0.0,0,1,floor,0,0,1
eb,43,5,4.2674197509029455e-16,0.0,4.2674197509029455e-16,0.0,0.038420462734103426,0.2745279440516996,3.0515404063576523e-15,3.618390998616174e-14,3.0515404063576523e-15,3.618390998616174e-14,0.00016769304242909996,0.00012265819127572165,0.0,0,1,floor,0,0,1
eb,43,6,5.134781488891349e-16,0.0,5.134781488891349e-16,0.0,0.03842010070088612,0.2745428881048784,3.0502822819928117e-15,3.6221693769877536e-14,3.0502822819928117e-15,3.6221693769877536e-14,7.25211195263785e-06,5.057621821307297e-06,0.0,0,1,floor,0,0,1
eb,43,7,6.002143226879753e-16,0.0,6.002143226879753e-16,0.0,0.038420085034987936,0.2745435241435238,3.0547712004776386e-15,3.601582827928983e-14,3.0547712004776386e-15,3.601582827928983e-14,3.137983755146926e-07,0.0,0.0,0,1,floor,0,0,1
eb,43,8,6.869504964868156e-16,0.0,6.869504964868156e-16,0.0,0.03842008435705615,0.2745435512119594,3.049972765499289e-15,3.615416841732714e-14,3.049972765499289e-15,3.615416841732714e-14,1.3578793041800145e-08,0.0,0.0,0,1,floor,0,0,1
eb,43,9,7.73686670285656e-16,0.0,7.73686670285656e-16,0.0,0.038420084327718027,0.2745435523722248,3.0563288394390764e-15,3.599638445271794e-14,3.0563288394390764e-15,3.599638445271794e-14,5.876080486659463e-10,0.0,0.0,0,1,floor,0,0,1
eb,43,10,8.604228440844963e-16,0.0,8.604228440844963e-16,0.0,0.038420084326448445,0.27454355240674067,3.053514779580539e-15,3.6095953936063e-14,3.053514779580539e-15,3.6095953936063e-14,2.5427448859556562e-11,0.0,0.0,0,1,floor,0,0,1
eb,44,0,0.0,0.0,0.0,0.0,0.0,0.0,0.0,0.0,0.0,0.0,0.0,0.0,0.0,0,1,floor,0,0,1
eb,44,1,7.979727989493313e-17,0.0,7.979727989493313e-17,0.0,0.011764434303969905,1.045654894575938e-05,3.0522638789036503e-15,3.620737725887167e-14,3.0522638789036503e-15,3.620737725887167e-14,0.2352886860793981,3.6500241499888623e-06,0.0,0,1,floor,0,0,1
eb,44,2,1.6653345369377348e-16,0.0,1.6653345369377348e-16,0.0,0.04214825028931844,0.0662856487992957,3.0514179698244616e-15,3.612185535859091e-14,3.0514179698244616e-15,3.612185535859091e-14,0.6076770189006736,0.023134300720626087,0.0,0,1,floor,0,0,1
eb,44,3,2.5326962749261384e-16,0.0,2.5326962749261384e-16,0.0,0.03863095766405037,0.26565476523627524,3.0522883826892616e-15,3.615788912488063e-14,3.0522883826892616e-15,3.615788912488063e-14,0.07054086643984879,0.06959295263307137,0.0,0,1,floor,0,0,1
eb,44,4,3.400058012914542e-16,0.0,3.400058012914542e-16,0.0,0.03843445695653896,0.27417653745097564,3.0524273355371e-15,3.6177350459725215e-14,3.0524273355371e-15,3.6177350459725215e-14,0.003936807801546131,0.0029746599881648613,0.0,0,1,floor,0,0,1
eb,44,5,4.2674197509029455e-16,0.0,4.2674197509029455e-16,0.0,0.038426093222406726,0.2745279440516996,3.0515404063576523e-15,3.618390998616174e-14,3.0515404063576523e-15,3.618390998616174e-14,0.0001675479368614893,0.00012265819127572165,0.0,0,1,floor,0,0,1
eb,44,6,5.134781488891349e-16,0.0,5.134781488891349e-16,0.0,0.0384257314995496,0.2745428881048784,3.0502822819928117e-15,3.6221693769877536e-14,3.0502822819928117e-15,3.6221693769877536e-14,7.245912738380303e-06,5.057621821307297e-06,0.0,0,1,floor,0,0,1
eb,44,7,6.002143226879753e-16,0.0,6.002143226879753e-16,0.0,0.038425715846921366,0.2745435241435238,3.0547712004776386e-15,3.601582827928983e-14,3.0547712004776386e-15,3.601582827928983e-14,3.1353330652131644e-07,0.0,0.0,0,1,floor,0,0,1
eb,44,8,6.869504964868156e-16,0.0,6.869504964868156e-16,0.0,0.038425715169556965,0.2745435512119594,3.049972765499289e-15,3.615416841732714e-14,3.049972765499289e-15,3.615416841732714e-14,1.356745891059728e-08,0.0,0.0,0,1,floor,0,0,1
eb,44,9,7.73686670285656e-16,0.0,7.73686670285656e-16,0.0,0.03842571514024311,0.2745435523722248,3.0563288394390764e-15,3.599638445271794e-14,3.0563288394390764e-15,3.599638445271794e-14,5.871234671527238e-10,0.0,0.0,0,1,floor,0,0,1
eb,44,10,8.604228440844963e-16,0.0,8.604228440844963e-16,0.0,0.03842571513897456,0.27454355240674067,3.053514779580539e-15,3.6095953936063e-14,3.053514779580539e-15,3.6095953936063e-14,2.5406677096210024e-11,0.0,0.0,0,1,floor,0,0,1
eb,45,0,0.0,0.0,0.0,0.0,0.0,0.0,0.0,0.0,0.0,0.0,0.0,0.0,0.0,0,1,floor,0,0,1
eb,45,1,7.979727989493313e-17,0.0,7.979727989493313e-17,0.0,0.01176443327183434,1.045654894575938e-05,3.0522638789036503e-15,3.620737725887167e-14,3.0522638789036503e-15,3.620737725887167e-14,0.23528866543668678,3.6500241499888623e-06,0.0,0,1,floor,0,0,1
eb,45,2,1.6653345369377348e-16,0.0,1.6653345369377348e-16,0.0,0.04214435475219887,0.0662856487992957,3.0544050023514547e-15,3.599155220365676e-14,3.0544050023514547e-15,3.599155220365676e-14,0.6075991289196991,0.023134300720626087,0.0,0,1,floor,0,0,1
eb,45,3,2.5326962749261384e-16,0.0,2.5326962749261384e-16,0.0,0.03861539336103031,0.26565476523627524,3.049819857295691e-15,3.628454673620168e-14,3.049819857295691e-15,3.628454673620168e-14,0.07077364503982363,0.06959295263307137,0.0,0,1,floor,0,0,1
eb,45,4,3.400058012914542e-16,0.0,3.400058012914542e-16,0.0,0.038418391779209436,0.27417653745097564,3.0523838298522694e-15,3.616898730331993e-14,3.0523838298522694e-15,3.616898730331993e-14,0.003946811005082473,0.0029746599881648613,0.0,0,1,floor,0,0,1
eb,45,5,4.2674197509029455e-16,0.0,4.2674197509029455e-16,0.0,0.038410007250745164,0.2745279440516996,3.052942551646401e-15,3.6162500165572146e-14,3.052942551646401e-15,3.6162500165572146e-14,0.00016796326983382795,0.00012265819127572165,0.0,0,1,floor,0,0,1
eb,45,6,5.134781488891349e-16,0.0,5.134781488891349e-16,0.0,0.038409644638620066,0.2745428881048784,3.055040573496892e-15,3.6073261475629027e-14,3.055040573496892e-15,3.6073261475629027e-14,7.263675241780153e-06,5.057621821307297e-06,0.0,0,1,floor,0,0,1
eb,45,7,6.002143226879753e-16,0.0,6.002143226879753e-16,0.0,0.038409628947929826,0.2745435241435238,3.055421940471083e-15,3.6092564241561244e-14,3.055421940471083e-15,3.6092564241561244e-14,3.142936016306797e-07,0.0,0.0,0,1,floor,0,0,1
eb,45,8,6.869504964868156e-16,0.0,6.869504964868156e-16,0.0,0.03840962826893631,0.2745435512119594,3.055548499778131e-15,3.6137135026039613e-14,3.055548499778131e-15,3.6137135026039613e-14,1.3600002164892092e-08,0.0,0.0,0,1,floor,0,0,1
eb,45,9,7.73686670285656e-16,0.0,7.73686670285656e-16,0.0,0.03840962823955273,0.2745435523722248,3.0510272143547547e-15,3.615183986451091e-14,3.0510272143547547e-15,3.615183986451091e-14,5.885162131921609e-10,0.0,0.0,0,1,floor,0,0,1
eb,45,10,8.604228440844963e-16,0.0,8.604228440844963e-16,0.0,0.03840962823828119,0.27454355240674067,3.0525377706966073e-15,3.625192825673658e-14,3.0525377706966073e-15,3.625192825673658e-14,2.5466546606249667e-11,0.0,0.0,0,1,floor,0,0,1
eb,46,0,0.0,0.0,0.0,0.0,0.0,0.0,0.0,0.0,0.0,0.0,0.0,0.0,0.0,0,1,floor,0,0,1
eb,46,1,7.979727989493313e-17,0.0,7.979727989493313e-17,0.0,0.011764437064244175,1.045654894575938e-05,3.0522638789036503e-15,3.620737725887167e-14,3.0522638789036503e-15,3.620737725887167e-14,0.2352887412848835,3.6500241499888623e-06,0.0,0,1,floor,0,0,1
eb,46,2,1.6653345369377348e-16,0.0,1.6653345369377348e-16,0.0,0.042165559734029454,0.0662856487992957,3.0544050023514547e-15,3.599155220365676e-14,3.0544050023514547e-15,3.599155220365676e-14,0.6080231520617831,0.023134300720626087,0.0,0,1,floor,0,0,1
eb,46,3,2.5326962749261384e-16,0.0,2.5326962749261384e-16,0.0,0.03870033372134875,0.26565476523627524,3.049819857295691e-15,3.628454673620168e-14,3.049819857295691e-15,3.628454673620168e-14,0.06950224619938476,0.06959295263307137,0.0,0,1,floor,0,0,1
eb,46,4,3.400058012914542e-16,0.0,3.400058012914542e-16,0.0,0.03850605817846368,0.27417653745097564,3.0523838298522694e-15,3.616898730331993e-14,3.0523838298522694e-15,3.616898730331993e-14,0.003892368891786935,0.0029746599881648613,0.0,0,1,floor,0,0,1
eb,46,5,4.2674197509029455e-16,0.0,4.2674197509029455e-16,0.0,0.03849778618444207,0.2745279440516996,3.052942551646401e-15,3.6162500165572146e-14,3.052942551646401e-15,3.6162500165572146e-14,0.00016571561146240486,0.00012265819127572165,0.0,0,1,floor,0,0,1
eb,46,6,5.134781488891349e-16,0.0,5.134781488891349e-16,0.0,0.03849742836234882,0.2745428881048784,3.055040573496892e-15,3.6073261475629027e-14,3.055040573496892e-15,3.6073261475629027e-14,7.1679990710826394e-06,5.057621821307297e-06,0.0,0,1,floor,0,0,1
eb,46,7,6.002143226879753e-16,0.0,6.002143226879753e-16,0.0,0.03849741287571728,0.2745435241435238,3.055421940471083e-15,3.6092564241561244e-14,3.055421940471083e-15,3.6092564241561244e-14,3.102175472846044e-07,0.0,0.0,0,1,floor,0,0,1
eb,46,8,6.869504964868156e-16,0.0,6.869504964868156e-16,0.0,0.038497412205416165,0.2745435512119594,3.055548499778131e-15,3.6137135026039613e-14,3.055548499778131e-15,3.6137135026039613e-14,1.3426364641663724e-08,0.0,0.0,0,1,floor,0,0,1
eb,46,9,7.73686670285656e-16,0.0,7.73686670285656e-16,0.0,0.038497412176402804,0.2745435523722248,3.0510272143547547e-15,3.615183986451091e-14,3.0510272143547547e-15,3.615183986451091e-14,5.811203996776351e-10,0.0,0.0,0,1,floor,0,0,1
eb,46,10,8.604228440844963e-16,0.0,8.604228440844963e-16,0.0,0.038497412175147044,0.27454355240674067,3.0525377706966073e-15,3.625192825673658e-14,3.0525377706966073e-15,3.625192825673658e-14,2.5151349402405152e-11,0.0,0.0,0,1,floor,0,0,1
eb,47,0,0.0,0.0,0.0,0.0,0.0,0.0,0.0,0.0,0.0,0.0,0.0,0.0,0.0,0,1,floor,0,0,1
eb,47,1,7.979727989493313e-17,0.0,7.979727989493313e-17,0.0,0.011764435951581217,1.045654894575938e-05,3.0522638789036503e-15,3.620737725887167e-14,3.0522638789036503e-15,3.620737725887167e-14,0.23528871903162432,3.6500241499888623e-06,0.0,0,1,floor,0,0,1
eb,47,2,1.6653345369377348e-16,0.0,1.6653345369377348e-16,0.0,0.04215975376507293,0.0662856487992957,3.0514179698244616e-15,3.612185535859091e-14,3.0514179698244616e-15,3.612185535859091e-14,0.6079070551127456,0.023134300720626087,0.0,0,1,floor,0,0,1
eb,47,3,2.5326962749261384e-16,0.0,2.5326962749261384e-16,0.0,0.03867708572249367,0.26565476523627524,3.0522883826892616e-15,3.615788912488063e-14,3.0522883826892616e-15,3.615788912488063e-14,0.06985016920056872,0.06959295263307137,0.0,0,1,floor,0,0,1
eb,47,4,3.400058012914542e-16,0.0,3.400058012914542e-16,0.0,0.038482063767066615,0.27417653745097564,3.0524273355371e-15,3.6177350459725215e-14,3.0524273355371e-15,3.6177350459725215e-14,0.003907275372407854,0.0029746599881648613,0.0,0,1,floor,0,0,1
eb,47,5,4.2674197509029455e-16,0.0,4.2674197509029455e-16,0.0,0.03847376093411806,0.2745279440516996,3.0515404063576523e-15,3.618390998616174e-14,3.0515404063576523e-15,3.618390998616174e-14,0.00016633155080252976,0.00012265819127572165,0.0,0,1,floor,0,0,1
eb,47,6,5.134781488891349e-16,0.0,5.134781488891349e-16,0.0,0.03847340179844437,0.2745428881048784,3.0502822819928117e-15,3.6221693769877536e-14,3.0502822819928117e-15,3.6221693769877536e-14,7.194236192204893e-06,5.057621821307297e-06,0.0,0,1,floor,0,0,1
eb,47,7,6.002143226879753e-16,0.0,6.002143226879753e-16,0.0,0.038473386255813834,0.2745435241435238,3.0547712004776386e-15,3.601582827928983e-14,3.0547712004776386e-15,3.601582827928983e-14,3.1133610772991115e-07,0.0,0.0,0,1,floor,0,0,1
eb,47,8,6.869504964868156e-16,0.0,6.869504964868156e-16,0.0,0.03847338558312558,0.2745435512119594,3.049972765499289e-15,3.615416841732714e-14,3.049972765499289e-15,3.615416841732714e-14,1.3474049079737598e-08,0.0,0.0,0,1,floor,0,0,1
eb,47,9,7.73686670285656e-16,0.0,7.73686670285656e-16,0.0,0.03847338555401048,0.2745435523722248,3.0563288394390764e-15,3.599638445271794e-14,3.0563288394390764e-15,3.599638445271794e-14,5.831529299069444e-10,0.0,0.0,0,1,floor,0,0,1
eb,47,10,8.604228440844963e-16,0.0,8.604228440844963e-16,0.0,0.038473385552750365,0.27454355240674067,3.053514779580539e-15,3.6095953936063e-14,3.053514779580539e-15,3.6095953936063e-14,2.5238113412492306e-11,0.0,0.0,0,1,floor,0,0,1
eb,48,0,0.0,0.0,0.0,0.0,0.0,0.0,0.0,0.0,0.0,0.0,0.0,0.0,0.0,0,1,floor,0,0,1
eb,48,1,7.979727989493313e-17,0.0,7.979727989493313e-17,0.0,0.011764435431054196,1.045654894575938e-05,3.0522638789036503e-15,3.620737725887167e-14,3.0522638789036503e-15,3.620737725887167e-14,0.23528870862108392,3.6500241499888623e-06,0.0,0,1,floor,0,0,1
eb,48,2,1.6653345369377348e-16,0.0,1.6653345369377348e-16,0.0,0.04215503253820014,0.0662856487992957,3.0544050023514547e-15,3.599155220365676e-14,3.0544050023514547e-15,3.599155220365676e-14,0.6078126411298145,0.023134300720626087,0.0,0,1,floor,0,0,1
eb,48,3,2.5326962749261384e-16,0.0,2.5326962749261384e-16,0.0,0.038658135412944994,0.26565476523627524,3.049819857295691e-15,3.628454673620168e-14,3.049819857295691e-15,3.628454673620168e-14,0.07013400909389281,0.06959295263307137,0.0,0,1,floor,0,0,1
eb,48,4,3.400058012914542e-16,0.0,3.400058012914542e-16,0.0,0.03846250658789663,0.27417653745097564,3.0523838298522694e-15,3.616898730331993e-14,3.0523838298522694e-15,3.616898730331993e-14,0.0039193951954363095,0.0029746599881648613,0.0,0,1,floor,0,0,1
eb,48,5,4.2674197509029455e-16,0.0,4.2674197509029455e-16,0.0,0.03845417881610127,0.2745279440516996,3.052942551646401e-15,3.6162500165572146e-14,3.052942551646401e-15,3.6162500165572146e-14,0.00016682965416349403,0.00012265819127572165,0.0,0,1,floor,0,0,1
eb,48,6,5.134781488891349e-16,0.0,5.134781488891349e-16,0.0,0.038453818622917746,0.2745428881048784,3.055040573496892e-15,3.6073261475629027e-14,3.055040573496892e-15,3.6073261475629027e-14,7.21535883501879e-06,5.057621821307297e-06,0.0,0,1,floor,0,0,1
eb,48,7,6.002143226879753e-16,0.0,6.002143226879753e-16,0.0,0.03845380303540896,0.2745435241435238,3.055421940471083e-15,3.6092564241561244e-14,3.055421940471083e-15,3.6092564241561244e-14,3.1223254398040225e-07,0.0,0.0,0,1,floor,0,0,1
eb,48,8,6.869504964868156e-16,0.0,6.869504964868156e-16,0.0,0.0384538023608165,0.2745435512119594,3.055548499778131e-15,3.6137135026039613e-14,3.055548499778131e-15,3.6137135026039613e-14,1.3512087042387145e-08,0.0,0.0,0,1,floor,0,0,1
eb,48,9,7.73686670285656e-16,0.0,7.73686670285656e-16,0.0,0.03845380233162062,0.2745435523722248,3.0510272143547547e-15,3.615183986451091e-14,3.0510272143547547e-15,3.615183986451091e-14,5.847665906319916e-10,0.0,0.0,0,1,floor,0,0,1
eb,48,10,8.604228440844963e-16,0.0,8.604228440844963e-16,0.0,0.038453802330357084,0.27454355240674067,3.0525377706966073e-15,3.625192825673658e-14,3.0525377706966073e-15,3.625192825673658e-14,2.53065774952609e-11,0.0,0.0,0,1,floor,0,0,1
eb,49,0,0.0,0.0,0.0,0.0,0.0,0.0,0.0,0.0,0.0,0.0,0.0,0.0,0.0,0,1,floor,0,0,1
eb,49,1,7.979727989493313e-17,0.0,7.979727989493313e-17,0.0,0.011764436598437981,1.045654894575938e-05,3.0522638789036503e-15,3.620737725887167e-14,3.0522638789036503e-15,3.620737725887167e-14,0.2352887319687596,3.6500241499888623e-06,0.0,0,1,floor,0,0,1
eb,49,2,1.6653345369377348e-16,0.0,1.6653345369377348e-16,0.0,0.04216478981232528,0.0662856487992957,3.0514179698244616e-15,3.612185535859091e-14,3.0514179698244616e-15,3.612185535859091e-14,0.6080077629671617,0.023134300720626087,0.0,0,1,floor,0,0,1
eb,49,3,2.5326962749261384e-16,0.0,2.5326962749261384e-16,0.0,0.03869728875798131,0.26565476523627524,3.0522883826892616e-15,3.615788912488063e-14,3.0522883826892616e-15,3.615788912488063e-14,0.06954762683494362,0.06959295263307137,0.0,0,1,floor,0,0,1
eb,49,4,3.400058012914542e-16,0.0,3.400058012914542e-16,0.0,0.038502914160662566,0.27417653745097564,3.0524273355371e-15,3.6177350459725215e-14,3.0524273355371e-15,3.6177350459725215e-14,0.0038943470797769405,0.0029746599881648613,0.0,0,1,floor,0,0,1
eb,49,5,4.2674197509029455e-16,0.0,4.2674197509029455e-16,0.0,0.03849463796252599,0.2745279440516996,3.0515404063576523e-15,3.618390998616174e-14,3.0515404063576523e-15,3.618390998616174e-14,0.00016579957876498722,0.00012265819127572165,0.0,0,1,floor,0,0,1
eb,49,6,5.134781488891349e-16,0.0,5.134781488891349e-16,0.0,0.03849427995741866,0.2745428881048784,3.0502822819928117e-15,3.6221693769877536e-14,3.0502822819928117e-15,3.6221693769877536e-14,7.1716545179927425e-06,5.057621821307297e-06,0.0,0,1,floor,0,0,1
eb,49,7,6.002143226879753e-16,0.0,6.002143226879753e-16,0.0,0.03849426446281591,0.2745435241435238,3.0547712004776386e-15,3.601582827928983e-14,3.0547712004776386e-15,3.601582827928983e-14,3.103767678082456e-07,0.0,0.0,0,1,floor,0,0,1
eb,49,8,6.869504964868156e-16,0.0,6.869504964868156e-16,0.0,0.03849426379216765,0.2745435512119594,3.049972765499289e-15,3.615416841732714e-14,3.049972765499289e-15,3.615416841732714e-14,1.3433299042410605e-08,0.0,0.0,0,1,floor,0,0,1
eb,49,9,7.73686670285656e-16,0.0,7.73686670285656e-16,0.0,0.038494263763139185,0.2745435523722248,3.0563288394390764e-15,3.599638445271794e-14,3.0563288394390764e-15,3.599638445271794e-14,5.814222971765622e-10,0.0,0.0,0,1,floor,0,0,1
eb,49,10,8.604228440844963e-16,0.0,8.604228440844963e-16,0.0,0.03849426376188276,0.27454355240674067,3.053514779580539e-15,3.6095953936063e-14,3.053514779580539e-15,3.6095953936063e-14,2.5164356967861705e-11,0.0,0.0,0,1,floor,0,0,1
er,0,0,0.0,0.0,0.0,0.0,0.0,0.0,0.0,0.0,0.0,0.0,0.0,0.0,0.0,1,1,basket_1_main,0,0,1
er,0,1,1.3336199999858373e-07,4.065970939060676e-05,0.011764643111391783,7.697232282104486e-05,1.3336199999858373e-07,4.065970939060676e-05,2.6672399999716747e-06,1.4192916035402904e-05,0.489877767256535,4.8618246610784895e-05,2.6672399999716747e-06,1.4192916035402904e-05,1.7653838263155494e-07,1,1,basket_1_main,0,0,1
er,0,2,7.870309571718901e-07,0.0011822135578771669,0.04246640003957763,0.06804914350139232,7.870309571718901e-07,0.0011822135578771669,1.6404431705343725e-05,0.0004156149434758567,0.03688810033848851,0.17530586878840446,1.6404431705343725e-05,0.0004156149434758567,8.789140760393941e-06,1,1,basket_1_main,0,0,1
er,0,3,4.549572623144278e-07,0.0011377455650425413,0.03986941654237309,0.26618411351367866,4.549572623144278e-07,0.0011377455650425413,1.2328306025225292e-05,0.0001247717569827174,0.009811939922980163,0.009436621023693475,1.2328306025225292e-05,0.0001247717569827174,2.702708453762864e-06,1,1,basket_1_main,0,0,1
er,0,4,4.432937522246192e-07,0.0011373277657673751,0.03971312939996092,0.27472345082364014,4.432937522246192e-07,0.0011373277657673751,1.42924279266015e-06,1.1119102302895708e-05,0.0004127360370595867,0.00038721614015126984,1.42924279266015e-06,1.1119102302895708e-05,3.0267144729334444e-06,1,1,basket_1_main,0,0,1
er,0,5,4.4306351023600135e-07,0.0011373252021079534,0.03970647522329891,0.27508287792680775,4.4306351023600135e-07,0.0011373252021079534,5.726219942807039e-08,1.632340423778195e-06,1.7806012321155857e-05,1.6739498341809428e-05,5.726219942807039e-08,1.632340423778195e-06,3.078245720963855e-06,1,1,basket_1_main,0,0,1
er,0,6,4.4305408506036114e-07,0.0011373277657673751,0.03970618804151885,0.2750984262724457,4.4305408506036114e-07,0.0011373277657673751,2.4541644331029028e-09,1.4600096599955428e-06,7.688383524034292e-07,7.246239906043615e-07,2.4541644331029028e-09,1.4600096599955428e-06,3.0818068872662516e-06,1,1,basket_1_main,0,0,1
er,0,7,4.4305369211373893e-07,0.0011373316112456729,0.039706175641472316,0.27509909934940435,4.4305369211373893e-07,0.0011373316112456729,1.0233840775663922e-10,1.9768624248238807e-06,3.319885565383313e-08,3.1367962813985084e-08,1.0233840775663922e-10,1.9768624248238807e-06,3.0820176407518285e-06,1,1,basket_1_main,0,0,1
er,0,8,4.4305368808661216e-07,0.0011373303294210184,0.039706175106049395,0.2750991284882399,4.4305368808661216e-07,0.0011373303294210184,9.505143507027273e-13,2.1073424255447025e-06,1.4338716298501307e-09,1.3578012126411956e-09,9.505143507027273e-13,2.1073424255447025e-06,3.0820292123248257e-06,1,1,basket_1_main,0,0,1
er,0,9,4.430537008289518e-07,0.0011373239202760752,0.03970617508293215,0.2750991297203539,4.430537008289518e-07,0.0011373239202760752,3.915764010675909e-12,1.5196262340524151e-06,6.237989077119926e-11,5.880209096448292e-11,3.915764010675909e-12,1.5196262340524151e-06,3.0820298193609226e-06,1,1,basket_1_main,0,0,1
er,0,10,4.4305371425167754e-07,0.0011373187929341164,0.03970617508193613,0.2750991297680487,4.4305371425167754e-07,0.0011373187929341164,4.106595118458307e-12,0.0,5.094549329650022e-12,2.528991721602177e-12,4.106595118458307e-12,0.0,3.0820298502841075e-06,1,1,basket_1_main,0,0,1
er,1,0,0.0,0.0,0.0,0.0,0.0,0.0,0.0,0.0,0.0,0.0,0.0,0.0,0.0,1,1,basket_1_main,0,0,1
er,1,1,1.3336199997875625e-07,4.05879357964448e-05,0.01176464311139181,7.693443341544065e-05,1.3336199997875625e-07,4.05879357964448e-05,2.6672399995751248e-06,1.4167862324720575e-05,0.48987776725652904,4.861824656440526e-05,2.6672399995751248e-06,1.4167862324720575e-05,1.7653838261838866e-07,1,1,basket_1_main,0,0,1
er,1,2,7.870309517452769e-07,0.0011822110915539054,0.04246640003957638,0.0680491434692569,7.870309517452769e-07,0.0011822110915539054,1.64044314627292e-05,0.0004156132338544671,0.036888100338431574,0.17530586879190413,1.64044314627292e-05,0.0004156132338544671,8.789140759340868e-06,1,1,basket_1_main,0,0,1
er,1,3,4.549572593662236e-07,0.0011377417209633752,0.039869416542372714,0.2661841134999864,4.549572593662236e-07,0.0011377417209633752,1.2328305984452986e-05,0.0001247646383544427,0.009811939922978885,0.009436621023635197,1.2328305984452986e-05,0.0001247646383544427,2.702708450339181e-06,1,1,basket_1_main,0,0,1
er,1,4,4.4329375561596004e-07,0.001137334174890648,0.03971312939996068,0.27472345085282673,4.4329375561596004e-07,0.001137334174890648,1.4292427939920053e-06,1.1151007970494001e-05,0.00041273603706023555,0.00038721614010761243,1.4292427939920053e-06,1.1151007970494001e-05,3.026714469875171e-06,1,1,basket_1_main,0,0,1
er,1,5,4.4306351386145896e-07,0.0011373239202760752,0.03970647522329852,0.27508287792150804,4.4306351386145896e-07,0.0011373239202760752,5.7262199864395866e-08,2.0647654623614285e-06,1.7806012318944583e-05,1.6739498356794078e-05,5.7262199864395866e-08,2.0647654623614285e-06,3.0782457179563186e-06,1,1,basket_1_main,0,0,1
er,1,6,4.430540886981575e-07,0.0011373245611921946,0.03970618804151846,0.27509842626184683,4.430540886981575e-07,0.0011373245611921946,2.4541632752641357e-09,9.424321830774486e-07,7.68838353101863e-07,7.246240030467473e-07,2.4541632752641357e-09,9.424321830774486e-07,3.081806884261454e-06,1,1,basket_1_main,0,0,1
er,1,7,4.430536957654252e-07,0.0011373284066813277,0.03970617564147192,0.27509909933880555,4.430536957654252e-07,0.0011373284066813277,1.0233847602084682e-10,1.4600096599955428e-06,3.319885518607994e-08,3.1367956975436974e-08,1.0233847602084682e-10,1.4600096599955428e-06,3.0820176377485393e-06,1,1,basket_1_main,0,0,1
er,1,8,4.430536917471609e-07,0.0011373258430233506,0.03970617510604897,0.27509912847499135,4.430536917471609e-07,0.0011373258430233506,9.490878963539688e-13,1.57699067060029e-06,1.4338689978678822e-09,1.357831960450232e-09,9.490878963539688e-13,1.57699067060029e-06,3.0820292093209114e-06,1,1,basket_1_main,0,0,1
er,1,9,4.430537045211103e-07,0.0011373303294210184,0.03970617508293191,0.27509912974950074,4.430537045211103e-07,0.0011373303294210184,3.915771307585726e-12,1.7377590819732256e-06,6.238030595183703e-11,5.87899672641792e-11,3.915771307585726e-12,1.7377590819732256e-06,3.082029816390646e-06,1,1,basket_1_main,0,0,1
er,1,10,4.4305371797670106e-07,0.0011373252021079534,0.03970617508193581,0.2750991297971954,4.4305371797670106e-07,0.0011373252021079534,4.105553308698308e-12,1.632340423778195e-06,5.089443395227949e-12,2.5390842782393263e-12,4.105553308698308e-12,1.632340423778195e-06,3.0820298473151215e-06,1,1,basket_1_main,0,0,1
er,2,0,0.0,1.7075472925031877e-06,0.0,1.7075472925031877e-06,0.0,1.7075472925031877e-06,0.0,0.0,0.0,0.0,0.0,0.0,0.0,1,1,basket_1_main,0,0,1
er,2,1,1.3336200006531323e-07,4.065970939060676e-05,0.01176464311139181,7.697232282104486e-05,1.3336200006531323e-07,4.065970939060676e-05,2.6672400013062645e-06,1.4192916035402904e-05,0.4898777672565272,4.8618246587263935e-05,2.6672400013062645e-06,1.4192916035402904e-05,1.7653838259507521e-07,1,1,basket_1_main,0,0,1
er,2,2,7.87030963161005e-07,0.001182216024195283,0.042466400039576864,0.06804914352281596,7.87030963161005e-07,0.001182216024195283,1.640443183834681e-05,0.0004156151571780359,0.0368881003384407,0.17530586878984653,1.640443183834681e-05,0.0004156151571780359,8.78914076094717e-06,1,1,basket_1_main,0,0,1
er,2,3,4.5495727582212044e-07,0.001137737876871221,0.03986941654237315,0.26618411351367866,4.5495727582212044e-07,0.001137737876871221,1.2328306003073798e-05,0.00012476321458004754,0.009811939922980639,0.009436621023700615,1.2328306003073798e-05,0.00012476321458004754,2.702708454574715e-06,1,1,basket_1_main,0,0,1
er,2,4,4.4329376450248974e-07,0.001137320074771773,0.03971312939996099,0.27472345082364014,4.4329376450248974e-07,0.001137320074771773,1.4292427928651315e-06,1.0901296829087801e-05,0.0004127360370613953,0.0003872161401112805,1.4292427928651315e-06,1.0901296829087801e-05,3.0267144737425985e-06,1,1,basket_1_main,0,0,1
er,2,5,4.430635224496886e-07,0.0011373258430233506,0.039706475223298954,0.27508287792415786,4.430635224496886e-07,0.0011373258430233506,5.7262201262097446e-08,5.960464477539062e-07,1.780601232309183e-05,1.673949833724703e-05,5.7262201262097446e-08,5.960464477539062e-07,3.078245721793617e-06,1,1,basket_1_main,0,0,1
er,2,6,4.4305409723563586e-07,0.0011373277657673751,0.039706188041518875,0.2750984262671462,4.4305409723563586e-07,0.0011373277657673751,2.4541714093602576e-09,1.3328003749250115e-06,7.688383540173506e-07,7.246240008350268e-07,2.4541714093602576e-09,1.3328003749250115e-06,3.0818068879866002e-06,1,1,basket_1_main,0,0,1
er,2,7,4.4305370428278674e-07,0.0011373316112456729,0.03970617564147233,0.2750990993441049,4.4305370428278674e-07,0.0011373316112456729,1.0233624408912588e-10,1.8371385344770483e-06,3.3198853154607436e-08,3.136795036316357e-08,1.0233624408912588e-10,1.8371385344770483e-06,3.082017641606661e-06,1,1,basket_1_main,0,0,1
er,2,8,4.4305370025246216e-07,0.0011373271248530615,0.039706175106049374,0.275099128469692,4.4305370025246216e-07,0.0011373271248530615,9.483926338674762e-13,1.7881393432617192e-06,1.4338730873515683e-09,1.357805679174168e-09,9.483926338674762e-13,1.7881393432617192e-06,3.0820292132637664e-06,1,1,basket_1_main,0,0,1
er,2,9,4.430537130204123e-07,0.0011373316112456729,0.03970617508293229,0.275099129746851,4.430537130204123e-07,0.0011373316112456729,3.918131881069855e-12,1.7881393432617192e-06,6.23769378537688e-11,5.87906148428265e-11,3.918131881069855e-12,1.7881393432617192e-06,3.082029820266916e-06,1,1,basket_1_main,0,0,1
er,2,10,4.4305372642818257e-07,0.0011373264839383865,0.03970617508193622,0.2750991297945457,4.4305372642818257e-07,0.0011373264839383865,4.10382739722329e-12,1.7377590819732256e-06,5.089539070349649e-12,2.528809393799435e-12,4.10382739722329e-12,1.7377590819732256e-06,3.082029851122897e-06,1,1,basket_1_main,0,0,1
er,3,0,0.0,0.0,0.0,0.0,0.0,0.0,0.0,0.0,0.0,0.0,0.0,0.0,0.0,1,1,basket_1_main,0,0,1
er,3,1,1.3336200018731104e-07,4.062383844459384e-05,0.011764643111391755,7.694390751601417e-05,1.3336200018731104e-07,4.062383844459384e-05,2.667240003746221e-06,1.4180394713128291e-05,0.48987776725653553,4.861824661678452e-05,2.667240003746221e-06,1.4180394713128291e-05,1.7653838260171042e-07,1,1,basket_1_main,0,0,1
er,3,2,7.870309718145236e-07,0.001182210474972286,0.042466400039576836,0.0680491434692569,7.870309718145236e-07,0.001182210474972286,1.6404432103629717e-05,0.0004156132338544671,0.036888100338422866,0.17530586878983345,1.6404432103629717e-05,0.0004156132338544671,8.789140762161555e-06,1,1,basket_1_main,0,0,1
er,3,3,4.5495729075097714e-07,0.0011377417209633752,0.03986941654237346,0.2661841135027248,4.5495729075097714e-07,0.0011377417209633752,1.2328305996075008e-05,0.00012476321458004754,0.00981193992298097,0.009436621023740314,1.2328305996075008e-05,0.00012476321458004754,2.7027084575161108e-06,1,1,basket_1_main,0,0,1
er,3,4,4.43293774642286e-07,0.0011373316112456729,0.03971312939996143,0.27472345084486677,4.43293774642286e-07,0.0011373316112456729,1.4292427909372252e-06,1.111111157077997e-05,0.00041273603706095205,0.0003872161401428303,1.4292427909372252e-06,1.111111157077997e-05,3.026714476356788e-06,1,1,basket_1_main,0,0,1
er,3,5,4.4306353237206907e-07,0.0011373207156900598,0.03970647522329929,0.27508287791355845,4.4306353237206907e-07,0.0011373207156900598,5.726219891093764e-08,1.57699067060029e-06,1.780601232309296e-05,1.6739498362054654e-05,5.726219891093764e-08,1.57699067060029e-06,3.078245724364216e-06,1,1,basket_1_main,0,0,1
er,3,6,4.4305410717407343e-07,0.0011373213566079853,0.03970618804151919,0.275098426251248,4.4305410717407343e-07,0.0011373213566079853,2.4541680874796894e-09,0.0,7.688383513675367e-07,7.246240281569098e-07,2.4541680874796894e-09,0.0,3.0818068905611874e-06,1,1,basket_1_main,0,0,1
er,3,7,4.4305371421405667e-07,0.0011373245611921946,0.03970617564147265,0.275099099325557,4.4305371421405667e-07,0.0011373245611921946,1.0233623094997197e-10,5.960464477539062e-07,3.3198853104172176e-08,3.136795201164371e-08,1.0233623094997197e-10,5.960464477539062e-07,3.082017644183163e-06,1,1,basket_1_main,0,0,1
er,3,8,4.4305371021876293e-07,0.0011373226384427525,0.039706175106049714,0.27509912846439255,4.4305371021876293e-07,0.0011373226384427525,9.485781335329047e-13,7.300048299977713e-07,1.4338725248482108e-09,1.357834965545671e-09,9.485781335329047e-13,7.300048299977713e-07,3.0820292158402415e-06,1,1,basket_1_main,0,0,1
er,3,9,4.4305372298828193e-07,0.0011373277657673751,0.039706175082932664,0.2750991297442013,4.4305372298828193e-07,0.0011373277657673751,3.916885283223015e-12,1.1920928955078127e-06,6.237883174115533e-11,5.878259581410035e-11,3.916885283223015e-12,1.1920928955078127e-06,3.082029822841303e-06,1,1,basket_1_main,0,0,1
er,3,10,4.430537364183848e-07,0.0011373226384427525,0.03970617508193659,0.2750991297945457,4.430537364183848e-07,0.0011373226384427525,4.103821203226972e-12,1.1920928955078127e-06,5.089682920093899e-12,2.5216084693334325e-12,4.103821203226972e-12,1.1920928955078127e-06,3.082029853698593e-06,1,1,basket_1_main,0,0,1
er,4,0,0.0,0.0,0.0,0.0,0.0,0.0,0.0,0.0,0.0,0.0,0.0,0.0,0.0,1,1,basket_1_main,0,0,1
er,4,1,1.33362000030688e-07,4.067763300152387e-05,0.01176464311139181,7.697232282104486e-05,1.33362000030688e-07,4.067763300152387e-05,2.66724000061376e-06,1.4199172555889901e-05,0.4898777672565351,4.861824652654622e-05,2.66724000061376e-06,1.4199172555889901e-05,1.7653838262160865e-07,1,1,basket_1_main,0,0,1
er,4,2,7.87030943077949e-07,0.0011822110915539054,0.042466400039577384,0.06804914351210414,7.87030943077949e-07,0.0011822110915539054,1.640443125530017e-05,0.0004156143023686597,0.03688810033848813,0.17530586878975496,1.640443125530017e-05,0.0004156143023686597,8.789140758632206e-06,1,1,basket_1_main,0,0,1
er,4,3,4.549572410694657e-07,0.0011377391582367156,0.03986941654237254,0.2661841134999864,4.549572410694657e-07,0.0011377391582367156,1.2328306015853894e-05,0.00012476107888798963,0.009811939922980167,0.009436621023625623,1.2328306015853894e-05,0.00012476107888798963,2.702708449083523e-06,1,1,basket_1_main,0,0,1
er,4,4,4.4329373977838887e-07,0.0011373309703335262,0.039713129399960474,0.2747234508501734,4.4329373977838887e-07,0.0011373309703335262,1.4292427921871003e-06,1.1071071398858396e-05,0.0004127360370576659,0.00038721614013581134,1.4292427921871003e-06,1.1071071398858396e-05,3.026714468760513e-06,1,1,basket_1_main,0,0,1
er,4,5,4.430634981604813e-07,0.001137318152014746,0.039706475223298315,0.2750828779109086,4.430634981604813e-07,0.001137318152014746,5.7262198843276214e-08,1.264405455326821e-06,1.780601232149063e-05,1.6739498374613937e-05,5.7262198843276214e-08,1.264405455326821e-06,3.0782457168592445e-06,1,1,basket_1_main,0,0,1
er,4,6,4.4305407300889617e-07,0.0011373187929341164,0.03970618804151821,0.27509842624859826,4.4305407300889617e-07,0.0011373187929341164,2.4541620261453254e-09,0.0,7.688383505081775e-07,7.246240011076466e-07,2.4541620261453254e-09,0.0,3.081806883165602e-06,1,1,basket_1_main,0,0,1
er,4,7,4.4305368007689317e-07,0.001137320074771773,0.03970617564147165,0.27509909931495813,4.4305368007689317e-07,0.001137320074771773,1.0233836602838168e-10,0.0,3.3198853223001336e-08,3.1367934167351614e-08,1.0233836602838168e-10,0.0,3.0820176366521602e-06,1,1,basket_1_main,0,0,1
er,4,8,4.430536760606513e-07,0.001137318152014746,0.039706175106048715,0.27509912845379375,4.430536760606513e-07,0.001137318152014746,9.497498434595942e-13,0.0,1.4338685119783934e-09,1.3578308505209841e-09,9.497498434595942e-13,0.0,3.0820292082265516e-06,1,1,basket_1_main,0,0,1
er,4,9,4.4305368883785405e-07,0.0011373239202760752,0.039706175082931665,0.27509912973625217,4.4305368883785405e-07,0.0011373239202760752,3.916812268485018e-12,0.0,6.237904858680058e-11,5.880905662632887e-11,3.916812268485018e-12,0.0,3.0820298152976666e-06,1,1,basket_1_main,0,0,1
er,4,10,4.430537023268087e-07,0.0011373175110950147,0.03970617508193558,0.2750991297786475,4.430537023268087e-07,0.0011373175110950147,4.106583343247494e-12,0.0,5.089479721296237e-12,2.5160964011042664e-12,4.106583343247494e-12,0.0,3.082029846219454e-06,1,1,basket_1_main,0,0,1
er,5,0,0.0,0.0,0.0,0.0,0.0,0.0,0.0,0.0,0.0,0.0,0.0,0.0,0.0,1,1,basket_1_main,0,0,1
er,5,1,1.3336199995022673e-07,4.055200136195734e-05,0.011764643111391741,7.691548171336338e-05,1.3336199995022673e-07,4.055200136195734e-05,2.6672399990045346e-06,1.4155318840787608e-05,0.4898777672565355,4.861824653831012e-05,2.6672399990045346e-06,1.4155318840787608e-05,1.7653838263820317e-07,1,1,basket_1_main,0,0,1
er,5,2,7.870309480381525e-07,0.0011822086252254989,0.04246640003957697,0.06804914341569784,7.870309480381525e-07,0.0011822086252254989,1.6404431387065576e-05,0.00041561237904113506,0.03688810033843159,0.17530586878969937,1.6404431387065576e-05,0.00041561237904113506,8.789140759296232e-06,1,1,basket_1_main,0,0,1
er,5,3,4.549572513103371e-07,0.001137740439600767,0.03986941654237269,0.2661841134945095,4.549572513103371e-07,0.001137740439600767,1.2328306000502785e-05,0.00012476107888798963,0.009811939922981487,0.009436621023668606,1.2328306000502785e-05,0.00012476107888798963,2.702708450197941e-06,1,1,basket_1_main,0,0,1
er,5,4,4.4329374812696165e-07,0.0011373328930688827,0.03971312939996064,0.27472345084486677,4.4329374812696165e-07,0.0011373328930688827,1.4292427959251587e-06,1.1119102302895708e-05,0.000412736037059992,0.0003872161401491437,1.4292427959251587e-06,1.1119102302895708e-05,3.0267144697465495e-06,1,1,basket_1_main,0,0,1
er,5,5,4.4306350645159864e-07,0.001137320074771773,0.03970647522329847,0.2750828779082587,4.4306350645159864e-07,0.001137320074771773,5.726219981212103e-08,1.7377590819732256e-06,1.7806012321253852e-05,1.67394983338773e-05,5.726219981212103e-08,1.7377590819732256e-06,3.0782457178297896e-06,1,1,basket_1_main,0,0,1
er,5,6,4.430540812924792e-07,0.001137320074771773,0.03970618804151835,0.27509842624329883,4.430540812924792e-07,0.001137320074771773,2.4541630626345245e-09,0.0,7.6883835052614e-07,7.246240027641901e-07,2.4541630626345245e-09,0.0,3.081806884135054e-06,1,1,basket_1_main,0,0,1
er,5,7,4.430536883263745e-07,0.0011373232793595945,0.039706175641471816,0.27509909931760784,4.430536883263745e-07,0.0011373232793595945,1.0233861144480431e-10,0.0,3.319885354911546e-08,3.1367966037614625e-08,1.0233861144480431e-10,0.0,3.082017637622193e-06,1,1,basket_1_main,0,0,1
er,5,8,4.4305368431797655e-07,0.0011373207156900598,0.03970617510604887,0.27509912845114404,4.4305368431797655e-07,0.0011373207156900598,9.485175589699497e-13,0.0,1.4338677085564485e-09,1.357831824806368e-09,9.485175589699497e-13,0.0,3.082029209194525e-06,1,1,basket_1_main,0,0,1
er,5,9,4.4305369708871225e-07,0.0011373252021079534,0.03970617508293182,0.27509912973095274,4.4305369708871225e-07,0.0011373252021079534,3.916746013188996e-12,7.300048299977713e-07,6.238043384202944e-11,5.879091522515928e-11,3.916746013188996e-12,7.300048299977713e-07,3.082029816265622e-06,1,1,basket_1_main,0,0,1
er,5,10,4.430537105636397e-07,0.001137320074771773,0.03970617508193573,0.2750991297786475,4.430537105636397e-07,0.001137320074771773,4.1076998141169126e-12,5.960464477539062e-07,5.089554969223457e-12,2.5167098514084677e-12,4.1076998141169126e-12,5.960464477539062e-07,3.082029847186818e-06,1,1,basket_1_main,0,0,1
er,6,0,0.0,0.0,0.0,0.0,0.0,0.0,0.0,0.0,0.0,0.0,0.0,0.0,0.0,1,1,basket_1_main,0,0,1
er,6,1,1.3336200004774217e-07,4.062383844459384e-05,0.011764643111391505,7.694390751601417e-05,1.3336200004774217e-07,4.062383844459384e-05,2.667240000954843e-06,1.4180394713128291e-05,0.48987776725656756,4.861824646804639e-05,2.667240000954843e-06,1.4180394713128291e-05,1.76538382701166e-07,1,1,basket_1_main,0,0,1
er,6,2,7.870309536654874e-07,0.0011822154076162363,0.04246640003957723,0.06804914351210414,7.870309536654874e-07,0.0011822154076162363,1.6404431582172358e-05,0.0004156153708801052,0.036888100338480764,0.17530586878978965,1.6404431582172358e-05,0.0004156153708801052,8.789140759938397e-06,1,1,basket_1_main,0,0,1
er,6,3,4.5495725805086973e-07,0.0011377340327660788,0.03986941654237287,0.2661841135027248,4.5495725805086973e-07,0.0011377340327660788,1.2328306016576714e-05,0.0001247617907894044,0.00981193992298027,0.009436621023642207,1.2328306016576714e-05,0.0001247617907894044,2.7027084523475746e-06,1,1,basket_1_main,0,0,1
er,6,4,4.4329375078766874e-07,0.001137318152014746,0.0397131293999608,0.27472345081833344,4.4329375078766874e-07,0.001137318152014746,1.4292427955267562e-06,1.0860483144693863e-05,0.0004127360370723812,0.00038721614012334133,1.4292427955267562e-06,1.0860483144693863e-05,3.0267144716768774e-06,1,1,basket_1_main,0,0,1
er,6,5,4.430635089077439e-07,0.0011373232793595945,0.03970647522329867,0.2750828779162083,4.430635089077439e-07,0.0011373232793595945,5.726220197960986e-08,0.0,1.7806012318873262e-05,1.6739498347141836e-05,5.726220197960986e-08,0.0,3.0782457197294037e-06,1,1,basket_1_main,0,0,1
er,6,6,4.430540837451994e-07,0.0011373245611921946,0.03970618804151858,0.2750984262538977,4.430540837451994e-07,0.0011373245611921946,2.4541642056548956e-09,1.032382731180714e-06,7.688383526952692e-07,7.246240104312295e-07,2.4541642056548956e-09,1.032382731180714e-06,3.0818068860249647e-06,1,1,basket_1_main,0,0,1
er,6,7,4.430536907859753e-07,0.0011373277657673751,0.039706175641472025,0.2750990993282067,4.430536907859753e-07,0.0011373277657673751,1.0233847554018502e-10,1.4600096599955428e-06,3.319885391855579e-08,3.136795621392497e-08,1.0233847554018502e-10,1.4600096599955428e-06,3.082017639510553e-06,1,1,basket_1_main,0,0,1
er,6,8,4.4305368677659847e-07,0.0011373264839383865,0.03970617510604912,0.2750991284723417,4.4305368677659847e-07,0.0011373264839383865,9.498002035606787e-13,1.632340423778195e-06,1.4338697679532732e-09,1.35782487117416e-09,9.498002035606787e-13,1.632340423778195e-06,3.082029211082954e-06,1,1,basket_1_main,0,0,1
er,6,9,4.430536995725964e-07,0.0011373303294210184,0.03970617508293206,0.275099129746851,4.430536995725964e-07,0.0011373303294210184,3.916945934325057e-12,1.8848643661548976e-06,6.238041666803352e-11,5.876270352862551e-11,3.916945934325057e-12,1.8848643661548976e-06,3.082029818154104e-06,1,1,basket_1_main,0,0,1
er,6,10,4.43053713004061e-07,0.0011373264839383865,0.03970617508193597,0.2750991297971954,4.43053713004061e-07,0.0011373264839383865,4.105419685676885e-12,1.8848643661548976e-06,5.0895590364493585e-12,2.5288106158488415e-12,4.105419685676885e-12,1.8848643661548976e-06,3.0820298490771995e-06,1,1,basket_1_main,0,0,1
er,7,0,0.0,0.0,0.0,0.0,0.0,0.0,0.0,0.0,0.0,0.0,0.0,0.0,0.0,1,1,basket_1_main,0,0,1
er,7,1,1.3336199997737914e-07,4.060589108854025e-05,0.011764643111391672,7.693443341544065e-05,1.3336199997737914e-07,4.060589108854025e-05,2.6672399995475827e-06,1.4174129904025034e-05,0.48987776725654386,4.861824662906356e-05,2.6672399995475827e-06,1.4174129904025034e-05,1.7653838263659547e-07,1,1,basket_1_main,0,0,1
er,7,2,7.870309620269269e-07,0.001182210474972286,0.04246640003957715,0.06804914351210414,7.870309620269269e-07,0.001182210474972286,1.640443182513293e-05,0.0004156132338544671,0.03688810033848092,0.1753058687897329,1.640443182513293e-05,0.0004156132338544671,8.789140760761086e-06,1,1,basket_1_main,0,0,1
er,7,3,4.549572717446768e-07,0.0011377417209633752,0.03986941654237315,0.2661841135109401,4.549572717446768e-07,0.0011377417209633752,1.232830601194557e-05,0.0001247646383544427,0.00981193992297941,0.009436621023709747,1.232830601194557e-05,0.0001247646383544427,2.7027084547502717e-06,1,1,basket_1_main,0,0,1
er,7,4,4.4329376016561773e-07,0.0011373245611921946,0.039713129399960995,0.27472345082364014,4.4329376016561773e-07,0.0011373245611921946,1.4292427907269955e-06,1.103088588912605e-05,0.0004127360370607884,0.00038721614015216387,1.4292427907269955e-06,1.103088588912605e-05,3.0267144739023726e-06,1,1,basket_1_main,0,0,1
er,7,5,4.430635181366204e-07,0.0011373226384427525,0.03970647522329899,0.2750828779294576,4.430635181366204e-07,0.0011373226384427525,5.726219942854603e-08,1.032382731180714e-06,1.7806012320226476e-05,1.6739498349408805e-05,5.726219942854603e-08,1.032382731180714e-06,3.078245721950698e-06,1,1,basket_1_main,0,0,1
er,7,6,4.4305409293916785e-07,0.0011373219975255495,0.0397061880415189,0.27509842626184683,4.4305409293916785e-07,0.0011373219975255495,2.4541691621234984e-09,0.0,7.688383532343024e-07,7.246239810527923e-07,2.4541691621234984e-09,0.0,3.081806888149688e-06,1,1,basket_1_main,0,0,1
er,7,7,4.430536999911725e-07,0.0011373239202760752,0.03970617564147232,0.2750990993308564,4.430536999911725e-07,0.0011373239202760752,1.0233627021072671e-10,5.960464477539062e-07,3.3198852830020414e-08,3.136800219720228e-08,1.0233627021072671e-10,5.960464477539062e-07,3.0820176417710637e-06,1,1,basket_1_main,0,0,1
er,7,8,4.4305369596707197e-07,0.0011373226384427525,0.0397061751060494,0.2750991284723417,4.4305369596707197e-07,0.0011373226384427525,9.483877297960042e-13,7.300048299977713e-07,1.4338711397465736e-09,1.3578152783123328e-09,9.483877297960042e-13,7.300048299977713e-07,3.082029213428894e-06,1,1,basket_1_main,0,0,1
er,7,9,4.4305370876110203e-07,0.0011373277657673751,0.03970617508293234,0.2750991297521504,4.4305370876110203e-07,0.0011373277657673751,3.916945121054125e-12,1.1920928955078127e-06,6.237992440695768e-11,5.878789243595276e-11,3.916945121054125e-12,1.1920928955078127e-06,3.0820298204313537e-06,1,1,basket_1_main,0,0,1
er,7,10,4.4305372217933275e-07,0.0011373219975255495,0.03970617508193625,0.27509912979984513,4.4305372217933275e-07,0.0011373219975255495,4.102852079906736e-12,1.1151007970493858e-06,5.089120562312085e-12,2.528943530127371e-12,4.102852079906736e-12,1.1151007970493858e-06,3.0820298512878644e-06,1,1,basket_1_main,0,0,1
er,8,0,0.0,0.0,0.0,0.0,0.0,0.0,0.0,0.0,0.0,0.0,0.0,0.0,0.0,1,1,basket_1_main,0,0,1
er,8,1,1.3336200003494927e-07,4.062383844459384e-05,0.011764643111391838,7.69533804501856e-05,1.3336200003494927e-07,4.062383844459384e-05,2.667240000698985e-06,1.4180394713128291e-05,0.48987776725652965,4.8618246550554625e-05,2.667240000698985e-06,1.4180394713128291e-05,1.765383826149474e-07,1,1,basket_1_main,0,0,1
er,8,2,7.870309437043416e-07,0.0011822135578771669,0.042466400039577204,0.06804914349068052,7.870309437043416e-07,0.0011822135578771669,1.640443126404439e-05,0.00041561451607116857,0.03688810033848566,0.17530586879077903,1.640443126404439e-05,0.00041561451607116857,8.789140758719091e-06,1,1,basket_1_main,0,0,1
er,8,3,4.549572430744179e-07,0.0011377417209633752,0.0398694165423726,0.2661841134972479,4.549572430744179e-07,0.0011377417209633752,1.2328306007665882e-05,0.0001247674858544911,0.009811939922981495,0.009436621023624196,1.2328306007665882e-05,0.0001247674858544911,2.702708449122832e-06,1,1,basket_1_main,0,0,1
er,8,4,4.432937417779194e-07,0.0011373335339799461,0.03971312939996054,0.2747234508475201,4.432937417779194e-07,0.0011373335339799461,1.4292427931636624e-06,1.1135066564243823e-05,0.0004127360370592389,0.00038721614013447115,1.4292427931636624e-06,1.1135066564243823e-05,3.0267144687930386e-06,1,1,basket_1_main,0,0,1
er,8,5,4.4306350017895545e-07,0.0011373226384427525,0.039706475223298385,0.2750828779162083,4.4306350017895545e-07,0.0011373226384427525,5.726219985032467e-08,1.8848643661548976e-06,1.7806012321294116e-05,1.673949833432843e-05,5.726219985032467e-08,1.8848643661548976e-06,3.0782457168925587e-06,1,1,basket_1_main,0,0,1
er,8,6,4.430540750141535e-07,0.0011373232793595945,0.039706188041518285,0.2750984262538977,4.430540750141535e-07,0.0011373232793595945,2.454164288405591e-09,0.0,7.688383530609553e-07,7.246240047339254e-07,2.454164288405591e-09,0.0,3.081806883198191e-06,1,1,basket_1_main,0,0,1
er,8,7,4.430536820556195e-07,0.0011373264839383865,0.03970617564147176,0.2750990993282067,4.430536820556195e-07,0.0011373264839383865,1.0233749726569451e-10,1.1151007970493858e-06,3.3198854372793505e-08,3.136796489781336e-08,1.0233749726569451e-10,1.1151007970493858e-06,3.082017636684702e-06,1,1,basket_1_main,0,0,1
er,8,8,4.430536780484902e-07,0.0011373258430233506,0.039706175106048826,0.275099128469692,4.430536780484902e-07,0.0011373258430233506,9.495181397458522e-13,1.3978528260658475e-06,1.43386762828356e-09,1.3578428665441506e-09,9.495181397458522e-13,1.3978528260658475e-06,3.082029208258417e-06,1,1,basket_1_main,0,0,1
er,8,9,4.4305369080666476e-07,0.0011373303294210184,0.03970617508293179,0.2750991297521504,4.4305369080666476e-07,0.0011373303294210184,3.915778534399824e-12,1.7377590819732256e-06,6.237952868098769e-11,5.87921823078581e-11,3.915778534399824e-12,1.7377590819732256e-06,3.0820298153281433e-06,1,1,basket_1_main,0,0,1
er,8,10,4.430537042677544e-07,0.0011373252021079534,0.03970617508193572,0.2750991297971954,4.430537042677544e-07,0.0011373252021079534,4.1054101797805806e-12,1.7377590819732256e-06,5.089115380366191e-12,2.516929584390864e-12,4.1054101797805806e-12,1.7377590819732256e-06,3.0820298462514175e-06,1,1,basket_1_main,0,0,1
er,9,0,0.0,0.0,0.0,0.0,0.0,0.0,0.0,0.0,0.0,0.0,0.0,0.0,0.0,1,1,basket_1_main,0,0,1
er,9,1,1.3336199995998802e-07,4.062383844459384e-05,0.01176464311139206,7.69533804501856e-05,1.3336199995998802e-07,4.062383844459384e-05,2.66723999919976e-06,1.4180394713128291e-05,0.48987776725650506,4.861824658242803e-05,2.66723999919976e-06,1.4180394713128291e-05,1.76538382595211e-07,1,1,basket_1_main,0,0,1
er,9,2,7.870309633353811e-07,0.001182212941296834,0.04246640003957724,0.0680491434692569,7.870309633353811e-07,0.001182212941296834,1.640443185439954e-05,0.0004156143023686597,0.036888100338457123,0.1753058687892746,1.640443185439954e-05,0.0004156143023686597,8.78914076107365e-06,1,1,basket_1_main,0,0,1
er,9,3,4.549572749646843e-07,0.0011377340327660788,0.039869416542373276,0.2661841135027248,4.549572749646843e-07,0.0011377340327660788,1.2328306011749003e-05,0.00012475823124170765,0.009811939922980793,0.009436621023732137,1.2328306011749003e-05,0.00012475823124170765,2.702708455324415e-06,1,1,basket_1_main,0,0,1
er,9,4,4.432937628681449e-07,0.0011373252021079534,0.03971312939996125,0.2747234508475201,4.432937628681449e-07,0.0011373252021079534,1.429242794256909e-06,1.0941958278826502e-05,0.00041273603706119664,0.00038721614012556687,1.429242794256909e-06,1.0941958278826502e-05,3.0267144743318505e-06,1,1,basket_1_main,0,0,1
er,9,5,4.4306352079149957e-07,0.0011373219975255495,0.03970647522329906,0.2750828779109086,4.4306352079149957e-07,0.0011373219975255495,5.726220176706942e-08,1.032382731180714e-06,1.7806012321371556e-05,1.6739498338011038e-05,5.726220176706942e-08,1.032382731180714e-06,3.0782457223389085e-06,1,1,basket_1_main,0,0,1
er,9,6,4.430540955981008e-07,0.0011373219975255495,0.03970618804151896,0.2750984262459485,4.430540955981008e-07,0.0011373219975255495,2.454164220085288e-09,0.0,7.688383524075701e-07,7.24623983087134e-07,2.454164220085288e-09,0.0,3.0818068886322147e-06,1,1,basket_1_main,0,0,1
er,9,7,4.4305370265666655e-07,0.0011373252021079534,0.03970617564147239,0.27509909931760784,4.4305370265666655e-07,0.0011373252021079534,1.0233848888884836e-10,5.960464477539062e-07,3.319885226580259e-08,3.1367949406886835e-08,1.0233848888884836e-10,5.960464477539062e-07,3.0820176421176293e-06,1,1,basket_1_main,0,0,1
er,9,8,4.4305369863958945e-07,0.0011373226384427525,0.03970617510604946,0.27509912845379375,4.4305369863958945e-07,0.0011373226384427525,9.492483883819794e-13,7.300048299977713e-07,1.4338680744749144e-09,1.357811728209136e-09,9.492483883819794e-13,7.300048299977713e-07,3.0820292136906748e-06,1,1,basket_1_main,0,0,1
er,9,9,4.430537114456647e-07,0.0011373264839383865,0.03970617508293241,0.27509912973095274,4.430537114456647e-07,0.0011373264839383865,3.917986386458315e-12,1.032382731180714e-06,6.237985605098963e-11,5.880321570328341e-11,3.917986386458315e-12,1.032382731180714e-06,3.082029820760409e-06,1,1,basket_1_main,0,0,1
er,9,10,4.4305372487115925e-07,0.0011373226384427525,0.03970617508193632,0.2750991297812972,4.4305372487115925e-07,0.0011373226384427525,4.1066021259224775e-12,1.032382731180714e-06,5.090476744116868e-12,2.528867298220545e-12,4.1066021259224775e-12,1.032382731180714e-06,3.0820298516841945e-06,1,1,basket_1_main,0,0,1
er,10,0,0.0,0.0,0.0,0.0,0.0,0.0,0.0,0.0,0.0,0.0,0.0,0.0,0.0,1,1,basket_1_main,0,0,1
er,10,1,1.333619998858597e-07,4.062383844459384e-05,0.011764643111391991,7.694390751601417e-05,1.333619998858597e-07,4.062383844459384e-05,2.6672399977171936e-06,1.4180394713128291e-05,0.48987776725651566,4.861824654206002e-05,2.6672399977171936e-06,1.4180394713128291e-05,1.765383826051443e-07,1,1,basket_1_main,0,0,1
er,10,2,7.870309614219289e-07,0.0011822166407740081,0.042466400039577315,0.06804914354423958,7.870309614219289e-07,0.0011822166407740081,1.6404431793746528e-05,0.0004156153708801052,0.036888100338469246,0.1753058687887331,1.6404431793746528e-05,0.0004156153708801052,8.789140760593226e-06,1,1,basket_1_main,0,0,1
er,10,3,4.5495727145009165e-07,0.0011377391582367156,0.03986941654237328,0.2661841135191555,4.5495727145009165e-07,0.0011377391582367156,1.2328306017233426e-05,0.0001247674858544911,0.009811939922980973,0.009436621023721848,1.2328306017233426e-05,0.0001247674858544911,2.7027084539781816e-06,1,1,basket_1_main,0,0,1
er,10,4,4.432937606701611e-07,0.0011373213566079853,0.03971312939996109,0.2747234508289468,4.432937606701611e-07,0.0011373213566079853,1.4292427929050787e-06,1.0958180612832588e-05,0.00041273603705569567,0.0003872161401382443,1.4292427929050787e-06,1.0958180612832588e-05,3.0267144731282434e-06,1,1,basket_1_main,0,0,1
er,10,5,4.4306351864446767e-07,0.0011373277657673751,0.039706475223299086,0.27508287793210745,4.4306351864446767e-07,0.0011373277657673751,5.726220136849186e-08,1.264405455326821e-06,1.780601232010725e-05,1.6739498347985576e-05,5.726220136849186e-08,1.264405455326821e-06,3.0782457211570054e-06,1,1,basket_1_main,0,0,1
er,10,6,4.430540934769696e-07,0.0011373258430233506,0.039706188041518965,0.2750984262591971,4.430540934769696e-07,0.0011373258430233506,2.454164099340831e-09,1.4600096599955428e-06,7.68838353266136e-07,7.24623981055246e-07,2.454164099340831e-09,1.4600096599955428e-06,3.081806887450955e-06,1,1,basket_1_main,0,0,1
er,10,7,4.4305370052712577e-07,0.0011373303294210184,0.03970617564147243,0.2750990993361558,4.4305370052712577e-07,0.0011373303294210184,1.0233854373448006e-10,1.7377590819732256e-06,3.3198853128438194e-08,3.136794959297962e-08,1.0233854373448006e-10,1.7377590819732256e-06,3.082017640935758e-06,1,1,basket_1_main,0,0,1
er,10,8,4.4305369651107496e-07,0.0011373290475949192,0.039706175106049506,0.2750991284802908,4.4305369651107496e-07,0.0011373290475949192,9.495566532490066e-13,1.9768624248238807e-06,1.4338699223111658e-09,1.3578012726237235e-09,9.495566532490066e-13,1.9768624248238807e-06,3.0820292125094975e-06,1,1,basket_1_main,0,0,1
er,10,9,4.43053709271665e-07,0.0011373322521574583,0.03970617508293244,0.2750991297521504,4.43053709271665e-07,0.0011373322521574583,3.9168864100476815e-12,2.1490760299348775e-06,6.238084804860778e-11,5.880096367592186e-11,3.9168864100476815e-12,2.1490760299348775e-06,3.082029819579886e-06,1,1,basket_1_main,0,0,1
er,10,10,4.430537227221549e-07,0.0011373271248530615,0.03970617508193634,0.27509912979984513,4.430537227221549e-07,0.0011373271248530615,4.106735488027082e-12,1.9768624248238807e-06,5.090426865006724e-12,2.528770231820862e-12,4.106735488027082e-12,1.9768624248238807e-06,3.0820298505029817e-06,1,1,basket_1_main,0,0,1
er,11,0,0.0,0.0,0.0,0.0,0.0,0.0,0.0,0.0,0.0,0.0,0.0,0.0,0.0,1,1,basket_1_main,0,0,1
er,11,1,1.3336200011096153e-07,4.067763300152387e-05,0.011764643111391561,7.698179225859328e-05,1.3336200011096153e-07,4.067763300152387e-05,2.6672400022192305e-06,1.4199172555889901e-05,0.4898777672565642,4.861824649239664e-05,2.6672400022192305e-06,1.4199172555889901e-05,1.765383826630842e-07,1,1,basket_1_main,0,0,1
er,11,2,7.870309881620394e-07,0.0011822154076162363,0.042466400039576795,0.06804914354423958,7.870309881620394e-07,0.0011822154076162363,1.640443259025262e-05,0.0004156157982839143,0.036888100338450705,0.175305868790069,1.640443259025262e-05,0.0004156157982839143,8.789140763801994e-06,1,1,basket_1_main,0,0,1
er,11,3,4.549573165503992e-07,0.0011377462057211396,0.03986941654237398,0.2661841135164171,4.549573165503992e-07,0.0011377462057211396,1.232830599931113e-05,0.00012477389249200378,0.009811939922977455,0.009436621023796032,1.232830599931113e-05,0.00012477389249200378,2.702708461937902e-06,1,1,basket_1_main,0,0,1
er,11,4,4.4329379192267175e-07,0.001137334174890648,0.039713129399961966,0.27472345085282673,4.4329379192267175e-07,0.001137334174890648,1.4292427905871783e-06,1.1198696033988106e-05,0.00041273603706346826,0.0003872161401466684,1.4292427905871783e-06,1.1198696033988106e-05,3.026714480301789e-06,1,1,basket_1_main,0,0,1
er,11,5,4.4306354933783275e-07,0.0011373219975255495,0.03970647522329978,0.2750828779162083,4.4306354933783275e-07,0.0011373219975255495,5.726219887348933e-08,1.8848643661548976e-06,1.780601232014331e-05,1.6739498350027403e-05,5.726219887348933e-08,1.8848643661548976e-06,3.0782457282446755e-06,1,1,basket_1_main,0,0,1
er,11,6,4.430541241044949e-07,0.0011373245611921946,0.039706188041519735,0.27509842626184683,4.430541241044949e-07,0.0011373245611921946,2.4541694044139874e-09,5.960464477539062e-07,7.688383525457887e-07,7.246239892358643e-07,2.4541694044139874e-09,5.960464477539062e-07,3.081806894437269e-06,1,1,basket_1_main,0,0,1
er,11,7,4.43053731168255e-07,0.0011373277657673751,0.03970617564147317,0.27509909933350607,4.43053731168255e-07,0.0011373277657673751,1.0233612139152439e-10,1.3978528260658475e-06,3.3198853821201236e-08,3.136796904582346e-08,1.0233612139152439e-10,1.3978528260658475e-06,3.0820176480589865e-06,1,1,basket_1_main,0,0,1
er,11,8,4.430537271377613e-07,0.0011373252021079534,0.039706175106050234,0.275099128469692,4.430537271377613e-07,0.0011373252021079534,9.488936811774229e-13,1.3978528260658475e-06,1.433870553540033e-09,1.3578185268612506e-09,9.488936811774229e-13,1.3978528260658475e-06,3.0820292197153605e-06,1,1,basket_1_main,0,0,1
er,11,9,4.430537398960735e-07,0.0011373303294210184,0.039706175082933184,0.2750991297521504,4.430537398960735e-07,0.0011373303294210184,3.91480468818914e-12,1.632340423778195e-06,6.237630418456968e-11,5.879373926738505e-11,3.91480468818914e-12,1.632340423778195e-06,3.0820298267185087e-06,1,1,basket_1_main,0,0,1
er,11,10,4.430537533220605e-07,0.0011373252021079534,0.0397061750819371,0.27509912979984513,4.430537533220605e-07,0.0011373252021079534,4.1026429147227854e-12,1.6858739404357618e-06,5.089816898790056e-12,2.5365990311093784e-12,4.1026429147227854e-12,1.6858739404357618e-06,3.0820298575744184e-06,1,1,basket_1_main,0,0,1
er,12,0,0.0,0.0,0.0,0.0,0.0,0.0,0.0,0.0,0.0,0.0,0.0,0.0,0.0,1,1,basket_1_main,0,0,1
er,12,1,1.3336199996464082e-07,4.062383844459384e-05,0.011764643111391561,7.694390751601417e-05,1.3336199996464082e-07,4.062383844459384e-05,2.6672399992928163e-06,1.4180394713128291e-05,0.4898777672565575,4.861824651188314e-05,2.6672399992928163e-06,1.4180394713128291e-05,1.7653838266474116e-07,1,1,basket_1_main,0,0,1
er,12,2,7.870309501830941e-07,0.001182212941296834,0.04246640003957705,0.06804914349068052,7.870309501830941e-07,0.001182212941296834,1.6404431468004734e-05,0.0004156140886660409,0.03688810033845812,0.17530586878929472,1.6404431468004734e-05,0.0004156140886660409,8.789140759461436e-06,1,1,basket_1_main,0,0,1
er,12,3,4.5495725234469887e-07,0.001137740439600767,0.039869416542372686,0.2661841134945095,4.5495725234469887e-07,0.001137740439600767,1.2328306011386994e-05,0.0001247646383544427,0.009811939922979952,0.00943662102365075,1.2328306011386994e-05,0.0001247646383544427,2.702708451077931e-06,1,1,basket_1_main,0,0,1
er,12,4,4.432937473311452e-07,0.0011373328930688827,0.039713129399960675,0.2747234508475201,4.432937473311452e-07,0.0011373328930688827,1.4292427954752426e-06,1.1119102302895708e-05,0.00041273603706003367,0.00038721614012236387,1.4292427954752426e-06,1.1119102302895708e-05,3.0267144705388505e-06,1,1,basket_1_main,0,0,1
er,12,5,4.4306350557961994e-07,0.0011373213566079853,0.039706475223298496,0.2750828779162083,4.4306350557961994e-07,0.0011373213566079853,5.726219988022511e-08,1.7881393432617192e-06,1.780601232045166e-05,1.673949833356792e-05,5.726219988022511e-08,1.7881393432617192e-06,3.0782457186091434e-06,1,1,basket_1_main,0,0,1
er,12,6,4.4305408042609883e-07,0.0011373213566079853,0.03970618804151841,0.27509842624859826,4.4305408042609883e-07,0.0011373213566079853,2.454160921559436e-09,0.0,7.688383531710687e-07,7.246240009482966e-07,2.454160921559436e-09,0.0,3.0818068849135782e-06,1,1,basket_1_main,0,0,1
er,12,7,4.430536874820307e-07,0.0011373258430233506,0.03970617564147187,0.2750990993282067,4.430536874820307e-07,0.0011373258430233506,1.0233861185019307e-10,7.300048299977713e-07,3.31988539296737e-08,3.136796687949539e-08,1.0233861185019307e-10,7.300048299977713e-07,3.08201763839993e-06,1,1,basket_1_main,0,0,1
er,12,8,4.430536834716802e-07,0.0011373226384427525,0.03970617510604892,0.2750991284590931,4.430536834716802e-07,0.0011373226384427525,9.490208390476509e-13,1.032382731180714e-06,1.4338705584185615e-09,1.3578431313454771e-09,9.490208390476509e-13,1.032382731180714e-06,3.0820292099723357e-06,1,1,basket_1_main,0,0,1
er,12,9,4.43053696236297e-07,0.0011373271248530615,0.03970617508293186,0.27509912973625217,4.43053696236297e-07,0.0011373271248530615,3.916885269406726e-12,1.1151007970493858e-06,6.237941559608307e-11,5.877903721882099e-11,3.916885269406726e-12,1.1151007970493858e-06,3.082029817042796e-06,1,1,basket_1_main,0,0,1
er,12,10,4.430537096801637e-07,0.0011373213566079853,0.03970617508193579,0.27509912978394685,4.430537096801637e-07,0.0011373213566079853,4.106665147590278e-12,1.032382731180714e-06,5.0908159056092704e-12,2.5395397200123216e-12,4.106665147590278e-12,1.032382731180714e-06,3.082029847967271e-06,1,1,basket_1_main,0,0,1
er,13,0,0.0,0.0,0.0,0.0,0.0,0.0,0.0,0.0,0.0,0.0,0.0,0.0,0.0,1,1,basket_1_main,0,0,1
er,13,1,1.3336199995138235e-07,4.055200136195734e-05,0.011764643111392047,7.691548171336338e-05,1.3336199995138235e-07,4.055200136195734e-05,2.6672399990276467e-06,1.4155318840787608e-05,0.48987776725650645,4.861824650012139e-05,2.6672399990276467e-06,1.4155318840787608e-05,1.7653838260182016e-07,1,1,basket_1_main,0,0,1
er,13,2,7.870309488598136e-07,0.0011822098583903454,0.04246640003957719,0.06804914342640966,7.870309488598136e-07,0.0011822098583903454,1.640443141352389e-05,0.0004156125927446329,0.03688810033845598,0.17530586879000476,1.640443141352389e-05,0.0004156125927446329,8.78914075941996e-06,1,1,basket_1_main,0,0,1
er,13,3,4.5495725264327994e-07,0.0011377295479603302,0.03986941654237274,0.2661841134835557,4.5495725264327994e-07,0.0011377295479603302,1.2328306009558704e-05,0.00012474968791284453,0.009811939922981988,0.009436621023651632,1.2328306009558704e-05,0.00012474968791284453,2.7027084507348116e-06,1,1,basket_1_main,0,0,1
er,13,4,4.4329374873116036e-07,0.0011373226384427525,0.03971312939996072,0.27472345083690675,4.4329374873116036e-07,0.0011373226384427525,1.4292427936903144e-06,1.0844114660418318e-05,0.00041273603705920675,0.00038721614010898725,1.4292427936903144e-06,1.0844114660418318e-05,3.026714470235299e-06,1,1,basket_1_main,0,0,1
er,13,5,4.430635070451694e-07,0.0011373296885081494,0.03970647522329872,0.2750828779427069,4.430635070451694e-07,0.0011373296885081494,5.7262202444195345e-08,1.57699067060029e-06,1.7806012320535714e-05,1.6739498360909672e-05,5.7262202444195345e-08,1.57699067060029e-06,3.078245718310719e-06,1,1,basket_1_main,0,0,1
er,13,6,4.4305408188928625e-07,0.001137320074771773,0.03970618804151846,0.27509842623799935,4.4305408188928625e-07,0.001137320074771773,2.4541614412388456e-09,1.032382731180714e-06,7.688383525497436e-07,7.246240297293328e-07,2.4541614412388456e-09,1.032382731180714e-06,3.0818068846085337e-06,1,1,basket_1_main,0,0,1
er,13,7,4.430536889266897e-07,0.0011373226384427525,0.039706175641471886,0.27509909930965876,4.430536889266897e-07,0.0011373226384427525,1.0233837848965618e-10,0.0,3.319885087753743e-08,3.1367961276883805e-08,1.0233837848965618e-10,0.0,3.0820176380929264e-06,1,1,basket_1_main,0,0,1
er,13,8,4.4305368492269995e-07,0.0011373213566079853,0.03970617510604898,0.27509912844849427,4.4305368492269995e-07,0.0011373213566079853,9.500450851534378e-13,0.0,1.4338706374610054e-09,1.3578207358520763e-09,9.500450851534378e-13,0.0,3.082029209666623e-06,1,1,basket_1_main,0,0,1
er,13,9,4.4305369770928125e-07,0.0011373264839383865,0.039706175082931915,0.27509912973095274,4.4305369770928125e-07,0.0011373264839383865,3.917989068509962e-12,8.429369702178807e-07,6.237742710929648e-11,5.880792753796769e-11,3.917989068509962e-12,8.429369702178807e-07,3.0820298167384273e-06,1,1,basket_1_main,0,0,1
er,13,10,4.4305371114603605e-07,0.0011373213566079853,0.03970617508193586,0.2750991297786475,4.4305371114603605e-07,0.0011373213566079853,4.106735245701879e-12,8.429369702178807e-07,5.091585174250035e-12,2.5539727679832796e-12,4.106735245701879e-12,8.429369702178807e-07,3.082029847660905e-06,1,1,basket_1_main,0,0,1
er,14,0,0.0,0.0,0.0,0.0,0.0,0.0,0.0,0.0,0.0,0.0,0.0,0.0,0.0,1,1,basket_1_main,0,0,1
er,14,1,1.333620000648967e-07,4.0569972557770575e-05,0.011764643111391936,7.692495814803414e-05,1.333620000648967e-07,4.0569972557770575e-05,2.667240001297934e-06,1.4161591971536838e-05,0.4898777672565193,4.8618246511914025e-05,2.667240001297934e-06,1.4161591971536838e-05,1.765383826149474e-07,1,1,basket_1_main,0,0,1
er,14,2,7.870309498560954e-07,0.0011822086252254989,0.04246640003957746,0.06804914343712147,7.870309498560954e-07,0.0011822086252254989,1.640443147142564e-05,0.00041561216533752735,0.03688810033847563,0.17530586878823365,1.640443147142564e-05,0.00041561216533752735,8.78914075942624e-06,1,1,basket_1_main,0,0,1
er,14,3,4.549572513546669e-07,0.0011377365955042836,0.03986941654237276,0.2661841134862941,4.549572513546669e-07,0.0011377365955042836,1.2328306020978663e-05,0.00012475609546434025,0.009811939922978683,0.009436621023654822,1.2328306020978663e-05,0.00012475609546434025,2.702708451157754e-06,1,1,basket_1_main,0,0,1
er,14,4,4.4329374571964494e-07,0.0011373296885081494,0.03971312939996075,0.2747234508395601,4.4329374571964494e-07,0.0011373296885081494,1.4292427945586056e-06,1.1038934694202166e-05,0.00041273603705892264,0.00038721614013736586,1.4292427945586056e-06,1.1038934694202166e-05,3.026714470610509e-06,1,1,basket_1_main,0,0,1
er,14,5,4.430635039083866e-07,0.0011373271248530615,0.03970647522329874,0.2750828779427069,4.430635039083866e-07,0.0011373271248530615,5.726220044951235e-08,1.9314112360500884e-06,1.7806012321739883e-05,1.673949833401652e-05,5.726220044951235e-08,1.9314112360500884e-06,3.0782457186796563e-06,1,1,basket_1_main,0,0,1
er,14,6,4.4305407874340107e-07,0.001137318152014746,0.039706188041518486,0.2750984262406491,4.4305407874340107e-07,0.001137318152014746,2.454162545791319e-09,0.0,7.688383522047857e-07,7.246240072917934e-07,2.454162545791319e-09,0.0,3.081806884983952e-06,1,1,basket_1_main,0,0,1
er,14,7,4.430536857957845e-07,0.0011373213566079853,0.039706175641471934,0.27509909931495813,4.430536857957845e-07,0.0011373213566079853,1.0233854376802549e-10,0.0,3.3198852609796744e-08,3.1367974552961715e-08,1.0233854376802549e-10,0.0,3.0820176384703533e-06,1,1,basket_1_main,0,0,1
er,14,8,4.4305368178557007e-07,0.0011373207156900598,0.03970617510604903,0.27509912845379375,4.4305368178557007e-07,0.0011373207156900598,9.505238439538995e-13,0.0,1.433870962314828e-09,1.3578454290504617e-09,9.505238439538995e-13,0.0,3.082029210042687e-06,1,1,basket_1_main,0,0,1
er,14,9,4.430536945657546e-07,0.0011373239202760752,0.03970617508293195,0.27509912973095274,4.430536945657546e-07,0.0011373239202760752,3.915837654154567e-12,0.0,6.237952542548567e-11,5.877644399007212e-11,3.915837654154567e-12,0.0,3.082029817113111e-06,1,1,basket_1_main,0,0,1
er,14,10,4.4305370801339973e-07,0.001137318152014746,0.039706175081935864,0.27509912977334805,4.4305370801339973e-07,0.001137318152014746,4.104373360384622e-12,0.0,5.090441302021185e-12,2.5286317059180585e-12,4.104373360384622e-12,0.0,3.082029848035669e-06,1,1,basket_1_main,0,0,1
er,15,0,0.0,0.0,0.0,0.0,0.0,0.0,0.0,0.0,0.0,0.0,0.0,0.0,0.0,1,1,basket_1_main,0,0,1
er,15,1,1.3336199986430445e-07,4.053402219842145e-05,0.0117646431113917,7.689652534050287e-05,1.3336199986430445e-07,4.053402219842145e-05,2.667239997286089e-06,1.414904292877849e-05,0.4898777672565366,4.861824657003608e-05,2.667239997286089e-06,1.414904292877849e-05,1.7653838265812178e-07,1,1,basket_1_main,0,0,1
er,15,2,7.870309768998153e-07,0.0011822098583903454,0.04246640003957677,0.06804914344783329,7.870309768998153e-07,0.0011822098583903454,1.6404432257171874e-05,0.00041561216533752735,0.03688810033842844,0.1753058687894847,1.6404432257171874e-05,0.00041561216533752735,8.789140762694473e-06,1,1,basket_1_main,0,0,1
er,15,3,4.5495729811284605e-07,0.0011377365955042836,0.03986941654237354,0.26618411347807874,4.5495729811284605e-07,0.0011377365955042836,1.2328306000131024e-05,0.00012475680739419201,0.009811939922982288,0.009436621023795092,1.2328306000131024e-05,0.00012475680739419201,2.7027084589215464e-06,1,1,basket_1_main,0,0,1
er,15,4,4.4329377915718596e-07,0.0011373264839383865,0.0397131293999615,0.27472345082364014,4.4329377915718596e-07,0.0011373264839383865,1.4292427914954149e-06,1.0990553447357418e-05,0.0004127360370606823,0.0003872161401381105,1.4292427914954149e-06,1.0990553447357418e-05,3.0267144775274856e-06,1,1,basket_1_main,0,0,1
er,15,5,4.4306353678605395e-07,0.0011373245611921946,0.039706475223299495,0.27508287792680775,4.4306353678605395e-07,0.0011373245611921946,5.726220174371876e-08,1.5196262340524151e-06,1.7806012322664738e-05,1.6739498362834785e-05,5.726220174371876e-08,1.5196262340524151e-06,3.0782457254814114e-06,1,1,basket_1_main,0,0,1
er,15,6,4.4305411160386506e-07,0.0011373271248530615,0.03970618804151943,0.2750984262724457,4.4305411160386506e-07,0.0011373271248530615,2.4541644333260095e-09,1.3328003749250115e-06,7.688383529405911e-07,7.246240001805428e-07,2.4541644333260095e-09,1.3328003749250115e-06,3.081806891778094e-06,1,1,basket_1_main,0,0,1
er,15,7,4.4305371865758246e-07,0.0011373316112456729,0.0397061756414729,0.275099099352054,4.4305371865758246e-07,0.0011373316112456729,1.0233847579315457e-10,1.9314112360500884e-06,3.319885299432443e-08,3.1367969280688574e-08,1.0233847579315457e-10,1.9314112360500884e-06,3.0820176452653676e-06,1,1,basket_1_main,0,0,1
er,15,8,4.4305371464190916e-07,0.0011373213566079853,0.03970617510604984,0.27509912845379375,4.4305371464190916e-07,0.0011373213566079853,9.475282072562691e-13,1.4600096599955428e-06,1.4338712074479184e-09,1.3578571116977316e-09,9.475282072562691e-13,1.4600096599955428e-06,3.0820292168384377e-06,1,1,basket_1_main,0,0,1
er,15,9,4.4305372742023306e-07,0.0011373264839383865,0.039706175082932775,0.27509912973625217,4.4305372742023306e-07,0.0011373264839383865,3.9180622199361195e-12,8.429369702178807e-07,6.237802552865252e-11,5.874348281718058e-11,3.9180622199361195e-12,8.429369702178807e-07,3.082029823908171e-06,1,1,basket_1_main,0,0,1
er,15,10,4.4305374086818246e-07,0.0011373213566079853,0.03970617508193672,0.27509912978394685,4.4305374086818246e-07,0.0011373213566079853,4.10673216681501e-12,9.424321830774486e-07,5.089494060548174e-12,2.5159478784253985e-12,4.10673216681501e-12,9.424321830774486e-07,3.0820298548312667e-06,1,1,basket_1_main,0,0,1
er,16,0,0.0,0.0,0.0,0.0,0.0,0.0,0.0,0.0,0.0,0.0,0.0,0.0,0.0,1,1,basket_1_main,0,0,1
er,16,1,1.333619999863737e-07,4.060589108854025e-05,0.01176464311139195,7.693443341544065e-05,1.333619999863737e-07,4.060589108854025e-05,2.667239999727474e-06,1.4174129904025034e-05,0.48987776725651627,4.8618246590150386e-05,2.667239999727474e-06,1.4174129904025034e-05,1.7653838260511824e-07,1,1,basket_1_main,0,0,1
er,16,2,7.87030970655405e-07,0.0011822098583903454,0.042466400039577065,0.06804914344783329,7.87030970655405e-07,0.0011822098583903454,1.640443208465039e-05,0.00041561302015129893,0.03688810033844983,0.17530586878952212,1.640443208465039e-05,0.00041561302015129893,8.789140762066096e-06,1,1,basket_1_main,0,0,1
er,16,3,4.5495728697640574e-07,0.0011377410802822516,0.03986941654237348,0.2661841134945095,4.5495728697640574e-07,0.0011377410802822516,1.2328306004735922e-05,0.000124762502686757,0.009811939922981565,0.009436621023770003,1.2328306004735922e-05,0.000124762502686757,2.702708457364666e-06,1,1,basket_1_main,0,0,1
er,16,4,4.432937705633848e-07,0.0011373322521574583,0.039713129399961467,0.27472345084221345,4.432937705633848e-07,0.0011373322521574583,1.4292427899322816e-06,1.1119102302895708e-05,0.0004127360370589119,0.00038721614016437795,1.4292427899322816e-06,1.1119102302895708e-05,3.0267144761377485e-06,1,1,basket_1_main,0,0,1
er,16,5,4.430635282909134e-07,0.001137320074771773,0.039706475223299384,0.2750828779056088,4.430635282909134e-07,0.001137320074771773,5.726220025174463e-08,1.57699067060029e-06,1.780601233188967e-05,1.673949833411651e-05,5.726220025174463e-08,1.57699067060029e-06,3.0782457241157545e-06,1,1,basket_1_main,0,0,1
er,16,6,4.430541030910394e-07,0.0011373213566079853,0.039706188041519215,0.2750984262459485,4.430541030910394e-07,0.0011373213566079853,2.4541639542472256e-09,0.0,7.688383524728779e-07,7.246239920772856e-07,2.4541639542472256e-09,0.0,3.081806890413942e-06,1,1,basket_1_main,0,0,1
er,16,7,4.430537101297762e-07,0.0011373245611921946,0.03970617564147266,0.27509909932025756,4.430537101297762e-07,0.0011373245611921946,1.023384205141247e-10,4.2146848510894033e-07,3.3198852612189725e-08,3.1367961571327016e-08,1.023384205141247e-10,4.2146848510894033e-07,3.082017643899927e-06,1,1,basket_1_main,0,0,1
er,16,8,4.430537061350297e-07,0.0011373213566079853,0.03970617510604973,0.27509912845379375,4.430537061350297e-07,0.0011373213566079853,9.495352029451118e-13,5.960464477539062e-07,1.4338704938581299e-09,1.357818009894189e-09,9.495352029451118e-13,5.960464477539062e-07,3.082029215473692e-06,1,1,basket_1_main,0,0,1
er,16,9,4.430537189180743e-07,0.0011373264839383865,0.039706175082932664,0.27509912973360245,4.430537189180743e-07,0.0011373264839383865,3.914656074309686e-12,9.424321830774486e-07,6.237754342053146e-11,5.880691300622292e-11,3.914656074309686e-12,9.424321830774486e-07,3.0820298225433897e-06,1,1,basket_1_main,0,0,1
er,16,10,4.430537323606856e-07,0.0011373219975255495,0.03970617508193659,0.27509912978394685,4.430537323606856e-07,0.0011373219975255495,4.106455807551365e-12,1.032382731180714e-06,5.090300445531962e-12,2.536125276064102e-12,4.106455807551365e-12,1.032382731180714e-06,3.0820298534657958e-06,1,1,basket_1_main,0,0,1
er,17,0,0.0,0.0,0.0,0.0,0.0,0.0,0.0,0.0,0.0,0.0,0.0,0.0,0.0,1,1,basket_1_main,0,0,1
er,17,1,1.3336200002459575e-07,4.0569972557770575e-05,0.011764643111391866,7.692495814803414e-05,1.3336200002459575e-07,4.0569972557770575e-05,2.6672400004919147e-06,1.4161591971536838e-05,0.4898777672565217,4.8618246497340986e-05,2.6672400004919147e-06,1.4161591971536838e-05,1.7653838262503689e-07,1,1,basket_1_main,0,0,1
er,17,2,7.870309559383608e-07,0.0011822123247161793,0.04246640003957729,0.0680491434692569,7.870309559383608e-07,0.0011822123247161793,1.6404431656331072e-05,0.00041561366126047374,0.03688810033846855,0.17530586878899185,1.6404431656331072e-05,0.00041561366126047374,8.789140760202947e-06,1,1,basket_1_main,0,0,1
er,17,3,4.549572600155388e-07,0.0011377442836842625,0.039869416542373054,0.2661841135054633,4.549572600155388e-07,0.0011377442836842625,1.232830601925518e-05,0.00012476890958014548,0.009811939922979913,0.009436621023680205,1.232830601925518e-05,0.00012476890958014548,2.7027084530370903e-06,1,1,basket_1_main,0,0,1
er,17,4,4.432937510524309e-07,0.0011373277657673751,0.039713129399960904,0.27472345082364014,4.432937510524309e-07,0.0011373277657673751,1.4292427947583366e-06,1.110311508786523e-05,0.00041273603706030223,0.0003872161401623872,1.4292427947583366e-06,1.110311508786523e-05,3.026714472285925e-06,1,1,basket_1_main,0,0,1
er,17,5,4.430635091266675e-07,0.0011373245611921946,0.039706475223298884,0.27508287792680775,4.430635091266675e-07,0.0011373245611921946,5.726220039681618e-08,1.632340423778195e-06,1.7806012321135745e-05,1.673949835553182e-05,5.726220039681618e-08,1.632340423778195e-06,3.078245720327637e-06,1,1,basket_1_main,0,0,1
er,17,6,4.4305408393872244e-07,0.0011373245611921946,0.03970618804151878,0.2750984262591971,4.4305408393872244e-07,0.0011373245611921946,2.4541642200776862e-09,1.1151007970493858e-06,7.688383515826737e-07,7.246239700869366e-07,2.4541642200776862e-09,1.1151007970493858e-06,3.0818068866294082e-06,1,1,basket_1_main,0,0,1
er,17,7,4.430536909807481e-07,0.0011373277657673751,0.03970617564147222,0.2750990993308564,4.430536909807481e-07,0.0011373277657673751,1.0233848858167472e-10,1.3978528260658475e-06,3.319885264545847e-08,3.136796010536173e-08,1.0233848858167472e-10,1.3978528260658475e-06,3.0820176401156458e-06,1,1,basket_1_main,0,0,1
er,17,8,4.4305368695752206e-07,0.0011373264839383865,0.039706175106049305,0.2750991284723417,4.4305368695752206e-07,0.0011373264839383865,9.505074070491103e-13,1.57699067060029e-06,1.4338708651023997e-09,1.3578008495876187e-09,9.505074070491103e-13,1.57699067060029e-06,3.0820292116893888e-06,1,1,basket_1_main,0,0,1
er,17,9,4.430536997670355e-07,0.0011373309703335262,0.03970617508293225,0.2750991297521504,4.430536997670355e-07,0.0011373309703335262,3.9168713555690335e-12,1.8371385344770483e-06,6.237989294818801e-11,5.881526362062587e-11,3.9168713555690335e-12,1.8371385344770483e-06,3.082029818758433e-06,1,1,basket_1_main,0,0,1
er,17,10,4.4305371320225623e-07,0.0011373258430233506,0.03970617508193616,0.27509912979984513,4.4305371320225623e-07,0.0011373258430233506,4.106529968445362e-12,1.7881393432617192e-06,5.089191777505206e-12,2.5299151748720914e-12,4.106529968445362e-12,1.7881393432617192e-06,3.0820298496822186e-06,1,1,basket_1_main,0,0,1
er,18,0,0.0,0.0,0.0,0.0,0.0,0.0,0.0,0.0,0.0,0.0,0.0,0.0,0.0,1,1,basket_1_main,0,0,1
er,18,1,1.3336200003252395e-07,4.065970939060676e-05,0.011764643111391838,7.69628522183857e-05,1.3336200003252395e-07,4.065970939060676e-05,2.667240000650479e-06,1.4192916035402904e-05,0.48987776725652976,4.861824655980756e-05,2.667240000650479e-06,1.4192916035402904e-05,1.76538382618252e-07,1,1,basket_1_main,0,0,1
er,18,2,7.870309702415454e-07,0.0011822098583903454,0.042466400039576864,0.06804914347996871,7.870309702415454e-07,0.0011822098583903454,1.6404432051850078e-05,0.0004156134475575254,0.03688810033842539,0.1753058687894338,1.6404432051850078e-05,0.0004156134475575254,8.789140761815571e-06,1,1,basket_1_main,0,0,1
er,18,3,4.549572870356166e-07,0.001137740439600767,0.03986941654237341,0.2661841134999864,4.549572870356166e-07,0.001137740439600767,1.2328305999061377e-05,0.00012476036698251265,0.009811939922981853,0.00943662102373956,1.2328305999061377e-05,0.00012476036698251265,2.7027084566604e-06,1,1,basket_1_main,0,0,1
er,18,4,4.432937718408462e-07,0.0011373322521574583,0.03971312939996139,0.2747234508501734,4.432937718408462e-07,0.0011373322521574583,1.429242793027009e-06,1.110311508786523e-05,0.0004127360370576756,0.00038721614016199644,1.429242793027009e-06,1.110311508786523e-05,3.026714475510354e-06,1,1,basket_1_main,0,0,1
er,18,5,4.4306352963115404e-07,0.0011373187929341164,0.03970647522329919,0.2750828779082587,4.4306352963115404e-07,0.0011373187929341164,5.726219977339867e-08,1.4600096599955428e-06,1.7806012321534735e-05,1.6739498335690066e-05,5.726219977339867e-08,1.4600096599955428e-06,3.0782457234979774e-06,1,1,basket_1_main,0,0,1
er,18,6,4.4305410447652046e-07,0.001137319433853125,0.03970618804151911,0.2750984262459485,4.4305410447652046e-07,0.001137319433853125,2.4541621479359176e-09,0.0,7.688383515099834e-07,7.246240150991852e-07,2.4541621479359176e-09,0.0,3.081806889796837e-06,1,1,basket_1_main,0,0,1
er,18,7,4.43053711505411e-07,0.0011373239202760752,0.03970617564147259,0.275099099325557,4.43053711505411e-07,0.0011373239202760752,1.0233858533962508e-10,0.0,3.319885311879666e-08,3.1367961973383486e-08,1.0233858533962508e-10,0.0,3.0820176432835977e-06,1,1,basket_1_main,0,0,1
er,18,8,4.430537074947034e-07,0.0011373226384427525,0.03970617510604965,0.27509912846439255,4.430537074947034e-07,0.0011373226384427525,9.48829188929563e-13,4.2146848510894033e-07,1.4338694705729575e-09,1.3578323811890408e-09,9.48829188929563e-13,4.2146848510894033e-07,3.0820292148566038e-06,1,1,basket_1_main,0,0,1
er,18,9,4.4305372030064263e-07,0.0011373264839383865,0.039706175082932595,0.2750991297442013,4.4305372030064263e-07,0.0011373264839383865,3.916873717893839e-12,1.032382731180714e-06,6.23784520290635e-11,5.879322425836556e-11,3.916873717893839e-12,1.032382731180714e-06,3.0820298219263465e-06,1,1,basket_1_main,0,0,1
er,18,10,4.4305373372624057e-07,0.0011373213566079853,0.03970617508193653,0.2750991297892463,4.4305373372624057e-07,0.0011373213566079853,4.105627023988789e-12,8.429369702178807e-07,5.089839169956767e-12,2.5265970778309397e-12,4.105627023988789e-12,8.429369702178807e-07,3.0820298528509557e-06,1,1,basket_1_main,0,0,1
er,19,0,0.0,0.0,0.0,0.0,0.0,0.0,0.0,0.0,0.0,0.0,0.0,0.0,0.0,1,1,basket_1_main,0,0,1
er,19,1,1.3336199992601797e-07,4.065970939060676e-05,0.011764643111392005,7.697232282104486e-05,1.3336199992601797e-07,4.065970939060676e-05,2.667239998520359e-06,1.4192916035402904e-05,0.4898777672565132,4.8618246521817216e-05,2.667239998520359e-06,1.4192916035402904e-05,1.7653838260183319e-07,1,1,basket_1_main,0,0,1
er,19,2,7.870309493407517e-07,0.0011822110915539054,0.04246640003957708,0.06804914341569784,7.870309493407517e-07,0.0011822110915539054,1.640443141982619e-05,0.00041561387496331226,0.03688810033849202,0.1753058687906278,1.640443141982619e-05,0.00041561387496331226,8.789140759217038e-06,1,1,basket_1_main,0,0,1
er,19,3,4.549572531584504e-07,0.0011377308293352053,0.039869416542372665,0.2661841134862941,4.549572531584504e-07,0.0011377308293352053,1.232830601066592e-05,0.00012475182379991057,0.00981193992297769,0.009436621023663471,1.232830601066592e-05,0.00012475182379991057,2.70270845034617e-06,1,1,basket_1_main,0,0,1
er,19,4,4.432937492713684e-07,0.0011373239202760752,0.03971312939996065,0.2747234508395601,4.432937492713684e-07,0.0011373239202760752,1.4292427950852527e-06,1.0876826996144582e-05,0.0004127360370592341,0.00038721614010775977,1.4292427950852527e-06,1.0876826996144582e-05,3.0267144698897196e-06,1,1,basket_1_main,0,0,1
er,19,5,4.430635075897525e-07,0.0011373226384427525,0.039706475223298586,0.2750828779082587,4.430635075897525e-07,0.0011373226384427525,5.726220103546905e-08,8.429369702178807e-07,1.78060123315612e-05,1.673949832739437e-05,5.726220103546905e-08,8.429369702178807e-07,3.0782457179721534e-06,1,1,basket_1_main,0,0,1
er,19,6,4.430540824308761e-07,0.0011373232793595945,0.03970618804151841,0.2750984262459485,4.430540824308761e-07,0.0011373232793595945,2.454160738564594e-09,0.0,7.688383515068231e-07,7.24623989565787e-07,2.454160738564594e-09,0.0,3.081806884269696e-06,1,1,basket_1_main,0,0,1
er,19,7,4.4305368949185914e-07,0.0011373264839383865,0.039706175641471865,0.27509909932290727,4.4305368949185914e-07,0.0011373264839383865,1.023395091908748e-10,1.032382731180714e-06,3.319885220475073e-08,3.1367961806435245e-08,1.023395091908748e-10,1.032382731180714e-06,3.0820176377547117e-06,1,1,basket_1_main,0,0,1
er,19,8,4.430536854729173e-07,0.0011373245611921946,0.03970617510604894,0.2750991284590931,4.430536854729173e-07,0.0011373245611921946,9.49589094397862e-13,1.264405455326821e-06,1.4338714136862237e-09,1.3578438024106776e-09,9.49589094397862e-13,1.264405455326821e-06,3.0820292093277732e-06,1,1,basket_1_main,0,0,1
er,19,9,4.4305369825148435e-07,0.0011373290475949192,0.039706175082931866,0.27509912973625217,4.4305369825148435e-07,0.0011373290475949192,3.919172110373018e-12,1.5196262340524151e-06,6.237612003334276e-11,5.877868882491886e-11,3.919172110373018e-12,1.5196262340524151e-06,3.082029816398234e-06,1,1,basket_1_main,0,0,1
er,19,10,4.4305371169648587e-07,0.0011373232793595945,0.039706175081935795,0.27509912978394685,4.4305371169648587e-07,0.0011373232793595945,4.106664833501557e-12,1.3978528260658475e-06,5.0893967436551614e-12,2.5390513727935484e-12,4.106664833501557e-12,1.3978528260658475e-06,3.0820298473213294e-06,1,1,basket_1_main,0,0,1
er,20,0,0.0,0.0,0.0,0.0,0.0,0.0,0.0,0.0,0.0,0.0,0.0,0.0,0.0,1,1,basket_1_main,0,0,1
er,20,1,1.3336199991334774e-07,4.05879357964448e-05,0.011764643111392005,7.693443341544065e-05,1.3336199991334774e-07,4.05879357964448e-05,2.6672399982669544e-06,1.4167862324720575e-05,0.4898777672565121,4.861824652369155e-05,2.6672399982669544e-06,1.4167862324720575e-05,1.7653838258855997e-07,1,1,basket_1_main,0,0,1
er,20,2,7.87030974861484e-07,0.001182212941296834,0.0424664000395768,0.0680491434692569,7.87030974861484e-07,0.001182212941296834,1.640443217923075e-05,0.00041561387496331226,0.03688810033839516,0.1753058687887055,1.640443217923075e-05,0.00041561387496331226,8.789140762359066e-06,1,1,basket_1_main,0,0,1
er,20,3,4.549572954962259e-07,0.0011377308293352053,0.03986941654237353,0.2661841134835557,4.549572954962259e-07,0.0011377308293352053,1.2328306001637701e-05,0.00012475395965040853,0.00981193992298164,0.009436621023774676,1.2328306001637701e-05,0.00012475395965040853,2.7027084578509116e-06,1,1,basket_1_main,0,0,1
er,20,4,4.432937782715956e-07,0.001137320074771773,0.03971312939996148,0.27472345082629346,4.432937782715956e-07,0.001137320074771773,1.4292427923836763e-06,1.0827721431604128e-05,0.00041273603705914045,0.000387216140119821,1.4292427923836763e-06,1.0827721431604128e-05,3.0267144765751593e-06,1,1,basket_1_main,0,0,1
er,20,5,4.4306353597912843e-07,0.0011373277657673751,0.039706475223299474,0.27508287793210745,4.4306353597912843e-07,0.0011373277657673751,5.7262202458366207e-08,1.1151007970493858e-06,1.780601231952946e-05,1.6739498363385356e-05,5.7262202458366207e-08,1.1151007970493858e-06,3.078245724545497e-06,1,1,basket_1_main,0,0,1
er,20,6,4.4305411080658476e-07,0.0011373290475949192,0.03970618804151941,0.2750984262724457,4.4305411080658476e-07,0.0011373290475949192,2.4541622007853e-09,1.7881393432617192e-06,7.688383529527211e-07,7.246239879813022e-07,2.4541622007853e-09,1.7881393432617192e-06,3.0818068908356595e-06,1,1,basket_1_main,0,0,1
er,20,7,4.4305371784790187e-07,0.0011373322521574583,0.039706175641472864,0.27509909934675464,4.4305371784790187e-07,0.0011373322521574583,1.0233842056242844e-10,2.1073424255447025e-06,3.3198854416056315e-08,3.1367940556069435e-08,1.0233842056242844e-10,2.1073424255447025e-06,3.0820176443216162e-06,1,1,basket_1_main,0,0,1
er,20,8,4.430537138316259e-07,0.0011373296885081494,0.039706175106049915,0.2750991284802908,4.430537138316259e-07,0.0011373296885081494,9.495589217205248e-13,2.1490760299348775e-06,1.4338698762640996e-09,1.3578436616486606e-09,9.495589217205248e-13,2.1490760299348775e-06,3.082029215894e-06,1,1,basket_1_main,0,0,1
er,20,9,4.430537266082032e-07,0.0011373252021079534,0.039706175082932726,0.2750991297230036,4.430537266082032e-07,0.0011373252021079534,3.915828455994165e-12,1.632340423778195e-06,6.237973069077784e-11,5.880734443079757e-11,3.915828455994165e-12,1.632340423778195e-06,3.082029822965803e-06,1,1,basket_1_main,0,0,1
er,20,10,4.430537400476313e-07,0.0011373207156900598,0.03970617508193668,0.27509912977334805,4.430537400476313e-07,0.0011373207156900598,4.105621892191038e-12,4.2146848510894033e-07,5.092731938454451e-12,2.5290318036786144e-12,4.105621892191038e-12,4.2146848510894033e-07,3.0820298538882086e-06,1,1,basket_1_main,0,0,1
er,21,0,0.0,0.0,0.0,0.0,0.0,0.0,0.0,0.0,0.0,0.0,0.0,0.0,0.0,1,1,basket_1_main,0,0,1
er,21,1,1.333619998991947e-07,4.0569972557770575e-05,0.011764643111391727,7.691548171336338e-05,1.333619998991947e-07,4.0569972557770575e-05,2.6672399979838938e-06,1.4161591971536838e-05,0.4898777672565383,4.861824657525256e-05,2.6672399979838938e-06,1.4161591971536838e-05,1.7653838263330065e-07,1,1,basket_1_main,0,0,1
er,21,2,7.870309497334688e-07,0.0011822086252254989,0.04246640003957723,0.06804914341569784,7.870309497334688e-07,0.0011822086252254989,1.6404431463229403e-05,0.00041561237904113506,0.036888100338478634,0.17530586878962418,1.6404431463229403e-05,0.00041561237904113506,8.789140759489251e-06,1,1,basket_1_main,0,0,1
er,21,3,4.5495725200241746e-07,0.0011377397989189217,0.03986941654237272,0.2661841134945095,4.5495725200241746e-07,0.0011377397989189217,1.2328306013637827e-05,0.00012476036698251265,0.00981193992297788,0.00943662102366609,1.2328306013637827e-05,0.00012476036698251265,2.7027084512000584e-06,1,1,basket_1_main,0,0,1
er,21,4,4.432937467206276e-07,0.0011373328930688827,0.03971312939996072,0.27472345084486677,4.432937467206276e-07,0.0011373328930688827,1.429242791102265e-06,1.111111157077997e-05,0.00041273603705957354,0.0003872161401234449,1.429242791102265e-06,1.111111157077997e-05,3.0267144707303215e-06,1,1,basket_1_main,0,0,1
er,21,5,4.430635049415303e-07,0.001137320074771773,0.039706475223298614,0.2750828779082587,4.430635049415303e-07,0.001137320074771773,5.726219905605738e-08,1.6858739404357618e-06,1.78060123310781e-05,1.6739498360220374e-05,5.726219905605738e-08,1.6858739404357618e-06,3.0782457188311465e-06,1,1,basket_1_main,0,0,1
er,21,6,4.430540797650285e-07,0.001137319433853125,0.039706188041518424,0.2750984262406491,4.430540797650285e-07,0.001137319433853125,2.4541687220133044e-09,0.0,7.688383528987201e-07,7.246239733015437e-07,2.4541687220133044e-09,0.0,3.0818068850343677e-06,1,1,basket_1_main,0,0,1
er,21,7,4.430536868443836e-07,0.0011373239202760752,0.03970617564147189,0.27509909931760784,4.430536868443836e-07,0.0011373239202760752,1.0233643570909647e-10,0.0,3.319885399805667e-08,3.136795005314362e-08,1.0233643570909647e-10,0.0,3.082017638655297e-06,1,1,basket_1_main,0,0,1
er,21,8,4.4305368283864166e-07,0.0011373213566079853,0.03970617510604896,0.27509912845379375,4.4305368283864166e-07,0.0011373213566079853,9.488097246738769e-13,0.0,1.4338722888067227e-09,1.3578432008178501e-09,9.488097246738769e-13,0.0,3.082029210311728e-06,1,1,basket_1_main,0,0,1
er,21,9,4.4305369559768926e-07,0.0011373258430233506,0.039706175082931894,0.27509912973095274,4.4305369559768926e-07,0.0011373258430233506,3.914662795488227e-12,8.429369702178807e-07,6.237986394467258e-11,5.877839668879652e-11,3.914662795488227e-12,8.429369702178807e-07,3.08202981731486e-06,1,1,basket_1_main,0,0,1
er,21,10,4.4305370903991505e-07,0.001137319433853125,0.03970617508193579,0.27509912977334805,4.4305370903991505e-07,0.001137319433853125,4.1027773358635735e-12,0.0,5.091179147378054e-12,2.5260551313278714e-12,4.1027773358635735e-12,0.0,3.0820298481722257e-06,1,1,basket_1_main,0,0,1
er,22,0,0.0,0.0,0.0,0.0,0.0,0.0,0.0,0.0,0.0,0.0,0.0,0.0,0.0,1,1,basket_1_main,0,0,1
er,22,1,1.3336200009863675e-07,4.062383844459384e-05,0.011764643111391644,7.69533804501856e-05,1.3336200009863675e-07,4.062383844459384e-05,2.667240001972735e-06,1.4180394713128291e-05,0.4898777672565484,4.861824654359584e-05,2.667240001972735e-06,1.4180394713128291e-05,1.7653838266474396e-07,1,1,basket_1_main,0,0,1
er,22,2,7.870309508284e-07,0.0011822123247161793,0.04246640003957724,0.0680491434585451,7.870309508284e-07,0.0011822123247161793,1.6404431493705374e-05,0.0004156140886660409,0.03688810033849141,0.17530586879036586,1.6404431493705374e-05,0.0004156140886660409,8.789140759650888e-06,1,1,basket_1_main,0,0,1
er,22,3,4.5495725455105564e-07,0.0011377327513948116,0.039869416542372714,0.2661841134945095,4.5495725455105564e-07,0.0011377327513948116,1.2328306014139773e-05,0.0001247546715924486,0.009811939922981572,0.009436621023656118,1.2328306014139773e-05,0.0001247546715924486,2.7027084515004514e-06,1,1,basket_1_main,0,0,1
er,22,4,4.4329374885881225e-07,0.0011373264839383865,0.03971312939996069,0.27472345085282673,4.4329374885881225e-07,0.0011373264839383865,1.4292427929870604e-06,1.0925711858167402e-05,0.0004127360370586048,0.00038721614012096633,1.4292427929870604e-06,1.0925711858167402e-05,3.0267144709196096e-06,1,1,basket_1_main,0,0,1
er,22,5,4.4306350705216676e-07,0.0011373226384427525,0.039706475223298524,0.2750828779162083,4.4306350705216676e-07,0.0011373226384427525,5.726220180531883e-08,1.264405455326821e-06,1.7806012321213337e-05,1.6739498321390605e-05,5.726220180531883e-08,1.264405455326821e-06,3.078245718984524e-06,1,1,basket_1_main,0,0,1
er,22,6,4.430540818754578e-07,0.0011373232793595945,0.039706188041518424,0.275098426251248,4.430540818754578e-07,0.0011373232793595945,2.4541630623346752e-09,5.960464477539062e-07,7.688383500721426e-07,7.246240163840085e-07,2.4541630623346752e-09,5.960464477539062e-07,3.08180688528165e-06,1,1,basket_1_main,0,0,1
er,22,7,4.430536889121679e-07,0.0011373252021079534,0.03970617564147186,0.27509909932290727,4.430536889121679e-07,0.0011373252021079534,1.0233848848023335e-10,9.424321830774486e-07,3.319885173378951e-08,3.136797467304494e-08,1.0233848848023335e-10,9.424321830774486e-07,3.082017638767288e-06,1,1,basket_1_main,0,0,1
er,22,8,4.4305368489055256e-07,0.0011373239202760752,0.03970617510604894,0.2750991284590931,4.4305368489055256e-07,0.0011373239202760752,9.49562288660442e-13,1.032382731180714e-06,1.4338689064755565e-09,1.3578321353146038e-09,9.49562288660442e-13,1.032382731180714e-06,3.082029210339656e-06,1,1,basket_1_main,0,0,1
er,22,9,4.430536977009035e-07,0.0011373290475949192,0.039706175082931894,0.27509912974155154,4.430536977009035e-07,0.0011373290475949192,3.9169433290131766e-12,1.4600096599955428e-06,6.237950613874694e-11,5.876231346494491e-11,3.9169433290131766e-12,1.4600096599955428e-06,3.082029817409427e-06,1,1,basket_1_main,0,0,1
er,22,10,4.430537111312016e-07,0.0011373252021079534,0.0397061750819358,0.2750991297945457,4.430537111312016e-07,0.0011373252021079534,4.105420007368737e-12,1.57699067060029e-06,5.08937232022277e-12,2.5300019755595956e-12,4.105420007368737e-12,1.57699067060029e-06,3.082029848333212e-06,1,1,basket_1_main,0,0,1
er,23,0,0.0,0.0,0.0,0.0,0.0,0.0,0.0,0.0,0.0,0.0,0.0,0.0,0.0,1,1,basket_1_main,0,0,1
er,23,1,1.333619999096568e-07,4.0569972557770575e-05,0.011764643111391963,7.692495814803414e-05,1.333619999096568e-07,4.0569972557770575e-05,2.6672399981931355e-06,1.4161591971536838e-05,0.48987776725651444,4.861824650280988e-05,2.6672399981931355e-06,1.4161591971536838e-05,1.765383825786499e-07,1,1,basket_1_main,0,0,1
er,23,2,7.870309571103326e-07,0.0011822098583903454,0.0424664000395777,0.06804914342640966,7.870309571103326e-07,0.0011822098583903454,1.6404431708239202e-05,0.0004156132338544671,0.03688810033849839,0.17530586878871815,1.6404431708239202e-05,0.0004156132338544671,8.789140760606753e-06,1,1,basket_1_main,0,0,1
er,23,3,4.549572623556084e-07,0.0011377417209633752,0.03986941654237312,0.2661841134945095,4.549572623556084e-07,0.0011377417209633752,1.2328306024253975e-05,0.00012476392646927612,0.009811939922981131,0.009436621023701366,1.2328306024253975e-05,0.00012476392646927612,2.702708454115527e-06,1,1,basket_1_main,0,0,1
er,23,4,4.432937519158851e-07,0.0011373322521574583,0.0397131293999611,0.27472345084221345,4.432937519158851e-07,0.0011373322521574583,1.4292427930753598e-06,1.1143040118122195e-05,0.0004127360370618222,0.00038721614013777895,1.4292427930753598e-06,1.1143040118122195e-05,3.026714473330106e-06,1,1,basket_1_main,0,0,1
er,23,5,4.4306350995127207e-07,0.001137320074771773,0.03970647522329893,0.2750828779056088,4.4306350995127207e-07,0.001137320074771773,5.726219884390569e-08,1.7377590819732256e-06,1.7806012322921643e-05,1.673949834175353e-05,5.726219884390569e-08,1.7377590819732256e-06,3.078245721387724e-06,1,1,basket_1_main,0,0,1
er,23,6,4.430540847664112e-07,0.001137320074771773,0.03970618804151882,0.2750984262406491,4.430540847664112e-07,0.001137320074771773,2.4541700925984314e-09,0.0,7.688383536610444e-07,7.246239795249632e-07,2.4541700925984314e-09,0.0,3.0818068875881047e-06,1,1,basket_1_main,0,0,1
er,23,7,4.430536918512978e-07,0.0011373226384427525,0.03970617564147227,0.2750990993123084,4.430536918512978e-07,0.0011373226384427525,1.0233631279742992e-10,0.0,3.319885489279646e-08,3.136794918875719e-08,1.0233631279742992e-10,0.0,3.0820176412088286e-06,1,1,basket_1_main,0,0,1
er,23,8,4.4305368782230606e-07,0.0011373207156900598,0.03970617510604932,0.27509912845114404,4.4305368782230606e-07,0.0011373207156900598,9.49054016366599e-13,0.0,1.433867713718657e-09,1.3578122872715664e-09,9.49054016366599e-13,0.0,3.0820292128666964e-06,1,1,basket_1_main,0,0,1
er,23,9,4.4305370057521834e-07,0.0011373277657673751,0.039706175082932296,0.27509912973625217,4.4305370057521834e-07,0.0011373277657673751,3.9157119941779854e-12,1.1920928955078127e-06,6.237952796259418e-11,5.878929017049493e-11,3.9157119941779854e-12,1.1920928955078127e-06,3.082029819869156e-06,1,1,basket_1_main,0,0,1
er,23,10,4.43053714010718e-07,0.0011373219975255495,0.039706175081936225,0.27509912978394685,4.43053714010718e-07,0.0011373219975255495,4.103958622560028e-12,1.3328003749250115e-06,5.091345115101269e-12,2.5284733588440503e-12,4.103958622560028e-12,1.3328003749250115e-06,3.082029850724977e-06,1,1,basket_1_main,0,0,1
er,24,0,0.0,0.0,0.0,0.0,0.0,0.0,0.0,0.0,0.0,0.0,0.0,0.0,0.0,1,1,basket_1_main,0,0,1
er,24,1,1.3336199993613086e-07,4.05879357964448e-05,0.011764643111391769,7.692495814803414e-05,1.3336199993613086e-07,4.05879357964448e-05,2.667239998722617e-06,1.4167862324720575e-05,0.4898777672565333,4.8618246586652885e-05,2.667239998722617e-06,1.4167862324720575e-05,1.7653838262824383e-07,1,1,basket_1_main,0,0,1
er,24,2,7.87030966372136e-07,0.0011822123247161793,0.04246640003957704,0.06804914347996871,7.87030966372136e-07,0.0011822123247161793,1.6404431943537694e-05,0.00041561387496331226,0.03688810033848313,0.1753058687906933,1.6404431943537694e-05,0.00041561387496331226,8.789140761337045e-06,1,1,basket_1_main,0,0,1
er,24,3,4.549572805969851e-07,0.0011377417209633752,0.03986941654237328,0.2661841134945095,4.549572805969851e-07,0.0011377417209633752,1.2328306003892049e-05,0.00012476677398557157,0.009811939922979554,0.009436621023728128,1.2328306003892049e-05,0.00012476677398557157,2.7027084556647555e-06,1,1,basket_1_main,0,0,1
er,24,4,4.4329376711898717e-07,0.0011373328930688827,0.039713129399961265,0.27472345084486677,4.4329376711898717e-07,0.0011373328930688827,1.429242792460411e-06,1.1151007970494001e-05,0.0004127360370587225,0.00038721614014887483,1.429242792460411e-06,1.1151007970494001e-05,3.026714474624849e-06,1,1,basket_1_main,0,0,1
er,24,5,4.43063524976613e-07,0.0011373207156900598,0.03970647522329912,0.2750828779109086,4.43063524976613e-07,0.0011373207156900598,5.726220005411705e-08,1.7881393432617192e-06,1.7806012321898187e-05,1.673949834860391e-05,5.726220005411705e-08,1.7881393432617192e-06,3.0782457226275863e-06,1,1,basket_1_main,0,0,1
er,24,6,4.4305409978910244e-07,0.0011373213566079853,0.039706188041519014,0.2750984262459485,4.4305409978910244e-07,0.0011373213566079853,2.4541642734544125e-09,0.0,7.688383514694198e-07,7.246239967000786e-07,2.4541642734544125e-09,0.0,3.0818068889274162e-06,1,1,basket_1_main,0,0,1
er,24,7,4.430537068441524e-07,0.0011373245611921946,0.03970617564147246,0.27509909932025756,4.430537068441524e-07,0.0011373245611921946,1.0233843382562686e-10,8.429369702178807e-07,3.319885349157976e-08,3.1367959834899435e-08,1.0233843382562686e-10,8.429369702178807e-07,3.082017642413572e-06,1,1,basket_1_main,0,0,1
er,24,8,4.430537028208645e-07,0.0011373245611921946,0.039706175106049554,0.27509912846439255,4.430537028208645e-07,0.0011373245611921946,9.50255916632641e-13,1.1920928955078127e-06,1.4338703526438968e-09,1.3578139744618643e-09,9.50255916632641e-13,1.1920928955078127e-06,3.0820292139872528e-06,1,1,basket_1_main,0,0,1
er,24,9,4.4305371559317047e-07,0.0011373264839383865,0.03970617508293247,0.27509912973625217,4.4305371559317047e-07,0.0011373264839383865,3.916879074799124e-12,1.4600096599955428e-06,6.237906101238032e-11,5.880152895107395e-11,3.916879074799124e-12,1.4600096599955428e-06,3.082029821056297e-06,1,1,basket_1_main,0,0,1
er,24,10,4.430537290255612e-07,0.0011373213566079853,0.03970617508193639,0.2750991297812972,4.430537290255612e-07,0.0011373213566079853,4.106459955764461e-12,1.1151007970493858e-06,5.0907239553253555e-12,2.5360626944829815e-12,4.106459955764461e-12,1.1151007970493858e-06,3.0820298519794643e-06,1,1,basket_1_main,0,0,1
er,25,0,0.0,0.0,0.0,0.0,0.0,0.0,0.0,0.0,0.0,0.0,0.0,0.0,0.0,1,1,basket_1_main,0,0,1
er,25,1,1.3336200015434195e-07,4.062383844459384e-05,0.011764643111391672,7.69533804501856e-05,1.3336200015434195e-07,4.062383844459384e-05,2.6672400030868387e-06,1.4180394713128291e-05,0.48987776725654686,4.8618246528229784e-05,2.6672400030868387e-06,1.4180394713128291e-05,1.7653838266138082e-07,1,1,basket_1_main,0,0,1
er,25,2,7.870309522303285e-07,0.001182214791036868,0.042466400039577336,0.0680491435656632,7.870309522303285e-07,0.001182214791036868,1.6404431537107627e-05,0.0004156149434758567,0.03688810033850943,0.17530586878988486,1.6404431537107627e-05,0.0004156149434758567,8.78914075960513e-06,1,1,basket_1_main,0,0,1
er,25,3,4.5495725616508174e-07,0.0011377372361879327,0.03986941654237277,0.26618411348903254,4.5495725616508174e-07,0.0011377372361879327,1.2328306017484146e-05,0.00012476392646927612,0.009811939922977415,0.009436621023686956,1.2328306017484146e-05,0.00012476392646927612,2.7027084515735656e-06,1,1,basket_1_main,0,0,1
er,25,4,4.432937496465194e-07,0.0011373277657673751,0.03971312939996076,0.27472345083690675,4.432937496465194e-07,0.0011373277657673751,1.429242794695259e-06,1.1014770634518005e-05,0.00041273603706162837,0.0003872161401881742,1.429242794695259e-06,1.1014770634518005e-05,3.0267144709819263e-06,1,1,basket_1_main,0,0,1
er,25,5,4.430635077823435e-07,0.0011373245611921946,0.03970647522329872,0.2750828779374072,4.430635077823435e-07,0.0011373245611921946,5.726220034292867e-08,1.632340423778195e-06,1.7806012322180963e-05,1.6739498327335777e-05,5.726220034292867e-08,1.632340423778195e-06,3.0782457190450058e-06,1,1,basket_1_main,0,0,1
er,25,6,4.430540826032389e-07,0.001137316870174922,0.03970618804151848,0.27509842623799935,4.430540826032389e-07,0.001137316870174922,2.4541637416130728e-09,0.0,7.688383493445394e-07,7.246239836695521e-07,2.4541637416130728e-09,0.0,3.0818068853489155e-06,1,1,basket_1_main,0,0,1
er,25,7,4.4305368963166934e-07,0.0011373207156900598,0.039706175641471955,0.27509909931760784,4.4305368963166934e-07,0.0011373207156900598,1.0233859833402418e-10,0.0,3.319885350240429e-08,3.136796529983543e-08,1.0233859833402418e-10,0.0,3.082017638835239e-06,1,1,basket_1_main,0,0,1
er,25,8,4.430536856278884e-07,0.0011373187929341164,0.03970617510604902,0.27509912845379375,4.430536856278884e-07,0.0011373187929341164,9.494852590508329e-13,0.0,1.4338699368266703e-09,1.3577994075974461e-09,9.494852590508329e-13,0.0,3.0820292104090222e-06,1,1,basket_1_main,0,0,1
er,25,9,4.430536984265094e-07,0.0011373239202760752,0.03970617508293197,0.27509912973360245,4.430536984265094e-07,0.0011373239202760752,3.917848156196516e-12,0.0,6.237994036587031e-11,5.878865042884129e-11,3.917848156196516e-12,0.0,3.0820298174787925e-06,1,1,basket_1_main,0,0,1
er,25,10,4.4305371188380085e-07,0.0011373175110950147,0.039706175081935885,0.2750991297786475,4.4305371188380085e-07,0.0011373175110950147,4.106593337983531e-12,0.0,5.089469721751088e-12,2.5161409330312597e-12,4.106593337983531e-12,0.0,3.0820298484005087e-06,1,1,basket_1_main,0,0,1
er,26,0,0.0,0.0,0.0,0.0,0.0,0.0,0.0,0.0,0.0,0.0,0.0,0.0,0.0,1,1,basket_1_main,0,0,1
er,26,1,1.3336199999422511e-07,4.062383844459384e-05,0.01176464311139195,7.694390751601417e-05,1.3336199999422511e-07,4.062383844459384e-05,2.6672399998845023e-06,1.4180394713128291e-05,0.48987776725651877,4.861824658338832e-05,2.6672399998845023e-06,1.4180394713128291e-05,1.7653838260837728e-07,1,1,basket_1_main,0,0,1
er,26,2,7.870309490443019e-07,0.0011822141744571783,0.042466400039577565,0.06804914352281596,7.870309490443019e-07,0.0011822141744571783,1.6404431444500566e-05,0.00041561451607116857,0.0368881003385118,0.17530586878921123,1.6404431444500566e-05,0.00041561451607116857,8.78914075928726e-06,1,1,basket_1_main,0,0,1
er,26,3,4.549572500597804e-07,0.001137742361644138,0.039869416542372846,0.2661841135054633,4.549572500597804e-07,0.001137742361644138,1.232830602144921e-05,0.00012476819771934907,0.009811939922980272,0.009436621023692098,1.232830602144921e-05,0.00012476819771934907,2.7027084510419754e-06,1,1,basket_1_main,0,0,1
er,26,4,4.43293744960224e-07,0.0011373348158009889,0.0397131293999608,0.27472345085813343,4.43293744960224e-07,0.0011373348158009889,1.4292427909372252e-06,1.1166926619527002e-05,0.00041273603705694017,0.00038721614012223376,1.4292427909372252e-06,1.1166926619527002e-05,3.0267144705112576e-06,1,1,basket_1_main,0,0,1
er,26,5,4.430635031792283e-07,0.0011373226384427525,0.039706475223298655,0.27508287792150804,4.430635031792283e-07,0.0011373226384427525,5.7262198896390884e-08,2.021291846968314e-06,1.7806012321605835e-05,1.6739498361201384e-05,5.7262198896390884e-08,2.021291846968314e-06,3.0782457185820205e-06,1,1,basket_1_main,0,0,1
er,26,6,4.430540780067753e-07,0.0011373239202760752,0.03970618804151858,0.27509842626184683,4.430540780067753e-07,0.0011373239202760752,2.454165348273672e-09,7.300048299977713e-07,7.688383536134229e-07,7.246239774248252e-07,2.454165348273672e-09,7.300048299977713e-07,3.0818068848857977e-06,1,1,basket_1_main,0,0,1
er,26,7,4.4305368505709623e-07,0.0011373252021079534,0.03970617564147199,0.2750990993282067,4.4305368505709623e-07,0.0011373252021079534,1.023383237280378e-10,1.032382731180714e-06,3.319885349018186e-08,3.136796117715936e-08,1.023383237280378e-10,1.032382731180714e-06,3.0820176383721513e-06,1,1,basket_1_main,0,0,1
er,26,8,4.4305368104414063e-07,0.0011373226384427525,0.039706175106049055,0.27509912846439255,4.4305368104414063e-07,0.0011373226384427525,9.492737359494172e-13,8.429369702178807e-07,1.433870488591877e-09,1.3578569917931929e-09,9.492737359494172e-13,8.429369702178807e-07,3.082029209945901e-06,1,1,basket_1_main,0,0,1
er,26,9,4.4305369381246616e-07,0.0011373264839383865,0.03970617508293199,0.2750991297389019,4.4305369381246616e-07,0.0011373264839383865,3.915842346437022e-12,1.032382731180714e-06,6.238075191907903e-11,5.880316592311162e-11,3.915842346437022e-12,1.032382731180714e-06,3.082029817014292e-06,1,1,basket_1_main,0,0,1
er,26,10,4.4305370729474845e-07,0.0011373207156900598,0.03970617508193589,0.27509912978394685,4.4305370729474845e-07,0.0011373207156900598,4.106518408282799e-12,7.300048299977713e-07,5.089520146543147e-12,2.5161186359444925e-12,4.106518408282799e-12,7.300048299977713e-07,3.0820298479394568e-06,1,1,basket_1_main,0,0,1
er,27,0,0.0,0.0,0.0,0.0,0.0,0.0,0.0,0.0,0.0,0.0,0.0,0.0,0.0,1,1,basket_1_main,0,0,1
er,27,1,1.3336199982311133e-07,4.062383844459384e-05,0.011764643111391769,7.69533804501856e-05,1.3336199982311133e-07,4.062383844459384e-05,2.6672399964622266e-06,1.4180394713128291e-05,0.4898777672565359,4.861824651622812e-05,2.6672399964622266e-06,1.4180394713128291e-05,1.7653838262832194e-07,1,1,basket_1_main,0,0,1
er,27,2,7.870309587953254e-07,0.0011822123247161793,0.042466400039577114,0.06804914347996871,7.870309587953254e-07,0.0011822123247161793,1.6404431713501442e-05,0.0004156140886660409,0.036888100338447534,0.17530586878957088,1.6404431713501442e-05,0.0004156140886660409,8.789140760481741e-06,1,1,basket_1_main,0,0,1
er,27,3,4.5495726821130924e-07,0.0011377417209633752,0.03986941654237302,0.2661841134999864,4.5495726821130924e-07,0.0011377417209633752,1.232830600610437e-05,0.00012476535023554742,0.009811939922979672,0.009436621023690736,1.232830600610437e-05,0.00012476535023554742,2.7027084535982298e-06,1,1,basket_1_main,0,0,1
er,27,4,4.432937590369213e-07,0.0011373328930688827,0.039713129399961,0.2747234508475201,4.432937590369213e-07,0.0011373328930688827,1.4292427916888327e-06,1.1135066564243823e-05,0.0004127360370602624,0.00038721614009798645,1.4292427916888327e-06,1.1135066564243823e-05,3.0267144727835603e-06,1,1,basket_1_main,0,0,1
er,27,5,4.430635170841569e-07,0.001137320074771773,0.03970647522329888,0.2750828779056088,4.430635170841569e-07,0.001137320074771773,5.726220016061064e-08,1.632340423778195e-06,1.7806012330543937e-05,1.6739498350413562e-05,5.726220016061064e-08,1.632340423778195e-06,3.0782457208164566e-06,1,1,basket_1_main,0,0,1
er,27,6,4.4305409191956555e-07,0.001137320074771773,0.03970618804151872,0.2750984262459485,4.4305409191956555e-07,0.001137320074771773,2.454162850062084e-09,0.0,7.688383531123889e-07,7.246240005204802e-07,2.454162850062084e-09,0.0,3.0818068871176766e-06,1,1,basket_1_main,0,0,1
er,27,7,4.4305369897749165e-07,0.0011373239202760752,0.03970617564147217,0.27509909932025756,4.4305369897749165e-07,0.0011373239202760752,1.0233848887319556e-10,0.0,3.319885315346813e-08,3.1367950037112746e-08,1.0233848887319556e-10,0.0,3.082017640605261e-06,1,1,basket_1_main,0,0,1
er,27,8,4.430536949387667e-07,0.0011373207156900598,0.03970617510604921,0.27509912845114404,4.430536949387667e-07,0.0011373207156900598,9.493294262450516e-13,0.0,1.4338694501632033e-09,1.3578148991425801e-09,9.493294262450516e-13,0.0,3.0820292121783123e-06,1,1,basket_1_main,0,0,1
er,27,9,4.4305370768040297e-07,0.0011373245611921946,0.039706175082932144,0.2750991297283031,4.4305370768040297e-07,0.0011373245611921946,3.915848524139278e-12,0.0,6.237776476907259e-11,5.87900812466023e-11,3.915848524139278e-12,0.0,3.082029819248011e-06,1,1,basket_1_main,0,0,1
er,27,10,4.430537211070141e-07,0.001137319433853125,0.03970617508193607,0.27509912977334805,4.430537211070141e-07,0.001137319433853125,4.105558604380542e-12,0.0,5.091285491151461e-12,2.539855148597441e-12,4.105558604380542e-12,0.0,3.0820298501717964e-06,1,1,basket_1_main,0,0,1
er,28,0,0.0,0.0,0.0,0.0,0.0,0.0,0.0,0.0,0.0,0.0,0.0,0.0,0.0,1,1,basket_1_main,0,0,1
er,28,1,1.3336200001054418e-07,4.062383844459384e-05,0.011764643111391908,7.69533804501856e-05,1.3336200001054418e-07,4.062383844459384e-05,2.6672400002108836e-06,1.4180394713128291e-05,0.48987776725651905,4.861824659317683e-05,2.6672400002108836e-06,1.4180394713128291e-05,1.765383826149474e-07,1,1,basket_1_main,0,0,1
er,28,2,7.870309671921876e-07,0.0011822110915539054,0.042466400039576656,0.06804914343712147,7.870309671921876e-07,0.0011822110915539054,1.6404431950664647e-05,0.00041561366126047374,0.03688810033844703,0.17530586879124882,1.6404431950664647e-05,0.00041561366126047374,8.789140761509362e-06,1,1,basket_1_main,0,0,1
er,28,3,4.549572832048721e-07,0.0011377301886479482,0.03986941654237322,0.2661841134835557,4.549572832048721e-07,0.0011377301886479482,1.2328305997046013e-05,0.0001247503998792631,0.009811939922980857,0.009436621023726683,1.2328305997046013e-05,0.0001247503998792631,2.702708455710479e-06,1,1,basket_1_main,0,0,1
er,28,4,4.432937699519972e-07,0.0011373213566079853,0.03971312939996118,0.2747234508316001,4.432937699519972e-07,0.0011373213566079853,1.4292427923637011e-06,1.0827721431604128e-05,0.00041273603705719295,0.0003872161401642491,1.4292427923637011e-06,1.0827721431604128e-05,3.0267144746682484e-06,1,1,basket_1_main,0,0,1
er,28,5,4.4306352780363684e-07,0.0011373277657673751,0.03970647522329919,0.2750828779347574,4.4306352780363684e-07,0.0011373277657673751,5.726220242809643e-08,1.1920928955078127e-06,1.780601231964467e-05,1.6739498348739737e-05,5.726220242809643e-08,1.1920928955078127e-06,3.078245722669793e-06,1,1,basket_1_main,0,0,1
er,28,6,4.430541026224244e-07,0.0011373187929341164,0.03970618804151894,0.27509842623005026,4.430541026224244e-07,0.0011373187929341164,2.454163703611873e-09,4.2146848510894033e-07,7.688383531776269e-07,7.246239975342199e-07,2.454163703611873e-09,4.2146848510894033e-07,3.08180688896201e-06,1,1,basket_1_main,0,0,1
er,28,7,4.430537096746038e-07,0.0011373226384427525,0.039706175641472385,0.27509909930965876,4.430537096746038e-07,0.0011373226384427525,1.0233842075565562e-10,0.0,3.319885312628858e-08,3.136794795873192e-08,1.0233842075565562e-10,0.0,3.082017642448136e-06,1,1,basket_1_main,0,0,1
er,28,8,4.43053705664993e-07,0.0011373207156900598,0.03970617510604948,0.27509912844849427,4.43053705664993e-07,0.0011373207156900598,9.500212463871289e-13,0.0,1.4338710448228811e-09,1.3578249874245645e-09,9.500212463871289e-13,0.0,3.082029214020455e-06,1,1,basket_1_main,0,0,1
er,28,9,4.4305371842111696e-07,0.0011373245611921946,0.039706175082932414,0.2750991297230036,4.4305371842111696e-07,0.0011373245611921946,3.916816849580715e-12,0.0,6.238108465502817e-11,5.879127882224019e-11,3.916816849580715e-12,0.0,3.082029821091569e-06,1,1,basket_1_main,0,0,1
er,28,10,4.4305373187157294e-07,0.001137320074771773,0.03970617508193636,0.27509912977334805,4.4305373187157294e-07,0.001137320074771773,4.105550698248868e-12,0.0,5.093292605938243e-12,2.5494931108470363e-12,4.105550698248868e-12,0.0,3.0820298520148343e-06,1,1,basket_1_main,0,0,1
er,29,0,0.0,0.0,0.0,0.0,0.0,0.0,0.0,0.0,0.0,0.0,0.0,0.0,0.0,1,1,basket_1_main,0,0,1
er,29,1,1.3336199999313938e-07,4.062383844459384e-05,0.01176464311139206,7.69533804501856e-05,1.3336199999313938e-07,4.062383844459384e-05,2.6672399998627873e-06,1.4180394713128291e-05,0.48987776725650556,4.86182466561865e-05,2.6672399998627873e-06,1.4180394713128291e-05,1.7653838258184668e-07,1,1,basket_1_main,0,0,1
er,29,2,7.870309478258181e-07,0.0011822067754758171,0.04246640003957714,0.06804914341569784,7.870309478258181e-07,0.0011822067754758171,1.640443138319423e-05,0.00041561216533752735,0.036888100338425996,0.17530586878918467,1.640443138319423e-05,0.00041561216533752735,8.789140759303325e-06,1,1,basket_1_main,0,0,1
er,29,3,4.549572501920245e-07,0.0011377346734511712,0.0398694165423727,0.26618411347807874,4.549572501920245e-07,0.0011377346734511712,1.2328306004895664e-05,0.00012475182379991057,0.009811939922981674,0.009436621023652647,1.2328306004895664e-05,0.00012475182379991057,2.702708450207998e-06,1,1,basket_1_main,0,0,1
er,29,4,4.4329374686938464e-07,0.0011373290475949192,0.03971312939996065,0.2747234508395601,4.4329374686938464e-07,0.0011373290475949192,1.429242794851884e-06,1.0990553447357418e-05,0.00041273603705670403,0.0003872161401078148,1.429242794851884e-06,1.0990553447357418e-05,3.0267144697564547e-06,1,1,basket_1_main,0,0,1
er,29,5,4.430635051716084e-07,0.0011373175110950147,0.039706475223298655,0.2750828779056088,4.430635051716084e-07,0.0011373175110950147,5.726220050307916e-08,8.429369702178807e-07,1.780601233966948e-05,1.6739498360591594e-05,5.726220050307916e-08,8.429369702178807e-07,3.0782457178395966e-06,1,1,basket_1_main,0,0,1
er,29,6,4.430540800077386e-07,0.0011373175110950147,0.0397061880415184,0.2750984262406491,4.430540800077386e-07,0.0011373175110950147,2.4541625989012793e-09,0.0,7.688383522814269e-07,7.24624001794045e-07,2.4541625989012793e-09,0.0,3.081806884144854e-06,1,1,basket_1_main,0,0,1
er,29,7,4.430536870521168e-07,0.0011373207156900598,0.039706175641471865,0.27509909931495813,4.430536870521168e-07,0.0011373207156900598,1.023384756007254e-10,0.0,3.3198854020452753e-08,3.1367949004343764e-08,1.023384756007254e-10,0.0,3.082017637630608e-06,1,1,basket_1_main,0,0,1
er,29,8,4.4305368302879727e-07,0.0011373175110950147,0.039706175106048916,0.27509912844849427,4.4305368302879727e-07,0.0011373175110950147,9.497865811201296e-13,0.0,1.4338697799136593e-09,1.3578331515857158e-09,9.497865811201296e-13,0.0,3.0820292092036435e-06,1,1,basket_1_main,0,0,1
er,29,9,4.430536958211449e-07,0.0011373226384427525,0.03970617508293185,0.2750991297283031,4.430536958211449e-07,0.0011373226384427525,3.919100150958688e-12,0.0,6.23786070098519e-11,5.877868860701582e-11,3.919100150958688e-12,0.0,3.0820298162740592e-06,1,1,basket_1_main,0,0,1
er,29,10,4.430537092659774e-07,0.001137316870174922,0.039706175081935795,0.27509912977334805,4.430537092659774e-07,0.001137316870174922,4.106663555716105e-12,0.0,5.092176786083113e-12,2.5394757582701477e-12,4.106663555716105e-12,0.0,3.0820298471987045e-06,1,1,basket_1_main,0,0,1
er,30,0,0.0,0.0,0.0,0.0,0.0,0.0,0.0,0.0,0.0,0.0,0.0,0.0,0.0,1,1,basket_1_main,0,0,1
er,30,1,1.333620002157947e-07,4.060589108854025e-05,0.011764643111391603,7.694390751601417e-05,1.333620002157947e-07,4.060589108854025e-05,2.6672400043158936e-06,1.4174129904025034e-05,0.4898777672565533,4.861824653763218e-05,2.6672400043158936e-06,1.4174129904025034e-05,1.7653838265137966e-07,1,1,basket_1_main,0,0,1
er,30,2,7.870309573021426e-07,0.0011822117081352029,0.04246640003957651,0.06804914347996871,7.870309573021426e-07,0.0011822117081352029,1.6404431637034845e-05,0.0004156140886660409,0.03688810033842379,0.17530586879044177,1.6404431637034845e-05,0.0004156140886660409,8.789140760028865e-06,1,1,basket_1_main,0,0,1
er,30,3,4.549572684097642e-07,0.001137742361644138,0.03986941654237292,0.2661841135109401,4.549572684097642e-07,0.001137742361644138,1.2328305989209342e-05,0.0001247674858544911,0.009811939922981351,0.00943662102367645,1.2328305989209342e-05,0.0001247674858544911,2.7027084520192464e-06,1,1,basket_1_main,0,0,1
er,30,4,4.4329376163569344e-07,0.0011373271248530615,0.039713129399960745,0.2747234508289468,4.4329376163569344e-07,0.0011373271248530615,1.4292427941633626e-06,1.1087104819857188e-05,0.0004127360370577576,0.0003872161401627791,1.4292427941633626e-06,1.1087104819857188e-05,3.026714471372766e-06,1,1,basket_1_main,0,0,1
er,30,5,4.430635197867092e-07,0.0011373252021079534,0.03970647522329875,0.2750828779347574,4.430635197867092e-07,0.0011373252021079534,5.7262200571114735e-08,1.6858739404357618e-06,1.7806012322400474e-05,1.673949835640418e-05,5.7262200571114735e-08,1.6858739404357618e-06,3.0782457194287587e-06,1,1,basket_1_main,0,0,1
er,30,6,4.4305409459613376e-07,0.0011373136655690415,0.039706188041518466,0.2750984262221011,4.4305409459613376e-07,0.0011373136655690415,2.4541635286711756e-09,0.0,7.688383532330277e-07,7.246239834810007e-07,2.4541635286711756e-09,0.0,3.0818068857321987e-06,1,1,basket_1_main,0,0,1
er,30,7,4.4305370164637483e-07,0.0011373155883336536,0.03970617564147191,0.27509909929111076,4.4305370164637483e-07,0.0011373155883336536,1.0233835269333388e-10,0.0,3.3198854933375514e-08,3.136794960030418e-08,1.0233835269333388e-10,0.0,3.0820176392192575e-06,1,1,basket_1_main,0,0,1
er,30,8,4.4305369764768147e-07,0.0011373143064909402,0.03970617510604897,0.2750991284325961,4.4305369764768147e-07,0.0011373143064909402,9.49288888260568e-13,0.0,1.4338702189410888e-09,1.3578250801146365e-09,9.49288888260568e-13,0.0,3.0820292107929683e-06,1,1,basket_1_main,0,0,1
er,30,9,4.4305371043519483e-07,0.001137318152014746,0.03970617508293191,0.27509912970710537,4.4305371043519483e-07,0.001137318152014746,3.915835606495043e-12,0.0,6.238038814013343e-11,5.87871265136442e-11,3.915835606495043e-12,0.0,3.082029817862703e-06,1,1,basket_1_main,0,0,1
er,30,10,4.4305372387116374e-07,0.0011373232793595945,0.03970617508193597,0.2750991297971954,4.4305372387116374e-07,0.0011373232793595945,4.105402442309358e-12,0.0,5.089246001978565e-12,2.5306825016152564e-12,4.105402442309358e-12,0.0,3.0820298487851802e-06,1,1,basket_1_main,0,0,1
er,31,0,0.0,0.0,0.0,0.0,0.0,0.0,0.0,0.0,0.0,0.0,0.0,0.0,0.0,1,1,basket_1_main,0,0,1
er,31,1,1.333620001236482e-07,4.060589108854025e-05,0.011764643111391963,7.693443341544065e-05,1.333620001236482e-07,4.060589108854025e-05,2.667240002472964e-06,1.4174129904025034e-05,0.489877767256517,4.8618246520835986e-05,2.667240002472964e-06,1.4174129904025034e-05,1.765383825785783e-07,1,1,basket_1_main,0,0,1
er,31,2,7.870309584132278e-07,0.001182210474972286,0.04246640003957714,0.06804914347996871,7.870309584132278e-07,0.001182210474972286,1.640443170401957e-05,0.0004156132338544671,0.03688810033844432,0.17530586878958265,1.640443170401957e-05,0.0004156132338544671,8.789140760455046e-06,1,1,basket_1_main,0,0,1
er,31,3,4.549572672959072e-07,0.0011377391582367156,0.039869416542373026,0.2661841134945095,4.549572672959072e-07,0.0011377391582367156,1.232830600627202e-05,0.00012476107888798963,0.009811939922979495,0.009436621023713277,1.232830600627202e-05,0.00012476107888798963,2.702708453604303e-06,1,1,basket_1_main,0,0,1
er,31,4,4.432937581202321e-07,0.0011373322521574583,0.03971312939996102,0.2747234508501734,4.432937581202321e-07,0.0011373322521574583,1.4292427940403607e-06,1.1087104819857188e-05,0.0004127360370581717,0.00038721614012447833,1.4292427940403607e-06,1.1087104819857188e-05,3.0267144728742555e-06,1,1,basket_1_main,0,0,1
er,31,5,4.43063516196231e-07,0.001137320074771773,0.039706475223298864,0.2750828779162083,4.43063516196231e-07,0.001137320074771773,5.726219879054561e-08,1.57699067060029e-06,1.780601232195278e-05,1.6739498347450403e-05,5.726219879054561e-08,1.57699067060029e-06,3.0782457209386885e-06,1,1,basket_1_main,0,0,1
er,31,6,4.430540910182878e-07,0.0011373207156900598,0.03970618804151877,0.275098426251248,4.430540910182878e-07,0.0011373207156900598,2.4541692305805564e-09,0.0,7.688383532536726e-07,7.246239800648063e-07,2.4541692305805564e-09,0.0,3.0818068871395203e-06,1,1,basket_1_main,0,0,1
er,31,7,4.430536980885552e-07,0.0011373239202760752,0.039706175641472226,0.275099099325557,4.430536980885552e-07,0.0011373239202760752,1.0233617649138342e-10,0.0,3.319885322302384e-08,3.136794852234838e-08,1.0233617649138342e-10,0.0,3.0820176407610035e-06,1,1,basket_1_main,0,0,1
er,31,8,4.430536940524476e-07,0.0011373226384427525,0.039706175106049305,0.27509912846439255,4.430536940524476e-07,0.0011373226384427525,9.495914279204298e-13,5.960464477539062e-07,1.4338710060392627e-09,1.3578266122436098e-09,9.495914279204298e-13,5.960464477539062e-07,3.0820292124174267e-06,1,1,basket_1_main,0,0,1
er,31,9,4.4305370684900514e-07,0.0011373277657673751,0.039706175082932255,0.275099129746851,4.4305370684900514e-07,0.0011373277657673751,3.916945779982925e-12,1.1920928955078127e-06,6.238035718141163e-11,5.878867016401215e-11,3.916945779982925e-12,1.1920928955078127e-06,3.082029819419873e-06,1,1,basket_1_main,0,0,1
er,31,10,4.430537202739332e-07,0.0011373226384427525,0.039706175081936156,0.2750991297945457,4.430537202739332e-07,0.0011373226384427525,4.103962887963519e-12,1.264405455326821e-06,5.0885390830789255e-12,2.539378210024728e-12,4.103962887963519e-12,1.264405455326821e-06,3.082029850277243e-06,1,1,basket_1_main,0,0,1
er,32,0,0.0,0.0,0.0,0.0,0.0,0.0,0.0,0.0,0.0,0.0,0.0,0.0,0.0,1,1,basket_1_main,0,0,1
er,32,1,1.333619999172199e-07,4.060589108854025e-05,0.01176464311139181,7.693443341544065e-05,1.333619999172199e-07,4.060589108854025e-05,2.6672399983443978e-06,1.4174129904025034e-05,0.48987776725653226,4.861824650332587e-05,2.6672399983443978e-06,1.4174129904025034e-05,1.7653838262832194e-07,1,1,basket_1_main,0,0,1
er,32,2,7.870309547944127e-07,0.001182212941296834,0.0424664000395772,0.0680491434692569,7.870309547944127e-07,0.001182212941296834,1.6404431603134492e-05,0.0004156140886660409,0.036888100338463535,0.17530586878961604,1.6404431603134492e-05,0.0004156140886660409,8.789140760047801e-06,1,1,basket_1_main,0,0,1
er,32,3,4.5495726091884075e-07,0.0011377327513948116,0.039869416542372894,0.2661841134945095,4.5495726091884075e-07,0.0011377327513948116,1.2328306012892616e-05,0.00012475680739419201,0.0098119399229805,0.009436621023684292,1.2328306012892616e-05,0.00012475680739419201,2.7027084526042963e-06,1,1,basket_1_main,0,0,1
er,32,4,4.4329375340632997e-07,0.0011373239202760752,0.03971312939996088,0.27472345084221345,4.4329375340632997e-07,0.0011373239202760752,1.4292427912305108e-06,1.0909441243245216e-05,0.00041273603706033877,0.00038721614012382586,1.4292427912305108e-06,1.0909441243245216e-05,3.026714471905444e-06,1,1,basket_1_main,0,0,1
er,32,5,4.4306351153501336e-07,0.0011373207156900598,0.03970647522329884,0.2750828779056088,4.4306351153501336e-07,0.0011373207156900598,5.726220228409563e-08,5.960464477539062e-07,1.7806012337817466e-05,1.6739498361789323e-05,5.726220228409563e-08,5.960464477539062e-07,3.078245719953531e-06,1,1,basket_1_main,0,0,1
er,32,6,4.430540863747579e-07,0.0011373207156900598,0.0397061880415186,0.27509842624329883,4.430540863747579e-07,0.0011373207156900598,2.454163688915529e-09,0.0,7.688383535053384e-07,7.246240167262522e-07,2.454163688915529e-09,0.0,3.0818068862495012e-06,1,1,basket_1_main,0,0,1
er,32,7,4.430536934028777e-07,0.0011373239202760752,0.039706175641472045,0.27509909931495813,4.430536934028777e-07,0.0011373239202760752,1.0233840729193976e-10,0.0,3.319885263256292e-08,3.1367961572575364e-08,1.0233840729193976e-10,0.0,3.0820176397351187e-06,1,1,basket_1_main,0,0,1
er,32,8,4.430536893974817e-07,0.0011373219975255495,0.03970617510604911,0.27509912845379375,4.430536893974817e-07,0.0011373219975255495,9.490453686169568e-13,5.960464477539062e-07,1.4338692482644236e-09,1.3578450875207872e-09,9.490453686169568e-13,5.960464477539062e-07,3.082029211308138e-06,1,1,basket_1_main,0,0,1
er,32,9,4.430537021735453e-07,0.0011373264839383865,0.039706175082932046,0.27509912973095274,4.430537021735453e-07,0.0011373264839383865,3.918062845560984e-12,9.424321830774486e-07,6.238079336130834e-11,5.880286585514468e-11,3.918062845560984e-12,9.424321830774486e-07,3.082029818379261e-06,1,1,basket_1_main,0,0,1
er,32,10,4.430537156123885e-07,0.0011373207156900598,0.039706175081935975,0.27509912977334805,4.430537156123885e-07,0.0011373207156900598,4.104304984730648e-12,7.300048299977713e-07,5.0912512065275274e-12,2.5155635133189846e-12,4.104304984730648e-12,7.300048299977713e-07,3.0820298493018186e-06,1,1,basket_1_main,0,0,1
er,33,0,0.0,0.0,0.0,0.0,0.0,0.0,0.0,0.0,0.0,0.0,0.0,0.0,0.0,1,1,basket_1_main,0,0,1
er,33,1,1.3336199996695372e-07,4.062383844459384e-05,0.011764643111391908,7.69533804501856e-05,1.3336199996695372e-07,4.062383844459384e-05,2.6672399993390745e-06,1.4180394713128291e-05,0.48987776725652954,4.861824647645424e-05,2.6672399993390745e-06,1.4180394713128291e-05,1.7653838261499947e-07,1,1,basket_1_main,0,0,1
er,33,2,7.870309450936441e-07,0.001182209241808083,0.04246640003957743,0.06804914344783329,7.870309450936441e-07,0.001182209241808083,1.6404431336266137e-05,0.00041561302015129893,0.036888100338521405,0.1753058687908236,1.6404431336266137e-05,0.00041561302015129893,8.78914075904053e-06,1,1,basket_1_main,0,0,1
er,33,3,4.549572426204117e-07,0.0011377391582367156,0.03986941654237273,0.2661841134945095,4.549572426204117e-07,0.0011377391582367156,1.2328306017908247e-05,0.00012475965507297335,0.009811939922977618,0.009436621023666292,1.2328306017908247e-05,0.00012475965507297335,2.702708450171394e-06,1,1,basket_1_main,0,0,1
er,33,4,4.4329373900035195e-07,0.0011373309703335262,0.03971312939996069,0.27472345084221345,4.4329373900035195e-07,0.0011373309703335262,1.429242794831912e-06,1.1087104819857188e-05,0.00041273603705863576,0.0003872161401221929,1.429242794831912e-06,1.1087104819857188e-05,3.0267144697287122e-06,1,1,basket_1_main,0,0,1
er,33,5,4.430634973213775e-07,0.0011373277657673751,0.03970647522329866,0.2750828779427069,4.430634973213775e-07,0.0011373277657673751,5.7262199307457793e-08,2.0647654623614285e-06,1.7806012321260174e-05,1.6739498347103794e-05,5.7262199307457793e-08,2.0647654623614285e-06,3.078245717813603e-06,1,1,basket_1_main,0,0,1
er,33,6,4.430540721723964e-07,0.0011373187929341164,0.03970618804151841,0.27509842624329883,4.430540721723964e-07,0.0011373187929341164,2.454161456317101e-09,5.960464477539062e-07,7.688383523274261e-07,7.246239768133334e-07,2.454161456317101e-09,5.960464477539062e-07,3.081806884118193e-06,1,1,basket_1_main,0,0,1
er,33,7,4.4305367922447706e-07,0.0011373239202760752,0.039706175641471886,0.27509909932025756,4.4305367922447706e-07,0.0011373239202760752,1.023385857471139e-10,0.0,3.3198852640270713e-08,3.1367961082269495e-08,1.023385857471139e-10,0.0,3.0820176376053594e-06,1,1,basket_1_main,0,0,1
er,33,8,4.430536751920609e-07,0.0011373207156900598,0.03970617510604895,0.27509912845379375,4.430536751920609e-07,0.0011373207156900598,9.495752728486577e-13,0.0,1.4338705006858865e-09,1.3578576249999642e-09,9.495752728486577e-13,0.0,3.0820292091776786e-06,1,1,basket_1_main,0,0,1
er,33,9,4.4305368797039617e-07,0.0011373252021079534,0.03970617508293187,0.27509912973360245,4.4305368797039617e-07,0.0011373252021079534,3.9170189623712115e-12,4.2146848510894033e-07,6.237865292215636e-11,5.878929576720878e-11,3.9170189623712115e-12,4.2146848510894033e-07,3.0820298162474137e-06,1,1,basket_1_main,0,0,1
er,33,10,4.4305370144715014e-07,0.0011373187929341164,0.0397061750819358,0.2750991297759977,4.4305370144715014e-07,0.0011373187929341164,4.1054753595615396e-12,0.0,5.091631651391751e-12,2.5255364809931846e-12,4.1054753595615396e-12,0.0,3.0820298471726497e-06,1,1,basket_1_main,0,0,1
er,34,0,0.0,0.0,0.0,0.0,0.0,0.0,0.0,0.0,0.0,0.0,0.0,0.0,0.0,1,1,basket_1_main,0,0,1
er,34,1,1.3336199998673475e-07,4.065970939060676e-05,0.011764643111392074,7.69628522183857e-05,1.3336199998673475e-07,4.065970939060676e-05,2.6672399997346948e-06,1.4192916035402904e-05,0.489877767256507,4.861824660970519e-05,2.6672399997346948e-06,1.4192916035402904e-05,1.7653838256201634e-07,1,1,basket_1_main,0,0,1
er,34,2,7.870309466416814e-07,0.0011822110915539054,0.042466400039577384,0.06804914349068052,7.870309466416814e-07,0.0011822110915539054,1.6404431357365023e-05,0.00041561387496331226,0.03688810033843405,0.17530586878819762,1.6404431357365023e-05,0.00041561387496331226,8.789140759051945e-06,1,1,basket_1_main,0,0,1
er,34,3,4.5495724717064856e-07,0.001137740439600767,0.03986941654237274,0.2661841135054633,4.5495724717064856e-07,0.001137740439600767,1.2328306014832299e-05,0.00012476321458004754,0.009811939922981367,0.009436621023663305,1.2328306014832299e-05,0.00012476321458004754,2.7027084499553875e-06,1,1,basket_1_main,0,0,1
er,34,4,4.4329374406670826e-07,0.0011373328930688827,0.0397131293999607,0.27472345085813343,4.4329374406670826e-07,0.0011373328930688827,1.4292427908489276e-06,1.1119102302895708e-05,0.00041273603706019506,0.0003872161401334172,1.4292427908489276e-06,1.1119102302895708e-05,3.026714469619494e-06,1,1,basket_1_main,0,0,1
er,34,5,4.430635023613325e-07,0.0011373213566079853,0.03970647522329853,0.27508287792415786,4.430635023613325e-07,0.0011373213566079853,5.7262198721790454e-08,1.7377590819732256e-06,1.7806012322467155e-05,1.6739498359509493e-05,5.7262198721790454e-08,1.7377590819732256e-06,3.078245717738559e-06,1,1,basket_1_main,0,0,1
er,34,6,4.430540771829064e-07,0.0011373219975255495,0.039706188041518445,0.27509842626184683,4.430540771829064e-07,0.0011373219975255495,2.454169162208622e-09,0.0,7.688383504505407e-07,7.246240044676476e-07,2.454169162208622e-09,0.0,3.08180688394306e-06,1,1,basket_1_main,0,0,1
er,34,7,4.430536842365267e-07,0.0011373252021079534,0.03970617564147189,0.27509909933350607,4.430536842365267e-07,0.0011373252021079534,1.0233643523431591e-10,7.300048299977713e-07,3.3198851790744267e-08,3.13679661910707e-08,1.0233643523431591e-10,7.300048299977713e-07,3.082017637564027e-06,1,1,basket_1_main,0,0,1
er,34,8,4.430536802299333e-07,0.0011373245611921946,0.039706175106049,0.2750991284802908,4.430536802299333e-07,0.0011373245611921946,9.490610700222723e-13,1.1151007970493858e-06,1.4338702943729457e-09,1.3578182037981049e-09,9.490610700222723e-13,1.1151007970493858e-06,3.082029209221219e-06,1,1,basket_1_main,0,0,1
er,34,9,4.4305369296865956e-07,0.001137320074771773,0.03970617508293184,0.2750991297203539,4.4305369296865956e-07,0.001137320074771773,3.914659527029974e-12,0.0,6.238593306927432e-11,5.880233730673107e-11,3.914659527029974e-12,0.0,3.0820298162244045e-06,1,1,basket_1_main,0,0,1
er,34,10,4.430537064128441e-07,0.0011373149474124772,0.039706175081935795,0.2750991297706984,4.430537064128441e-07,0.0011373149474124772,4.1027020752415204e-12,0.0,5.095993911733959e-12,2.543131431964207e-12,4.1027020752415204e-12,0.0,3.082029847079536e-06,1,1,basket_1_main,0,0,1
er,35,0,0.0,0.0,0.0,0.0,0.0,0.0,0.0,0.0,0.0,0.0,0.0,0.0,0.0,1,1,basket_1_main,0,0,1
er,35,1,1.3336200011367412e-07,4.065970939060676e-05,0.011764643111391755,7.69628522183857e-05,1.3336200011367412e-07,4.065970939060676e-05,2.6672400022734825e-06,1.4192916035402904e-05,0.489877767256537,4.861824663015337e-05,2.6672400022734825e-06,1.4192916035402904e-05,1.765383826348242e-07,1,1,basket_1_main,0,0,1
er,35,2,7.870309664697068e-07,0.0011822141744571783,0.04246640003957713,0.06804914350139232,7.870309664697068e-07,0.0011822141744571783,1.6404431954858473e-05,0.0004156149434758567,0.03688810033848543,0.17530586879039334,1.6404431954858473e-05,0.0004156149434758567,8.789140761320887e-06,1,1,basket_1_main,0,0,1
er,35,3,4.549572792036843e-07,0.0011377340327660788,0.03986941654237329,0.2661841135027248,4.549572792036843e-07,0.0011377340327660788,1.2328306013241615e-05,0.00012475965507297335,0.009811939922981239,0.009436621023736158,1.2328306013241615e-05,0.00012475965507297335,2.7027084558176064e-06,1,1,basket_1_main,0,0,1
er,35,4,4.432937653459827e-07,0.0011373258430233506,0.039713129399961286,0.2747234508501734,4.432937653459827e-07,0.0011373258430233506,1.4292427915721489e-06,1.095007244996671e-05,0.00041273603706059946,0.00038721614016280526,1.4292427915721489e-06,1.095007244996671e-05,3.0267144747700795e-06,1,1,basket_1_main,0,0,1
er,35,5,4.430635232072e-07,0.0011373219975255495,0.03970647522329911,0.2750828779109086,4.430635232072e-07,0.0011373219975255495,5.726220284210916e-08,1.1920928955078127e-06,1.7806012321811383e-05,1.673949834852007e-05,5.726220284210916e-08,1.1920928955078127e-06,3.0782457227706205e-06,1,1,basket_1_main,0,0,1
er,35,6,4.430540980343434e-07,0.0011373207156900598,0.03970618804151898,0.2750984262406491,4.430540980343434e-07,0.0011373207156900598,2.4541642355656258e-09,0.0,7.688383537767713e-07,7.246239707339456e-07,2.4541642355656258e-09,0.0,3.0818068890627323e-06,1,1,basket_1_main,0,0,1
er,35,7,4.4305370508494764e-07,0.0011373245611921946,0.039706175641472434,0.27509909931760784,4.4305370508494764e-07,0.0011373245611921946,1.0233842072753465e-10,0.0,3.3198852357043344e-08,3.1367959642973026e-08,1.0233842072753465e-10,0.0,3.0820176425502764e-06,1,1,basket_1_main,0,0,1
er,35,8,4.430537010862054e-07,0.0011373213566079853,0.03970617510604948,0.27509912844849427,4.430537010862054e-07,0.0011373213566079853,9.490091457156167e-13,0.0,1.4338707524925255e-09,1.3578110573156958e-09,9.490091457156167e-13,0.0,3.082029214121905e-06,1,1,basket_1_main,0,0,1
er,35,9,4.430537138646609e-07,0.0011373252021079534,0.03970617508293241,0.27509912972565337,4.430537138646609e-07,0.0011373252021079534,3.91569922857986e-12,5.960464477539062e-07,6.237850058353131e-11,5.877760567527375e-11,3.91569922857986e-12,5.960464477539062e-07,3.082029821193019e-06,1,1,basket_1_main,0,0,1
er,35,10,4.4305372732219186e-07,0.0011373207156900598,0.03970617508193636,0.27509912977334805,4.4305372732219186e-07,0.0011373207156900598,4.106658763647685e-12,0.0,5.092066431412968e-12,2.5357903879027068e-12,4.106658763647685e-12,0.0,3.082029852115496e-06,1,1,basket_1_main,0,0,1
er,36,0,0.0,0.0,0.0,0.0,0.0,0.0,0.0,0.0,0.0,0.0,0.0,0.0,0.0,1,1,basket_1_main,0,0,1
er,36,1,1.3336200020393713e-07,4.062383844459384e-05,0.011764643111391644,7.69533804501856e-05,1.3336200020393713e-07,4.062383844459384e-05,2.6672400040787426e-06,1.4180394713128291e-05,0.48987776725654947,4.8618246524596744e-05,2.6672400040787426e-06,1.4180394713128291e-05,1.7653838263980242e-07,1,1,basket_1_main,0,0,1
er,36,2,7.870309701208511e-07,0.0011822117081352029,0.04246640003957674,0.0680491434585451,7.870309701208511e-07,0.0011822117081352029,1.6404432047141994e-05,0.00041561387496331226,0.03688810033843906,0.1753058687900448,1.6404432047141994e-05,0.00041561387496331226,8.789140761727278e-06,1,1,basket_1_main,0,0,1
er,36,3,4.5495728725391935e-07,0.0011377314700221017,0.039869416542373304,0.2661841134945095,4.5495728725391935e-07,0.0011377314700221017,1.2328306002406539e-05,0.00012475395965040853,0.009811939922982103,0.009436621023739836,1.2328306002406539e-05,0.00012475395965040853,2.7027084566601e-06,1,1,basket_1_main,0,0,1
er,36,4,4.4329377237030795e-07,0.0011373239202760752,0.039713129399961286,0.27472345084221345,4.4329377237030795e-07,0.0011373239202760752,1.429242790655508e-06,1.0893146325646218e-05,0.0004127360370596741,0.0003872161401451389,1.429242790655508e-06,1.0893146325646218e-05,3.02671447560668e-06,1,1,basket_1_main,0,0,1
er,36,5,4.4306353018864715e-07,0.0011373207156900598,0.03970647522329921,0.2750828779056088,4.4306353018864715e-07,0.0011373207156900598,5.7262201102985596e-08,5.960464477539062e-07,1.7806012331679554e-05,1.6739498349445163e-05,5.7262201102985596e-08,5.960464477539062e-07,3.0782457236272304e-06,1,1,basket_1_main,0,0,1
er,36,6,4.4305410499615945e-07,0.0011373213566079853,0.039706188041519035,0.27509842624329883,4.4305410499615945e-07,0.0011373213566079853,2.454168790158149e-09,0.0,7.688383532053267e-07,7.246239957472995e-07,2.454168790158149e-09,0.0,3.0818068898181476e-06,1,1,basket_1_main,0,0,1
er,36,7,4.4305371204071354e-07,0.0011373239202760752,0.03970617564147246,0.2750990993123084,4.4305371204071354e-07,0.0011373239202760752,1.0233632508046095e-10,0.0,3.319885313637395e-08,3.136794858911895e-08,1.0233632508046095e-10,0.0,3.082017643437414e-06,1,1,basket_1_main,0,0,1
er,36,8,4.430537080187371e-07,0.0011373226384427525,0.039706175106049554,0.27509912845379375,4.430537080187371e-07,0.0011373226384427525,9.490766640750897e-13,5.960464477539062e-07,1.4338711752901445e-09,1.3578563821862879e-09,9.490766640750897e-13,5.960464477539062e-07,3.082029215095185e-06,1,1,basket_1_main,0,0,1
er,36,9,4.430537207835321e-07,0.0011373264839383865,0.03970617508293248,0.27509912973095274,4.430537207835321e-07,0.0011373264839383865,3.914661186145238e-12,1.032382731180714e-06,6.237861392521033e-11,5.880530674083677e-11,3.914661186145238e-12,1.032382731180714e-06,3.0820298220976263e-06,1,1,basket_1_main,0,0,1
er,36,10,4.430537342137485e-07,0.0011373213566079853,0.039706175081936405,0.2750991297786475,4.430537342137485e-07,0.0011373213566079853,4.1038211707820046e-12,9.424321830774486e-07,5.089507372264199e-12,2.5161714980497632e-12,4.1038211707820046e-12,9.424321830774486e-07,3.0820298529535365e-06,1,1,basket_1_main,0,0,1
er,37,0,0.0,0.0,0.0,0.0,0.0,0.0,0.0,0.0,0.0,0.0,0.0,0.0,0.0,1,1,basket_1_main,0,0,1
er,37,1,1.3336199998203462e-07,4.065970939060676e-05,0.011764643111391825,7.697232282104486e-05,1.3336199998203462e-07,4.065970939060676e-05,2.6672399996406923e-06,1.4192916035402904e-05,0.4898777672565226,4.8618246586352534e-05,2.6672399996406923e-06,1.4192916035402904e-05,1.7653838261505153e-07,1,1,basket_1_main,0,0,1
er,37,2,7.87030954858009e-07,0.001182209241808083,0.04246640003957693,0.06804914340498604,7.87030954858009e-07,0.001182209241808083,1.6404431579900517e-05,0.0004156132338544671,0.03688810033848476,0.1753058687906293,1.6404431579900517e-05,0.0004156132338544671,8.789140759820353e-06,1,1,basket_1_main,0,0,1
er,37,3,4.549572630590314e-07,0.001137740439600767,0.03986941654237279,0.26618411348903254,4.549572630590314e-07,0.001137740439600767,1.2328306001641045e-05,0.00012476036698251265,0.009811939922981017,0.009436621023671325,1.2328306001641045e-05,0.00012476036698251265,2.7027084516820557e-06,1,1,basket_1_main,0,0,1
er,37,4,4.432937565971358e-07,0.0011373316112456729,0.03971312939996074,0.2747234508395601,4.432937565971358e-07,0.0011373316112456729,1.4292427933886227e-06,1.110311508786523e-05,0.0004127360370588124,0.0003872161401358972,1.4292427933886227e-06,1.110311508786523e-05,3.0267144710731674e-06,1,1,basket_1_main,0,0,1
er,37,5,4.430635147810669e-07,0.0011373207156900598,0.0397064752232986,0.2750828779082587,4.430635147810669e-07,0.0011373207156900598,5.7262201061357037e-08,1.57699067060029e-06,1.7806012322960295e-05,1.6739498340916984e-05,5.7262201061357037e-08,1.57699067060029e-06,3.0782457191347167e-06,1,1,basket_1_main,0,0,1
er,37,6,4.430540896187418e-07,0.0011373207156900598,0.039706188041518486,0.27509842624329883,4.430540896187418e-07,0.0011373207156900598,2.4541619878754707e-09,0.0,7.688383531172109e-07,7.246239947239185e-07,2.4541619878754707e-09,0.0,3.081806885437869e-06,1,1,basket_1_main,0,0,1
er,37,7,4.430536966917929e-07,0.0011373245611921946,0.03970617564147195,0.27509909931760784,4.430536966917929e-07,0.0011373245611921946,1.0233853113305456e-10,0.0,3.319885396083203e-08,3.1367950886136935e-08,1.0233853113305456e-10,0.0,3.082017638924186e-06,1,1,basket_1_main,0,0,1
er,37,8,4.4305369267070524e-07,0.0011373226384427525,0.039706175106049,0.27509912845379375,4.4305369267070524e-07,0.0011373226384427525,9.493114828896771e-13,5.960464477539062e-07,1.4338693961154818e-09,1.3578221680510007e-09,9.493114828896771e-13,5.960464477539062e-07,3.0820292104979336e-06,1,1,basket_1_main,0,0,1
er,37,9,4.430537054340547e-07,0.0011373264839383865,0.03970617508293194,0.27509912973095274,4.430537054340547e-07,0.0011373264839383865,3.9168148037887135e-12,9.424321830774486e-07,6.23778138553486e-11,5.876265184933308e-11,3.9168148037887135e-12,9.424321830774486e-07,3.0820298175676683e-06,1,1,basket_1_main,0,0,1
er,37,10,4.430537188581038e-07,0.0011373213566079853,0.039706175081935864,0.2750991297812972,4.430537188581038e-07,0.0011373213566079853,4.106740095697444e-12,8.429369702178807e-07,5.090787129859175e-12,2.539567094020116e-12,4.106740095697444e-12,8.429369702178807e-07,3.0820298484914538e-06,1,1,basket_1_main,0,0,1
er,38,0,0.0,0.0,0.0,0.0,0.0,0.0,0.0,0.0,0.0,0.0,0.0,0.0,0.0,1,1,basket_1_main,0,0,1
er,38,1,1.333619998374934e-07,4.060589108854025e-05,0.01176464311139163,7.693443341544065e-05,1.333619998374934e-07,4.060589108854025e-05,2.6672399967498676e-06,1.4174129904025034e-05,0.489877767256548,4.861824649207379e-05,2.6672399967498676e-06,1.4174129904025034e-05,1.76538382668003e-07,1,1,basket_1_main,0,0,1
er,38,2,7.870309645553338e-07,0.001182209241808083,0.0424664000395768,0.06804914343712147,7.870309645553338e-07,0.001182209241808083,1.6404431888981505e-05,0.0004156128064480208,0.03688810033846682,0.17530586879044321,1.6404431888981505e-05,0.0004156128064480208,8.78914076107029e-06,1,1,basket_1_main,0,0,1
er,38,3,4.5495727717186146e-07,0.0011377365955042836,0.039869416542373096,0.26618411347807874,4.5495727717186146e-07,0.0011377365955042836,1.2328306003417383e-05,0.00012475680739419201,0.009811939922981863,0.009436621023748263,1.2328306003417383e-05,0.00012475680739419201,2.7027084548623998e-06,1,1,basket_1_main,0,0,1
er,38,4,4.4329376468714123e-07,0.0011373284066813277,0.03971312939996109,0.2747234508289468,4.4329376468714123e-07,0.0011373284066813277,1.4292427925970704e-06,1.1014770634518005e-05,0.0004127360370612874,0.00038721614015044573,1.4292427925970704e-06,1.1014770634518005e-05,3.0267144739092903e-06,1,1,basket_1_main,0,0,1
er,38,5,4.430635225888336e-07,0.0011373264839383865,0.03970647522329908,0.2750828779347574,4.430635225888336e-07,0.0011373264839383865,5.7262200502786175e-08,1.8371385344770483e-06,1.7806012320344843e-05,1.6739498343391815e-05,5.7262200502786175e-08,1.8371385344770483e-06,3.0782457219244236e-06,1,1,basket_1_main,0,0,1
er,38,6,4.4305409742161465e-07,0.0011373149474124772,0.0397061880415188,0.2750984262221011,4.4305409742161465e-07,0.0011373149474124772,2.454163529439135e-09,0.0,7.688383523205349e-07,7.246239944107496e-07,2.454163529439135e-09,0.0,3.0818068882243577e-06,1,1,basket_1_main,0,0,1
er,38,7,4.430537044522106e-07,0.001137316870174922,0.03970617564147222,0.2750990992884611,4.430537044522106e-07,0.001137316870174922,1.0233844639517836e-10,0.0,3.31988556324313e-08,3.136796295654921e-08,1.0233844639517836e-10,0.0,3.0820176417112504e-06,1,1,basket_1_main,0,0,1
er,38,8,4.430537004226498e-07,0.0011373149474124772,0.03970617510604927,0.2750991284272966,4.430537004226498e-07,0.0011373149474124772,9.492905695354254e-13,0.0,1.4338717030331477e-09,1.3578008409949887e-09,9.492905695354254e-13,0.0,3.082029213284244e-06,1,1,basket_1_main,0,0,1
er,38,9,4.430537131869046e-07,0.001137318152014746,0.039706175082932206,0.27509912970180594,4.430537131869046e-07,0.001137318152014746,3.9158421320544814e-12,0.0,6.237998606535979e-11,5.876252276079635e-11,3.9158421320544814e-12,0.0,3.082029820354668e-06,1,1,basket_1_main,0,0,1
er,38,10,4.430537266180285e-07,0.0011373232793595945,0.03970617508193629,0.2750991297892463,4.430537266180285e-07,0.0011373232793595945,4.106655146997662e-12,0.0,5.0895620698571285e-12,2.5291610345474825e-12,4.106655146997662e-12,0.0,3.082029851277853e-06,1,1,basket_1_main,0,0,1
er,39,0,0.0,0.0,0.0,0.0,0.0,0.0,0.0,0.0,0.0,0.0,0.0,0.0,0.0,1,1,basket_1_main,0,0,1
er,39,1,1.3336199990805042e-07,4.060589108854025e-05,0.011764643111392088,7.693443341544065e-05,1.3336199990805042e-07,4.060589108854025e-05,2.6672399981610084e-06,1.4174129904025034e-05,0.48987776725650406,4.8618246602532036e-05,2.6672399981610084e-06,1.4174129904025034e-05,1.765383825951329e-07,1,1,basket_1_main,0,0,1
er,39,2,7.870309575058737e-07,0.001182214791036868,0.04246640003957703,0.06804914350139232,7.870309575058737e-07,0.001182214791036868,1.640443166382231e-05,0.00041561451607116857,0.03688810033840281,0.17530586878938875,1.640443166382231e-05,0.00041561451607116857,8.78914076045266e-06,1,1,basket_1_main,0,0,1
er,39,3,4.5495726671035246e-07,0.001137737876871221,0.039869416542373096,0.2661841135191555,4.5495726671035246e-07,0.001137737876871221,1.2328306001688631e-05,0.00012476392646927612,0.00981193992297635,0.009436621023659456,1.2328306001688631e-05,0.00012476392646927612,2.7027084531110126e-06,1,1,basket_1_main,0,0,1
er,39,4,4.432937584310644e-07,0.001137320074771773,0.03971312939996094,0.27472345082629346,4.432937584310644e-07,0.001137320074771773,1.4292427963982065e-06,1.091757958174612e-05,0.00041273603705927045,0.00038721614014884605,1.4292427963982065e-06,1.091757958174612e-05,3.02671447235111e-06,1,1,basket_1_main,0,0,1
er,39,5,4.430635165208183e-07,0.0011373277657673751,0.039706475223298926,0.2750828779347574,4.430635165208183e-07,0.0011373277657673751,5.7262202458392e-08,1.032382731180714e-06,1.780601231970612e-05,1.673949833367298e-05,5.7262202458392e-08,1.032382731180714e-06,3.0782457203905727e-06,1,1,basket_1_main,0,0,1
er,39,6,4.430540913491079e-07,0.001137318152014746,0.03970618804151869,0.27509842623005026,4.430540913491079e-07,0.001137318152014746,2.454163620572842e-09,0.0,7.688383532684533e-07,7.246239820977145e-07,2.454163620572842e-09,0.0,3.081806886686112e-06,1,1,basket_1_main,0,0,1
er,39,7,4.4305369838574146e-07,0.0011373213566079853,0.03970617564147212,0.27509909930435933,4.4305369838574146e-07,0.0011373213566079853,1.0233842046446163e-10,0.0,3.319885145221911e-08,3.1367948596622516e-08,1.0233842046446163e-10,0.0,3.0820176401716562e-06,1,1,basket_1_main,0,0,1
er,39,8,4.430536943798212e-07,0.0011373187929341164,0.03970617510604919,0.27509912843789547,4.430536943798212e-07,0.0011373187929341164,9.493256794618658e-13,0.0,1.433871745345491e-09,1.3578182072931772e-09,9.493256794618658e-13,0.0,3.082029211745399e-06,1,1,basket_1_main,0,0,1
er,39,9,4.430537071829246e-07,0.0011373226384427525,0.03970617508293212,0.2750991297150545,4.430537071829246e-07,0.0011373226384427525,3.917013415495925e-12,0.0,6.237872776625301e-11,5.880255022485503e-11,3.917013415495925e-12,0.0,3.082029818815823e-06,1,1,basket_1_main,0,0,1
er,39,10,4.430537206166875e-07,0.0011373277657673751,0.03970617508193619,0.2750991298051445,4.430537206166875e-07,0.0011373277657673751,4.107627958729037e-12,1.264405455326821e-06,5.089043468533727e-12,2.5401832607504844e-12,4.107627958729037e-12,1.264405455326821e-06,3.082029849738229e-06,1,1,basket_1_main,0,0,1
er,40,0,0.0,1.7075472925031877e-06,0.0,1.7075472925031877e-06,0.0,1.7075472925031877e-06,0.0,0.0,0.0,0.0,0.0,0.0,0.0,1,1,basket_1_main,0,0,1
er,40,1,1.333619999544846e-07,4.060589108854025e-05,0.011764643111391714,7.693443341544065e-05,1.333619999544846e-07,4.060589108854025e-05,2.667239999089692e-06,1.4174129904025034e-05,0.489877767256535,4.861824649814233e-05,2.667239999089692e-06,1.4174129904025034e-05,1.7653838261671587e-07,1,1,basket_1_main,0,0,1
er,40,2,7.87030957570623e-07,0.001182216024195283,0.04246640003957679,0.06804914352281596,7.87030957570623e-07,0.001182216024195283,1.6404431665420267e-05,0.0004156143023686597,0.03688810033840009,0.1753058687896221,1.6404431665420267e-05,0.0004156143023686597,8.78914076044813e-06,1,1,basket_1_main,0,0,1
er,40,3,4.549572686121722e-07,0.001137740439600767,0.039869416542372985,0.26618411352463245,4.549572686121722e-07,0.001137740439600767,1.2328305995669786e-05,0.00012476606211259036,0.009811939922981398,0.009436621023711208,1.2328305995669786e-05,0.00012476606211259036,2.7027084529768426e-06,1,1,basket_1_main,0,0,1
er,40,4,4.432937606900974e-07,0.0011373239202760752,0.03971312939996083,0.2747234508395601,4.432937606900974e-07,0.0011373239202760752,1.429242790863652e-06,1.0982469184809034e-05,0.0004127360370601204,0.0003872161401090776,1.429242790863652e-06,1.0982469184809034e-05,3.026714472311944e-06,1,1,basket_1_main,0,0,1
er,40,5,4.430635187814015e-07,0.0011373296885081494,0.039706475223298794,0.2750828779400571,4.430635187814015e-07,0.0011373296885081494,5.726220120898472e-08,1.5196262340524151e-06,1.780601232044896e-05,1.6739498349096588e-05,5.726220120898472e-08,1.5196262340524151e-06,3.0782457203870494e-06,1,1,basket_1_main,0,0,1
er,40,6,4.4305409358934785e-07,0.0011373207156900598,0.039706188041518535,0.27509842623799935,4.4305409358934785e-07,0.0011373207156900598,2.4541685921209384e-09,9.424321830774486e-07,7.688383523495926e-07,7.246239887629236e-07,2.4541685921209384e-09,9.424321830774486e-07,3.0818068865809304e-06,1,1,basket_1_main,0,0,1
er,40,7,4.430537006438674e-07,0.0011373239202760752,0.039706175641472,0.2750990993123084,4.430537006438674e-07,0.0011373239202760752,1.023362992218943e-10,0.0,3.3198854883648446e-08,3.136794928011042e-08,1.023362992218943e-10,0.0,3.082017640201103e-06,1,1,basket_1_main,0,0,1
er,40,8,4.4305369665140116e-07,0.001137320074771773,0.03970617510604903,0.2750991284405452,4.4305369665140116e-07,0.001137320074771773,9.478239881164573e-13,0.0,1.4338707096954162e-09,1.357815013275955e-09,9.478239881164573e-13,0.0,3.082029211858885e-06,1,1,basket_1_main,0,0,1
er,40,9,4.430537094258296e-07,0.0011373239202760752,0.039706175082931956,0.2750991297177042,4.430537094258296e-07,0.0011373239202760752,3.914729301637085e-12,0.0,6.237826244615833e-11,5.880053144083408e-11,3.914729301637085e-12,0.0,3.0820298188613447e-06,1,1,basket_1_main,0,0,1
er,40,10,4.430537228293109e-07,0.0011373284066813277,0.039706175081936024,0.2750991298051445,4.430537228293109e-07,0.0011373284066813277,4.1027743120230035e-12,1.264405455326821e-06,5.088702900017024e-12,2.5263138885075607e-12,4.1027743120230035e-12,1.264405455326821e-06,3.082029849718617e-06,1,1,basket_1_main,0,0,1
er,41,0,0.0,0.0,0.0,0.0,0.0,0.0,0.0,0.0,0.0,0.0,0.0,0.0,0.0,1,1,basket_1_main,0,0,1
er,41,1,1.3336199988236782e-07,4.062383844459384e-05,0.011764643111391963,7.69533804501856e-05,1.3336199988236782e-07,4.062383844459384e-05,2.667239997647356e-06,1.4180394713128291e-05,0.48987776725652193,4.861824652583151e-05,2.667239997647356e-06,1.4180394713128291e-05,1.7653838260838054e-07,1,1,basket_1_main,0,0,1
er,41,2,7.870309708062947e-07,0.001182214791036868,0.042466400039577176,0.06804914347996871,7.870309708062947e-07,0.001182214791036868,1.64044320817086e-05,0.0004156149434758567,0.03688810033848922,0.17530586879014198,1.64044320817086e-05,0.0004156149434758567,8.78914076179517e-06,1,1,basket_1_main,0,0,1
er,41,3,4.5495728602708324e-07,0.0011377327513948116,0.03986941654237354,0.26618411348903254,4.5495728602708324e-07,0.0011377327513948116,1.2328306015408583e-05,0.00012475823124170765,0.009811939922980652,0.00943662102378667,1.2328306015408583e-05,0.00012475823124170765,2.7027084570837746e-06,1,1,basket_1_main,0,0,1
er,41,4,4.432937697672707e-07,0.0011373226384427525,0.03971312939996151,0.2747234508342534,4.432937697672707e-07,0.0011373226384427525,1.4292427920620092e-06,1.0893146325646218e-05,0.0004127360370607393,0.00038721614014591523,1.4292427920620092e-06,1.0893146325646218e-05,3.0267144758959824e-06,1,1,basket_1_main,0,0,1
er,41,5,4.4306352749663123e-07,0.0011373303294210184,0.0397064752232995,0.2750828779400571,4.4306352749663123e-07,0.0011373303294210184,5.726220245798814e-08,1.632340423778195e-06,1.780601232033269e-05,1.6739498348816654e-05,5.726220245798814e-08,1.632340423778195e-06,3.078245723877411e-06,1,1,basket_1_main,0,0,1
er,41,6,4.430541023104665e-07,0.0011373213566079853,0.03970618804151926,0.27509842623799935,4.430541023104665e-07,0.0011373213566079853,2.4541637418574447e-09,1.3328003749250115e-06,7.688383522868642e-07,7.246239991093775e-07,2.4541637418574447e-09,1.3328003749250115e-06,3.0818068901689616e-06,1,1,basket_1_main,0,0,1
er,41,7,4.4305370937650413e-07,0.0011373245611921946,0.039706175641472725,0.2750990993123084,4.4305370937650413e-07,0.0011373245611921946,1.0233963231970347e-10,5.960464477539062e-07,3.319885575136589e-08,3.136794782741951e-08,1.0233963231970347e-10,5.960464477539062e-07,3.0820176436550098e-06,1,1,basket_1_main,0,0,1
er,41,8,4.4305370535798924e-07,0.0011373239202760752,0.039706175106049804,0.27509912845379375,4.4305370535798924e-07,0.0011373239202760752,9.502524587488552e-13,9.424321830774486e-07,1.4338709434428783e-09,1.3578172848404412e-09,9.502524587488552e-13,9.424321830774486e-07,3.0820292152287087e-06,1,1,basket_1_main,0,0,1
er,41,9,4.430537181531224e-07,0.0011373258430233506,0.0397061750829327,0.2750991297203539,4.430537181531224e-07,0.0011373258430233506,3.916872687418678e-12,1.1151007970493858e-06,6.237837643839362e-11,5.879316472786137e-11,3.916872687418678e-12,1.1151007970493858e-06,3.082029822297744e-06,1,1,basket_1_main,0,0,1
er,41,10,4.4305373161360673e-07,0.0011373296885081494,0.03970617508193675,0.2750991298077942,4.4305373161360673e-07,0.0011373296885081494,4.1076217454310635e-12,1.6858739404357618e-06,5.090187595730637e-12,2.5500538167887855e-12,4.1076217454310635e-12,1.6858739404357618e-06,3.082029853221016e-06,1,1,basket_1_main,0,0,1
er,42,0,0.0,0.0,0.0,0.0,0.0,0.0,0.0,0.0,0.0,0.0,0.0,0.0,0.0,1,1,basket_1_main,0,0,1
er,42,1,1.333619999457048e-07,4.065970939060676e-05,0.011764643111391963,7.697232282104486e-05,1.333619999457048e-07,4.065970939060676e-05,2.6672399989140956e-06,1.4192916035402904e-05,0.4898777672565233,4.861824653446304e-05,2.6672399989140956e-06,1.4192916035402904e-05,1.7653838261165583e-07,1,1,basket_1_main,0,0,1
er,42,2,7.870309550645907e-07,0.001182212941296834,0.042466400039577364,0.06804914349068052,7.870309550645907e-07,0.001182212941296834,1.640443162547562e-05,0.00041561451607116857,0.036888100338489035,0.17530586878998677,1.640443162547562e-05,0.00041561451607116857,8.789140760163311e-06,1,1,basket_1_main,0,0,1
er,42,3,4.549572596048077e-07,0.001137743643004582,0.03986941654237304,0.2661841135082017,4.549572596048077e-07,0.001137743643004582,1.232830601461911e-05,0.00012476890958014548,0.009811939922977363,0.009436621023673614,1.232830601461911e-05,0.00012476890958014548,2.7027084528406363e-06,1,1,basket_1_main,0,0,1
er,42,4,4.4329375110169927e-07,0.0011373271248530615,0.03971312939996089,0.27472345082364014,4.4329375110169927e-07,0.0011373271248530615,1.4292427933718078e-06,1.1087104819857188e-05,0.0004127360370592725,0.00038721614013626464,1.4292427933718078e-06,1.1087104819857188e-05,3.0267144721094906e-06,1,1,basket_1_main,0,0,1
er,42,5,4.4306350920558074e-07,0.0011373239202760752,0.03970647522329886,0.27508287792150804,4.4306350920558074e-07,0.0011373239202760752,5.7262200411945876e-08,1.4600096599955428e-06,1.780601231949103e-05,1.673949835458922e-05,5.7262200411945876e-08,1.4600096599955428e-06,3.0782457201547502e-06,1,1,basket_1_main,0,0,1
er,42,6,4.43054084051426e-07,0.0011373252021079534,0.039706188041518806,0.27509842626449654,4.43054084051426e-07,0.0011373252021079534,2.454163260726957e-09,1.032382731180714e-06,7.688383531963028e-07,7.246240000164224e-07,2.454163260726957e-09,1.032382731180714e-06,3.0818068864573797e-06,1,1,basket_1_main,0,0,1
er,42,7,4.430536911209964e-07,0.0011373290475949192,0.03970617564147226,0.2750990993414552,4.430536911209964e-07,0.0011373290475949192,1.0233857012100875e-10,1.57699067060029e-06,3.319885484528648e-08,3.1367950323329235e-08,1.0233857012100875e-10,1.57699067060029e-06,3.0820176399436735e-06,1,1,basket_1_main,0,0,1
er,42,8,4.4305368710996337e-07,0.0011373277657673751,0.03970617510604934,0.2750991284802908,4.4305368710996337e-07,0.0011373277657673751,9.498018735083629e-13,1.7881393432617192e-06,1.4338706443575292e-09,1.3578430511118764e-09,9.498018735083629e-13,1.7881393432617192e-06,3.082029211517381e-06,1,1,basket_1_main,0,0,1
er,42,9,4.4305369987200487e-07,0.0011373219975255495,0.039706175082932234,0.2750991297150545,4.4305369987200487e-07,0.0011373219975255495,3.915909538279947e-12,1.1151007970493858e-06,6.239653165795158e-11,5.879240541944289e-11,3.915909538279947e-12,1.1151007970493858e-06,3.0820298185864346e-06,1,1,basket_1_main,0,0,1
er,42,10,4.4305371334274967e-07,0.0011373252021079534,0.039706175081936176,0.2750991297971954,4.4305371334274967e-07,0.0011373252021079534,4.108879064670007e-12,7.300048299977713e-07,5.0898182641659e-12,2.5262547611834314e-12,4.108879064670007e-12,7.300048299977713e-07,3.0820298495110527e-06,1,1,basket_1_main,0,0,1
er,43,0,0.0,0.0,0.0,0.0,0.0,0.0,0.0,0.0,0.0,0.0,0.0,0.0,0.0,1,1,basket_1_main,0,0,1
er,43,1,1.3336200001571974e-07,4.062383844459384e-05,0.011764643111391852,7.694390751601417e-05,1.3336200001571974e-07,4.062383844459384e-05,2.667240000314395e-06,1.4180394713128291e-05,0.48987776725652366,4.861824658585147e-05,2.667240000314395e-06,1.4180394713128291e-05,1.765383826149539e-07,1,1,basket_1_main,0,0,1
er,43,2,7.870309571270374e-07,0.0011822135578771669,0.04246640003957712,0.06804914349068052,7.870309571270374e-07,0.0011822135578771669,1.640443167277577e-05,0.00041561451607116857,0.036888100338400995,0.17530586878780485,1.640443167277577e-05,0.00041561451607116857,8.789140760424253e-06,1,1,basket_1_main,0,0,1
er,43,3,4.5495726468442117e-07,0.0011377346734511712,0.039869416542373005,0.2661841134999864,4.5495726468442117e-07,0.0011377346734511712,1.2328306012124807e-05,0.00012475965507297335,0.009811939922976584,0.009436621023705821,1.2328306012124807e-05,0.00012475965507297335,2.702708453038694e-06,1,1,basket_1_main,0,0,1
er,43,4,4.4329375608037714e-07,0.0011373264839383865,0.039713129399961,0.2747234508501734,4.4329375608037714e-07,0.0011373264839383865,1.4292427930553889e-06,1.0958180612832588e-05,0.0004127360370608406,0.00038721614012695335,1.4292427930553889e-06,1.0958180612832588e-05,3.0267144722846426e-06,1,1,basket_1_main,0,0,1
er,43,5,4.4306351414360145e-07,0.0011373226384427525,0.0397064752232988,0.2750828779109086,4.4306351414360145e-07,0.0011373226384427525,5.726220062404805e-08,1.264405455326821e-06,1.7806012320111164e-05,1.673949835616528e-05,5.726220062404805e-08,1.264405455326821e-06,3.078245720325855e-06,1,1,basket_1_main,0,0,1
er,43,6,4.4305408898541165e-07,0.0011373226384427525,0.03970618804151871,0.2750984262459485,4.4305408898541165e-07,0.0011373226384427525,2.4541642589872233e-09,4.2146848510894033e-07,7.688383514505973e-07,7.246239947433182e-07,2.4541642589872233e-09,4.2146848510894033e-07,3.0818068866207245e-06,1,1,basket_1_main,0,0,1
er,43,7,4.4305369602466184e-07,0.0011373258430233506,0.03970617564147218,0.27509909932025756,4.4305369602466184e-07,0.0011373258430233506,1.0233855654851062e-10,1.032382731180714e-06,3.319885406551756e-08,3.13679506379924e-08,1.0233855654851062e-10,1.032382731180714e-06,3.082017640107007e-06,1,1,basket_1_main,0,0,1
er,43,8,4.4305369201315626e-07,0.0011373252021079534,0.03970617510604927,0.27509912846439255,4.4305369201315626e-07,0.0011373252021079534,9.505251421304969e-13,1.3328003749250115e-06,1.4338702424447128e-09,1.3578289736940972e-09,9.505251421304969e-13,1.3328003749250115e-06,3.0820292116793345e-06,1,1,basket_1_main,0,0,1
er,43,9,4.4305370480036374e-07,0.0011373296885081494,0.03970617508293217,0.27509912974155154,4.4305370480036374e-07,0.0011373296885081494,3.915903805314363e-12,1.632340423778195e-06,6.237657809635842e-11,5.876375786734128e-11,3.915903805314363e-12,1.632340423778195e-06,3.082029818749768e-06,1,1,basket_1_main,0,0,1
er,43,10,4.4305371823472133e-07,0.0011373245611921946,0.03970617508193611,0.2750991297892463,4.4305371823472133e-07,0.0011373245611921946,4.105487000819166e-12,1.57699067060029e-06,5.090022846251575e-12,2.5292246479268066e-12,4.105487000819166e-12,1.57699067060029e-06,3.082029849673714e-06,1,1,basket_1_main,0,0,1
er,44,0,0.0,0.0,0.0,0.0,0.0,0.0,0.0,0.0,0.0,0.0,0.0,0.0,0.0,1,1,basket_1_main,0,0,1
er,44,1,1.3336200013920592e-07,4.060589108854025e-05,0.011764643111391658,7.694390751601417e-05,1.3336200013920592e-07,4.060589108854025e-05,2.6672400027841184e-06,1.4174129904025034e-05,0.4898777672565493,4.8618246577315296e-05,2.6672400027841184e-06,1.4174129904025034e-05,1.7653838264815967e-07,1,1,basket_1_main,0,0,1
er,44,2,7.870309571641636e-07,0.0011822135578771669,0.04246640003957702,0.06804914350139232,7.870309571641636e-07,0.0011822135578771669,1.6404431666496297e-05,0.0004156149434758567,0.036888100338455666,0.17530586879009188,1.6404431666496297e-05,0.0004156149434758567,8.789140760239072e-06,1,1,basket_1_main,0,0,1
er,44,3,4.5495726572874064e-07,0.001137743643004582,0.03986941654237295,0.2661841135054633,4.5495726572874064e-07,0.001137743643004582,1.232830600444514e-05,0.00012477104513816635,0.009811939922977625,0.009436621023693578,1.232830600444514e-05,0.00012477104513816635,2.7027084528347024e-06,1,1,basket_1_main,0,0,1
er,44,4,4.432937574932094e-07,0.0011373354567109685,0.03971312939996096,0.2747234508554801,4.432937574932094e-07,0.0011373354567109685,1.4292427904389592e-06,1.1206624315359241e-05,0.000412736037060467,0.00038721614015070095,1.4292427904389592e-06,1.1206624315359241e-05,3.02671447210372e-06,1,1,basket_1_main,0,0,1
er,44,5,4.430635155921444e-07,0.0011373226384427525,0.03970647522329878,0.2750828779162083,4.430635155921444e-07,0.0011373226384427525,5.726219994814822e-08,2.1490760299348775e-06,1.7806012322038337e-05,1.6739498342370923e-05,5.726219994814822e-08,2.1490760299348775e-06,3.078245720147721e-06,1,1,basket_1_main,0,0,1
er,44,6,4.430540904400861e-07,0.0011373226384427525,0.039706188041518695,0.275098426251248,4.430540904400861e-07,0.0011373226384427525,2.4541631161819626e-09,5.960464477539062e-07,7.688383550457657e-07,7.2462396875918e-07,2.4541631161819626e-09,5.960464477539062e-07,3.081806886450384e-06,1,1,basket_1_main,0,0,1
er,44,7,4.4305369748422905e-07,0.0011373239202760752,0.0397061756414721,0.27509909931760784,4.4305369748422905e-07,0.0011373239202760752,1.0233832361944463e-10,9.424321830774486e-07,3.319885490375749e-08,3.1367948653270207e-08,1.0233832361944463e-10,9.424321830774486e-07,3.0820176399366334e-06,1,1,basket_1_main,0,0,1
er,44,8,4.4305369346913305e-07,0.0011373232793595945,0.03970617510604918,0.2750991284590931,4.4305369346913305e-07,0.0011373232793595945,9.492755769412657e-13,9.424321830774486e-07,1.4338694741296755e-09,1.357811480115272e-09,9.492755769412657e-13,9.424321830774486e-07,3.0820292115096873e-06,1,1,basket_1_main,0,0,1
er,44,9,4.4305370625665997e-07,0.0011373277657673751,0.03970617508293211,0.2750991297389019,4.4305370625665997e-07,0.0011373277657673751,3.9189612235712765e-12,1.3978528260658475e-06,6.237734883396374e-11,5.880112819558395e-11,3.9189612235712765e-12,1.3978528260658475e-06,3.0820298185794216e-06,1,1,basket_1_main,0,0,1
er,44,10,4.4305371968192683e-07,0.0011373226384427525,0.039706175081936045,0.27509912978659656,4.4305371968192683e-07,0.0011373226384427525,4.105488194401371e-12,1.3978528260658475e-06,5.090350167275135e-12,2.531612182511102e-12,4.105488194401371e-12,1.3978528260658475e-06,3.082029849502517e-06,1,1,basket_1_main,0,0,1
er,45,0,0.0,0.0,0.0,0.0,0.0,0.0,0.0,0.0,0.0,0.0,0.0,0.0,0.0,1,1,basket_1_main,0,0,1
er,45,1,1.333619999607381e-07,4.065970939060676e-05,0.011764643111391686,7.697232282104486e-05,1.333619999607381e-07,4.065970939060676e-05,2.667239999214762e-06,1.4192916035402904e-05,0.4898777672565475,4.861824652079081e-05,2.667239999214762e-06,1.4192916035402904e-05,1.7653838265814783e-07,1,1,basket_1_main,0,0,1
er,45,2,7.87030979841589e-07,0.0011822110915539054,0.042466400039576885,0.0680491434692569,7.87030979841589e-07,0.0011822110915539054,1.640443235489344e-05,0.00041561387496331226,0.03688810033842575,0.1753058687883833,1.640443235489344e-05,0.00041561387496331226,8.789140762954175e-06,1,1,basket_1_main,0,0,1
er,45,3,4.5495730237061207e-07,0.0011377391582367156,0.039869416542373685,0.26618411348903254,4.5495730237061207e-07,0.0011377391582367156,1.2328306005267938e-05,0.00012476107888798963,0.009811939922978387,0.009436621023789617,1.2328306005267938e-05,0.00012476107888798963,2.702708459653989e-06,1,1,basket_1_main,0,0,1
er,45,4,4.4329378149720373e-07,0.0011373296885081494,0.03971312939996168,0.2747234508316001,4.4329378149720373e-07,0.0011373296885081494,1.429242791250484e-06,1.1055014724130416e-05,0.00041273603705866405,0.00038721614015793264,1.429242791250484e-06,1.1055014724130416e-05,3.026714478180513e-06,1,1,basket_1_main,0,0,1
er,45,5,4.4306353903011295e-07,0.0011373264839383865,0.03970647522329966,0.2750828779347574,4.4306353903011295e-07,0.0011373264839383865,5.726220060052889e-08,1.8848643661548976e-06,1.7806012319871118e-05,1.673949833498984e-05,5.726220060052889e-08,1.8848643661548976e-06,3.0782457261244453e-06,1,1,basket_1_main,0,0,1
er,45,6,4.4305411383359877e-07,0.001137318152014746,0.03970618804151944,0.2750984262353497,4.4305411383359877e-07,0.001137318152014746,2.4541638099227553e-09,0.0,7.688383521509231e-07,7.24623989356702e-07,2.4541638099227553e-09,0.0,3.0818068924203684e-06,1,1,basket_1_main,0,0,1
er,45,7,4.430537208971148e-07,0.0011373226384427525,0.0397061756414729,0.27509909931495813,4.430537208971148e-07,0.0011373226384427525,1.0233840795761851e-10,0.0,3.319885382838645e-08,3.1367968869534096e-08,1.0233840795761851e-10,0.0,3.082017645906909e-06,1,1,basket_1_main,0,0,1
er,45,8,4.4305371690762213e-07,0.0011373207156900598,0.03970617510604998,0.27509912845114404,4.4305371690762213e-07,0.0011373207156900598,9.497802360204955e-13,0.0,1.433870559676648e-09,1.3578192220070864e-09,9.497802360204955e-13,0.0,3.082029217479941e-06,1,1,basket_1_main,0,0,1
er,45,9,4.430537296739008e-07,0.0011373252021079534,0.039706175082932914,0.27509912973095274,4.430537296739008e-07,0.0011373252021079534,3.915772110790285e-12,0.0,6.237880345994729e-11,5.880778196927252e-11,3.915772110790285e-12,0.0,3.0820298245489846e-06,1,1,basket_1_main,0,0,1
er,45,10,4.43053743106947e-07,0.0011373207156900598,0.03970617508193684,0.2750991297812972,4.43053743106947e-07,0.0011373207156900598,4.10673628710427e-12,0.0,5.090169992115881e-12,2.5345634938090754e-12,4.10673628710427e-12,0.0,3.0820298554720806e-06,1,1,basket_1_main,0,0,1
er,46,0,0.0,0.0,0.0,0.0,0.0,0.0,0.0,0.0,0.0,0.0,0.0,0.0,0.0,1,1,basket_1_main,0,0,1
er,46,1,1.3336199998428457e-07,4.055200136195734e-05,0.01176464311139195,7.691548171336338e-05,1.3336199998428457e-07,4.055200136195734e-05,2.6672399996856914e-06,1.4155318840787608e-05,0.4898777672565185,4.8618246477432446e-05,2.6672399996856914e-06,1.4155318840787608e-05,1.7653838260511824e-07,1,1,basket_1_main,0,0,1
er,46,2,7.870309491654045e-07,0.0011822098583903454,0.04246640003957698,0.06804914344783329,7.870309491654045e-07,0.0011822098583903454,1.6404431421833544e-05,0.0004156128064480208,0.03688810033847409,0.17530586879092905,1.6404431421833544e-05,0.0004156128064480208,8.789140759245227e-06,1,1,basket_1_main,0,0,1
er,46,3,4.54957251791799e-07,0.0011377385175541485,0.03986941654237274,0.2661841134862941,4.54957251791799e-07,0.0011377385175541485,1.2328306004738113e-05,0.00012476107888798963,0.009811939922979176,0.00943662102364999,1.2328306004738113e-05,0.00012476107888798963,2.7027084504220015e-06,1,1,basket_1_main,0,0,1
er,46,4,4.4329374771590693e-07,0.0011373316112456729,0.039713129399960745,0.2747234508395601,4.4329374771590693e-07,0.0011373316112456729,1.4292427941770147e-06,1.1087104819857188e-05,0.00041273603706105266,0.000387216140107902,1.4292427941770147e-06,1.1087104819857188e-05,3.026714469951936e-06,1,1,basket_1_main,0,0,1
er,46,5,4.430635060108333e-07,0.001137320074771773,0.03970647522329858,0.2750828779082587,4.430635060108333e-07,0.001137320074771773,5.7262199933545234e-08,1.632340423778195e-06,1.7806012320394984e-05,1.6739498346617502e-05,5.7262199933545234e-08,1.632340423778195e-06,3.0782457180318112e-06,1,1,basket_1_main,0,0,1
er,46,6,4.430540808651996e-07,0.0011373207156900598,0.03970618804151849,0.2750984262459485,4.430540808651996e-07,0.0011373207156900598,2.454161958286714e-09,0.0,7.688383531713585e-07,7.246239899777602e-07,2.454161958286714e-09,0.0,3.081806884336826e-06,1,1,basket_1_main,0,0,1
er,46,7,4.430536879033292e-07,0.0011373245611921946,0.039706175641471955,0.27509909932290727,4.430536879033292e-07,0.0011373245611921946,1.0233854350545744e-10,5.960464477539062e-07,3.319885406668175e-08,3.136794907841001e-08,1.0233854350545744e-10,5.960464477539062e-07,3.0820176378239774e-06,1,1,basket_1_main,0,0,1
er,46,8,4.4305368390163286e-07,0.0011373207156900598,0.03970617510604898,0.27509912845114404,4.4305368390163286e-07,0.0011373207156900598,9.487914003905862e-13,5.960464477539062e-07,1.4338701812890703e-09,1.3578437270168869e-09,9.487914003905862e-13,5.960464477539062e-07,3.0820292093963134e-06,1,1,basket_1_main,0,0,1
er,46,9,4.4305369668069193e-07,0.0011373264839383865,0.039706175082931956,0.27509912973625217,4.4305369668069193e-07,0.0011373264839383865,3.91584354938746e-12,9.424321830774486e-07,6.237992909520088e-11,5.877800066545509e-11,3.91584354938746e-12,9.424321830774486e-07,3.082029816466738e-06,1,1,basket_1_main,0,0,1
er,46,10,4.4305371010945783e-07,0.0011373207156900598,0.03970617508193586,0.2750991297812972,4.4305371010945783e-07,0.0011373207156900598,4.104379928799066e-12,9.424321830774486e-07,5.0900122424654866e-12,2.5261869340006258e-12,4.104379928799066e-12,9.424321830774486e-07,3.0820298473892157e-06,1,1,basket_1_main,0,0,1
er,47,0,0.0,0.0,0.0,0.0,0.0,0.0,0.0,0.0,0.0,0.0,0.0,0.0,0.0,1,1,basket_1_main,0,0,1
er,47,1,1.3336200014534127e-07,4.062383844459384e-05,0.011764643111391644,7.69533804501856e-05,1.3336200014534127e-07,4.062383844459384e-05,2.667240002906825e-06,1.4180394713128291e-05,0.4898777672565473,4.8618246541388095e-05,2.667240002906825e-06,1.4180394713128291e-05,1.765383826480881e-07,1,1,basket_1_main,0,0,1
er,47,2,7.870309568113156e-07,0.001182216024195283,0.04246640003957719,0.06804914350139232,7.870309568113156e-07,0.001182216024195283,1.6404431677024653e-05,0.0004156151571780359,0.036888100338478,0.17530586878958387,1.6404431677024653e-05,0.0004156151571780359,8.789140760242837e-06,1,1,basket_1_main,0,0,1
er,47,3,4.549572632493414e-07,0.001137737876871221,0.039869416542372964,0.2661841135164171,4.549572632493414e-07,0.001137737876871221,1.2328306017743771e-05,0.00012476535023554742,0.009811939922976052,0.009436621023690608,1.2328306017743771e-05,0.00012476535023554742,2.7027084532231716e-06,1,1,basket_1_main,0,0,1
er,47,4,4.4329375421374634e-07,0.0011373213566079853,0.039713129399960814,0.2747234508289468,4.4329375421374634e-07,0.0011373213566079853,1.4292427956465967e-06,1.093383808603547e-05,0.00041273603705837105,0.00038721614011098256,1.4292427956465967e-06,1.093383808603547e-05,3.02671447245853e-06,1,1,basket_1_main,0,0,1
er,47,5,4.4306351229051423e-07,0.0011373264839383865,0.039706475223298794,0.27508287792680775,4.4306351229051423e-07,0.0011373264839383865,5.72622034952755e-08,1.1151007970493858e-06,1.7806012320637747e-05,1.6739498342221855e-05,5.72622034952755e-08,1.1151007970493858e-06,3.07824572049757e-06,1,1,basket_1_main,0,0,1
er,47,6,4.43054087127931e-07,0.0011373290475949192,0.039706188041518715,0.27509842626979597,4.43054087127931e-07,0.0011373290475949192,2.4541620793846528e-09,1.6858739404357618e-06,7.688383531617387e-07,7.24624000391346e-07,2.4541620793846528e-09,1.6858739404357618e-06,3.0818068867922457e-06,1,1,basket_1_main,0,0,1
er,47,7,4.430536941656739e-07,0.0011373328930688827,0.039706175641472184,0.27509909934940435,4.430536941656739e-07,0.0011373328930688827,1.0233854350510291e-10,2.1490760299348775e-06,3.319885176474794e-08,3.1367963317975214e-08,1.0233854350510291e-10,2.1490760299348775e-06,3.082017640277827e-06,1,1,basket_1_main,0,0,1
er,47,8,4.4305369013506563e-07,0.0011373316112456729,0.03970617510604928,0.2750991284882399,4.4305369013506563e-07,0.0011373316112456729,9.50574008285811e-13,2.3084779657169694e-06,1.4338719081410331e-09,1.3578236851250029e-09,9.50574008285811e-13,2.3084779657169694e-06,3.0820292118501543e-06,1,1,basket_1_main,0,0,1
er,47,9,4.43053702901279e-07,0.0011373271248530615,0.03970617508293206,0.27509912973095274,4.43053702901279e-07,0.0011373271248530615,3.91589846064852e-12,1.9314112360500884e-06,6.237828104914e-11,5.877715271268597e-11,3.91589846064852e-12,1.9314112360500884e-06,3.0820298189212773e-06,1,1,basket_1_main,0,0,1
er,47,10,4.430537163459962e-07,0.0011373213566079853,0.03970617508193599,0.27509912977334805,4.430537163459962e-07,0.0011373213566079853,4.1043728251608525e-12,8.429369702178807e-07,5.090621094366715e-12,2.5157394394576764e-12,4.1043728251608525e-12,8.429369702178807e-07,3.0820298498452233e-06,1,1,basket_1_main,0,0,1
er,48,0,0.0,0.0,0.0,0.0,0.0,0.0,0.0,0.0,0.0,0.0,0.0,0.0,0.0,1,1,basket_1_main,0,0,1
er,48,1,1.3336199994612105e-07,4.051603505655576e-05,0.011764643111391505,7.689652534050287e-05,1.3336199994612105e-07,4.051603505655576e-05,2.667239998922421e-06,1.41427642318069e-05,0.4898777672565638,4.861824639575595e-05,2.667239998922421e-06,1.41427642318069e-05,1.7653838268463659e-07,1,1,basket_1_main,0,0,1
er,48,2,7.870309729288225e-07,0.0011822110915539054,0.04246640003957669,0.06804914343712147,7.870309729288225e-07,0.0011822110915539054,1.640443213635412e-05,0.00041561302015129893,0.03688810033845314,0.17530586879046423,1.640443213635412e-05,0.00041561302015129893,8.789140762079086e-06,1,1,basket_1_main,0,0,1
er,48,3,4.5495729112939467e-07,0.0011377314700221017,0.03986941654237339,0.2661841134862941,4.5495729112939467e-07,0.0011377314700221017,1.2328306002982322e-05,0.00012475395965040853,0.009811939922980472,0.009436621023778787,1.2328306002982322e-05,0.00012475395965040853,2.7027084575383814e-06,1,1,basket_1_main,0,0,1
er,48,4,4.4329377440816006e-07,0.0011373226384427525,0.03971312939996137,0.2747234508342534,4.4329377440816006e-07,0.0011373226384427525,1.429242793231992e-06,1.0893146325646218e-05,0.0004127360370565408,0.0003872161401192612,1.429242793231992e-06,1.0893146325646218e-05,3.026714476302238e-06,1,1,basket_1_main,0,0,1
er,48,5,4.4306353213773317e-07,0.0011373303294210184,0.03970647522329939,0.2750828779400571,4.4306353213773317e-07,0.0011373303294210184,5.7262202564681104e-08,1.7377590819732256e-06,1.780601232135728e-05,1.6739498349312978e-05,5.7262202564681104e-08,1.7377590819732256e-06,3.07824572427773e-06,1,1,basket_1_main,0,0,1
er,48,6,4.4305410697128903e-07,0.001137320074771773,0.039706188041519125,0.2750984262327,4.4305410697128903e-07,0.001137320074771773,2.454162493048176e-09,1.3328003749250115e-06,7.688383529147339e-07,7.246240016293659e-07,2.454162493048176e-09,1.3328003749250115e-06,3.0818068905681957e-06,1,1,basket_1_main,0,0,1
er,48,7,4.430537140162225e-07,0.0011373239202760752,0.03970617564147259,0.27509909930965876,4.430537140162225e-07,0.0011373239202760752,1.0233853063153219e-10,0.0,3.3198854404309556e-08,3.136796101039776e-08,1.0233853063153219e-10,0.0,3.0820176440534807e-06,1,1,basket_1_main,0,0,1
er,48,8,4.430537100291566e-07,0.0011373207156900598,0.03970617510604964,0.2750991284431949,4.430537100291566e-07,0.0011373207156900598,9.492498923046594e-13,0.0,1.433871797907873e-09,1.3578299156544064e-09,9.492498923046594e-13,0.0,3.082029215627899e-06,1,1,basket_1_main,0,0,1
er,48,9,4.4305372275727937e-07,0.0011373245611921946,0.03970617508293256,0.2750991297203539,4.4305372275727937e-07,0.0011373245611921946,3.915782916653509e-12,5.960464477539062e-07,6.237844779654581e-11,5.879708277435355e-11,3.915782916653509e-12,5.960464477539062e-07,3.0820298226976327e-06,1,1,basket_1_main,0,0,1
er,48,10,4.4305373619476627e-07,0.001137319433853125,0.03970617508193653,0.2750991297680487,4.4305373619476627e-07,0.001137319433853125,4.106732462381937e-12,4.2146848510894033e-07,5.093204218109698e-12,2.529602678497878e-12,4.106732462381937e-12,4.2146848510894033e-07,3.0820298536200388e-06,1,1,basket_1_main,0,0,1
er,49,0,0.0,0.0,0.0,0.0,0.0,0.0,0.0,0.0,0.0,0.0,0.0,0.0,0.0,1,1,basket_1_main,0,0,1
er,49,1,1.333619999818317e-07,4.0569972557770575e-05,0.01176464311139181,7.692495814803414e-05,1.333619999818317e-07,4.0569972557770575e-05,2.6672399996366338e-06,1.4161591971536838e-05,0.4898777672565278,4.861824654826724e-05,2.6672399996366338e-06,1.4161591971536838e-05,1.7653838261838866e-07,1,1,basket_1_main,0,0,1
er,49,2,7.870309641668511e-07,0.0011822117081352029,0.04246640003957692,0.0680491434585451,7.870309641668511e-07,0.0011822117081352029,1.640443187281953e-05,0.0004156132338544671,0.03688810033847895,0.1753058687907394,1.640443187281953e-05,0.0004156132338544671,8.789140761008867e-06,1,1,basket_1_main,0,0,1
er,49,3,4.5495727667783013e-07,0.0011377327513948116,0.0398694165423732,0.2661841134972479,4.5495727667783013e-07,0.0011377327513948116,1.2328306006312491e-05,0.0001247546715924486,0.009811939922982873,0.009436621023736777,1.2328306006312491e-05,0.0001247546715924486,2.7027084550523507e-06,1,1,basket_1_main,0,0,1
er,49,4,4.4329376448291375e-07,0.0011373226384427525,0.03971312939996116,0.2747234508395601,4.4329376448291375e-07,0.0011373226384427525,1.429242794365186e-06,1.0893146325646218e-05,0.00041273603705944116,0.00038721614013255743,1.429242794365186e-06,1.0893146325646218e-05,3.0267144740900772e-06,1,1,basket_1_main,0,0,1
er,49,5,4.4306352242412874e-07,0.0011373219975255495,0.039706475223299086,0.2750828779109086,4.4306352242412874e-07,0.0011373219975255495,5.72622021928254e-08,5.960464477539062e-07,1.780601232911264e-05,1.6739498348154508e-05,5.72622021928254e-08,5.960464477539062e-07,3.07824572210109e-06,1,1,basket_1_main,0,0,1
er,49,6,4.4305409726906523e-07,0.0011373219975255495,0.039706188041518924,0.2750984262459485,4.4305409726906523e-07,0.0011373219975255495,2.4541639401607323e-09,0.0,7.688383540468156e-07,7.246239965911764e-07,2.4541639401607323e-09,0.0,3.0818068883946647e-06,1,1,basket_1_main,0,0,1
er,49,7,4.430537043074251e-07,0.0011373252021079534,0.039706175641472365,0.27509909932025756,4.430537043074251e-07,0.0011373252021079534,1.0233848851924439e-10,7.300048299977713e-07,3.3198851718668175e-08,3.136797756969829e-08,1.0233848851924439e-10,7.300048299977713e-07,3.0820176418807845e-06,1,1,basket_1_main,0,0,1
er,49,8,4.4305370030204355e-07,0.0011373232793595945,0.03970617510604944,0.2750991284590931,4.4305370030204355e-07,0.0011373232793595945,9.4929561240535e-13,9.424321830774486e-07,1.433870527951225e-09,1.3578079821945695e-09,9.4929561240535e-13,9.424321830774486e-07,3.0820292134531413e-06,1,1,basket_1_main,0,0,1
er,49,9,4.4305371310924095e-07,0.0011373290475949192,0.03970617508293239,0.27509912974155154,4.4305371310924095e-07,0.0011373290475949192,3.916874751299849e-12,1.3978528260658475e-06,6.237866897133019e-11,5.878627756393082e-11,3.916874751299849e-12,1.3978528260658475e-06,3.0820298205228756e-06,1,1,basket_1_main,0,0,1
er,49,10,4.430537265493588e-07,0.0011373245611921946,0.03970617508193632,0.2750991297892463,4.430537265493588e-07,0.0011373245611921946,4.1056924603771915e-12,1.4600096599955428e-06,5.088874348442883e-12,2.526290490334303e-12,4.1056924603771915e-12,1.4600096599955428e-06,3.0820298514473506e-06,1,1,basket_1_main,0,0,1
ec,0,0,0.0,0.0,0.0,0.0,0.0,0.0,3.945962175222324e-15,5.0065022965453435e-14,3.945962175222324e-15,5.0065022965453435e-14,0.0,0.0,0.0,0,1,floor,0,0,1
ec,0,1,8.326672684688674e-17,0.0,8.326672684688674e-17,0.0,0.01176443759005305,1.0663629423853027e-05,3.945445207614878e-15,5.0121464093542735e-14,3.945445207614878e-15,5.0121464093542735e-14,0.235288751801061,3.7223088731756253e-06,0.0,0,1,floor,0,0,1
ec,0,2,1.700029006457271e-16,0.0,1.700029006457271e-16,0.0,0.042172319067317145,0.06628564883228609,3.944859223127945e-15,5.004835728184621e-14,3.944859223127945e-15,5.004835728184621e-14,0.6081583280053336,0.023134300732143766,0.0,0,1,floor,0,0,1
ec,0,3,2.5673907444456745e-16,0.0,2.5673907444456745e-16,0.0,0.038727490837043986,0.2656547652472509,4.03662978582958e-15,4.617537081055136e-14,4.03662978582958e-15,4.617537081055136e-14,0.06909537555284877,0.06959295263690014,0.0,0,1,floor,0,0,1
ec,0,4,3.434752482434078e-16,0.0,3.434752482434078e-16,0.0,0.03853408409272166,0.2741765374589515,3.948388246043493e-15,4.9872866185698155e-14,3.948388246043493e-15,4.9872866185698155e-14,0.0038750184797866905,0.002974660077739308,0.0,0,1,floor,0,0,1
ec,0,5,4.3021142204224816e-16,0.0,4.3021142204224816e-16,0.0,0.038525847724389835,0.2745279440596653,3.9452119812802894e-15,5.0098260455566106e-14,3.9452119812802894e-15,5.0098260455566106e-14,0.00016500407493658906,0.00012266036358206077,0.0,0,1,floor,0,0,1
ec,0,6,5.169475958410885e-16,0.0,5.169475958410885e-16,0.0,0.03852549141024082,0.2745428881128436,3.9462946670070724e-15,5.0057711987762336e-14,3.9462946670070724e-15,5.0057711987762336e-14,7.137880077705479e-06,5.0926230819925985e-06,0.0,0,1,floor,0,0,1
ec,0,7,6.036837696399289e-16,0.0,6.036837696399289e-16,0.0,0.03852547598748512,0.27454352415148897,3.946152262652672e-15,5.0023758103370285e-14,3.946152262652672e-15,5.0023758103370285e-14,3.0894166100033643e-07,0.0,0.0,0,1,floor,0,0,1
ec,0,8,6.904199434387692e-16,0.0,6.904199434387692e-16,0.0,0.038525475319889146,0.2745435512199246,3.9448101650298744e-15,5.008119101659147e-14,3.9448101650298744e-15,5.008119101659147e-14,1.3372328403603622e-08,0.0,0.0,0,1,floor,0,0,1
ec,0,9,7.771561172376096e-16,0.0,7.771561172376096e-16,0.0,0.03852547529099032,0.2745435523775349,3.946837882675684e-15,4.9873286160767304e-14,3.946837882675684e-15,4.9873286160767304e-14,5.78832573168932e-10,0.0,0.0,0,1,floor,0,0,1
ec,0,10,8.638922910364499e-16,0.0,8.638922910364499e-16,0.0,0.038525475289739396,0.27454355241470585,3.9447881886189454e-15,5.012835124807663e-14,3.9447881886189454e-15,5.012835124807663e-14,2.5054604395095836e-11,0.0,0.0,0,1,floor,0,0,1
ec,1,0,0.0,1.7075472925031877e-06,0.0,1.7075472925031877e-06,0.0,1.7075472925031877e-06,3.802569306722888e-15,4.555480697679235e-14,3.802569306722888e-15,4.555480697679235e-14,0.0,0.0,0.0,0,1,floor,0,0,1
ec,1,1,1.6653345369377348e-16,1.7075472925031877e-06,1.6653345369377348e-16,1.7075472925031877e-06,0.011764436746184187,1.0799477313527681e-05,3.803425302406236e-15,4.561252006269835e-14,3.803425302406236e-15,4.561252006269835e-14,0.23528873492368374,3.7697287323097995e-06,0.0,0,1,floor,0,0,1
ec,1,2,3.400058012914542e-16,1.7075472925031877e-06,3.400058012914542e-16,1.7075472925031877e-06,0.04216797051111798,0.06628564886527646,3.7001114513685015e-15,5.109170632232176e-14,3.7001114513685015e-15,5.109170632232176e-14,0.6080713738910903,0.023134300743661452,0.0,0,1,floor,0,0,1
ec,1,3,5.134781488891349e-16,1.7075472925031877e-06,5.134781488891349e-16,1.7075472925031877e-06,0.038710079795941876,0.2656547652527387,3.804619875144333e-15,4.55796085514947e-14,3.804619875144333e-15,4.55796085514947e-14,0.06935592897032533,0.06959295264072887,0.0,0,1,floor,0,0,1
ec,1,4,6.869504964868156e-16,1.7075472925031877e-06,6.869504964868156e-16,1.7075472925031877e-06,0.038516114000841664,0.27417653746692733,3.8025718185757056e-15,4.5593283183877905e-14,3.8025718185757056e-15,4.5593283183877905e-14,0.003886183018573919,0.002974660167313752,0.0,0,1,floor,0,0,1
ec,1,5,8.604228440844963e-16,1.7075472925031877e-06,8.604228440844963e-16,1.7075472925031877e-06,0.0385078545309752,0.274527944067631,3.8060119482928736e-15,4.558962615192055e-14,3.8060119482928736e-15,4.558962615192055e-14,0.0001654654705737369,0.00012266253584992918,0.0,0,1,floor,0,0,1
ec,1,6,1.033895191682177e-15,1.7075472925031877e-06,1.033895191682177e-15,1.7075472925031877e-06,0.03850749723268898,0.27454288812080885,3.939783947977679e-15,3.851964194846229e-14,3.939783947977679e-15,3.851964194846229e-14,7.157536725009911e-06,5.161913655903585e-06,0.0,0,1,floor,0,0,1
ec,1,7,1.2073675392798577e-15,1.7075472925031877e-06,1.2073675392798577e-15,1.7075472925031877e-06,0.03850748176797313,0.2745435241594542,3.804652449445713e-15,4.5586246341378703e-14,3.804652449445713e-15,4.5586246341378703e-14,3.0977979003639636e-07,0.0,0.0,0,1,floor,0,0,1
ec,1,8,1.3808398868775384e-15,1.7075472925031877e-06,1.3808398868775384e-15,1.7075472925031877e-06,0.038507481098588224,0.27454355122788976,3.7996622996377546e-15,4.5783739835640916e-14,3.7996622996377546e-15,4.5783739835640916e-14,1.3408063018480621e-08,0.0,0.0,0,1,floor,0,0,1
ec,1,9,1.5543122344752192e-15,1.7075472925031877e-06,1.5543122344752192e-15,1.7075472925031877e-06,0.038507481069613145,0.2745435523881552,3.806333944837632e-15,4.5621803671112765e-14,3.806333944837632e-15,4.5621803671112765e-14,5.803559144047746e-10,0.0,0.0,0,1,floor,0,0,1
ec,1,10,1.7277845820728999e-15,1.7075472925031877e-06,1.7277845820728999e-15,1.7075472925031877e-06,0.038507481068358974,0.2745435524226711,3.804865611947896e-15,4.5525654281230316e-14,3.804865611947896e-15,4.5525654281230316e-14,2.5119536992014738e-11,0.0,0.0,0,1,floor,0,0,1
ec,2,0,0.0,0.0,0.0,0.0,0.0,0.0,3.0061919564554887e-15,3.9047912384409406e-14,3.0061919564554887e-15,3.9047912384409406e-14,0.0,0.0,0.0,0,1,floor,0,0,1
ec,2,1,8.326672684688674e-17,0.0,8.326672684688674e-17,0.0,0.011764438376896776,1.0663629423853027e-05,3.0502223294904275e-15,3.611045843274731e-14,3.0502223294904275e-15,3.611045843274731e-14,0.2352887675379355,3.7223088731756253e-06,0.0,0,1,floor,0,0,1
ec,2,2,1.700029006457271e-16,0.0,1.700029006457271e-16,0.0,0.04217652157276138,0.06628564883228609,3.048462275747234e-15,3.616659926465733e-14,3.048462275747234e-15,3.616659926465733e-14,0.6082423622494604,0.023134300732143766,0.0,0,1,floor,0,0,1
ec,2,3,2.5673907444456745e-16,0.0,2.5673907444456745e-16,0.0,0.03874432052837408,0.2656547652472509,3.0509014645708215e-15,3.6107337555239625e-14,3.0509014645708215e-15,3.6107337555239625e-14,0.06884350998596031,0.06959295263690014,0.0,0,1,floor,0,0,1
ec,2,4,3.434752482434078e-16,0.0,3.434752482434078e-16,0.0,0.038551454051935025,0.2741765374589515,3.0501037176366206e-15,3.606456108766012e-14,3.0501037176366206e-15,3.606456108766012e-14,0.0038642291407590622,0.002974660077739308,0.0,0,1,floor,0,0,1
ec,2,5,4.3021142204224816e-16,0.0,4.3021142204224816e-16,0.0,0.038543239998921924,0.2745279440596653,3.050802145151742e-15,3.613232789039544e-14,3.050802145151742e-15,3.613232789039544e-14,0.00016455838558265595,0.00012266036358206077,0.0,0,1,floor,0,0,1
ec,2,6,5.169475958410885e-16,0.0,5.169475958410885e-16,0.0,0.03854288463506187,0.2745428881128436,3.050901525942665e-15,3.6116593757402075e-14,3.050901525942665e-15,3.6116593757402075e-14,7.118899642675467e-06,5.0926230819925985e-06,0.0,0,1,floor,0,0,1
ec,2,7,6.036837696399289e-16,0.0,6.036837696399289e-16,0.0,0.03854286925280789,0.27454352415148897,3.0512692141752236e-15,3.6117145834074075e-14,3.0512692141752236e-15,3.6117145834074075e-14,3.0813266920967516e-07,0.0,0.0,0,1,floor,0,0,1
ec,2,8,6.904199434387692e-16,0.0,6.904199434387692e-16,0.0,0.038542868586938006,0.2745435512199246,3.0491890328574304e-15,3.6147388478514385e-14,3.0491890328574304e-15,3.6147388478514385e-14,1.3337849574176885e-08,0.0,0.0,0,1,floor,0,0,1
ec,2,9,7.771561172376096e-16,0.0,7.771561172376096e-16,0.0,0.038542868558112744,0.2745435523775349,3.0487988544289724e-15,3.6137397230053417e-14,3.0487988544289724e-15,3.6137397230053417e-14,5.773630819051734e-10,0.0,0.0,0,1,floor,0,0,1
ec,2,10,8.638922910364499e-16,0.0,8.638922910364499e-16,0.0,0.03854286855686495,0.27454355241470585,3.0515739041752196e-15,3.5976558652956986e-14,3.0515739041752196e-15,3.5976558652956986e-14,2.4991964755935516e-11,0.0,0.0,0,1,floor,0,0,1
ec,3,0,0.0,0.0,0.0,0.0,0.0,0.0,4.5525392766785656e-15,5.731501899743389e-14,4.5525392766785656e-15,5.731501899743389e-14,0.0,0.0,0.0,0,1,floor,0,0,1
ec,3,1,1.6653345369377348e-16,0.0,1.6653345369377348e-16,0.0,0.011764438706709675,1.002956941182704e-05,4.553880262229452e-15,5.728308110257069e-14,4.553880262229452e-15,5.728308110257069e-14,0.2352887741341935,3.5009801758738587e-06,0.0,0,1,floor,0,0,1
ec,3,2,3.400058012914542e-16,0.0,3.400058012914542e-16,0.0,0.0421782054611124,0.06628564873331495,4.611008126340973e-15,5.373894098289361e-14,4.611008126340973e-15,5.373894098289361e-14,0.6082760333689985,0.02313430069759071,0.0,0,1,floor,0,0,1
ec,3,3,5.134781488891349e-16,0.0,5.134781488891349e-16,0.0,0.03875106223124506,0.2656547652198118,4.5538289418703816e-15,5.735472193997392e-14,4.5538289418703816e-15,5.735472193997392e-14,0.06874262673890609,0.06959295262541387,0.0,0,1,floor,0,0,1
ec,3,4,6.869504964868156e-16,0.0,6.869504964868156e-16,0.0,0.03855841223637788,0.2741765374350239,4.551140127428751e-15,5.729926181534704e-14,4.551140127428751e-15,5.729926181534704e-14,0.003859905954487387,0.002974659809015959,0.0,0,1,floor,0,0,1
ec,3,5,8.604228440844963e-16,0.0,8.604228440844963e-16,0.0,0.038550207130052534,0.2745279440357683,4.551674466418509e-15,5.733356140870937e-14,4.551674466418509e-15,5.733356140870937e-14,0.00016437970021261291,0.00012265384654762306,0.0,0,1,floor,0,0,1
ec,3,6,1.033895191682177e-15,0.0,1.033895191682177e-15,0.0,0.03854985214736361,0.274542888088948,4.5525876792129074e-15,5.729595169825953e-14,4.5525876792129074e-15,5.729595169825953e-14,7.111286426955436e-06,4.951133646320162e-06,0.0,0,1,floor,0,0,1
ec,3,7,1.2073675392798577e-15,0.0,1.2073675392798577e-15,0.0,0.03854983678136304,0.27454352412759336,4.553147834569975e-15,5.742709981887109e-14,4.553147834569975e-15,5.742709981887109e-14,3.0780802113458106e-07,0.0,0.0,0,1,floor,0,0,1
ec,3,8,1.3808398868775384e-15,0.0,1.3808398868775384e-15,0.0,0.03854983611618619,0.27454355119602897,4.5529275990640134e-15,5.734916184395761e-14,4.5529275990640134e-15,5.734916184395761e-14,1.3324006349421412e-08,0.0,0.0,0,1,floor,0,0,1
ec,3,9,1.5543122344752192e-15,0.0,1.5543122344752192e-15,0.0,0.03854983608739047,0.27454355235629435,4.55156848927122e-15,5.735122751874967e-14,4.55156848927122e-15,5.735122751874967e-14,5.767730099373457e-10,0.0,0.0,0,1,floor,0,0,1
ec,3,10,1.7277845820728999e-15,0.0,1.7277845820728999e-15,0.0,0.03854983608614393,0.27454355239081024,4.5518897607571344e-15,5.738124912677626e-14,4.5518897607571344e-15,5.738124912677626e-14,2.4967085017937298e-11,0.0,0.0,0,1,floor,0,0,1
ec,4,0,0.0,0.0,0.0,0.0,0.0,0.0,3.8689915740930824e-15,4.664202779363125e-14,3.8689915740930824e-15,4.664202779363125e-14,0.0,0.0,0.0,0,1,floor,0,0,1
ec,4,1,8.326672684688674e-17,0.0,8.326672684688674e-17,0.0,0.011764434284026513,1.059505231752994e-05,3.868346016440161e-15,4.6621937979031534e-14,3.868346016440161e-15,4.6621937979031534e-14,0.23528868568053024,3.6983709472390634e-06,0.0,0,1,floor,0,0,1
ec,4,2,1.700029006457271e-16,0.0,1.700029006457271e-16,0.0,0.04215116366884533,0.0662856488212893,3.867530939855121e-15,4.664344573802441e-14,3.867530939855121e-15,4.664344573802441e-14,0.6077352868010607,0.023134300728304538,0.0,0,1,floor,0,0,1
ec,4,3,2.5673907444456745e-16,0.0,2.5673907444456745e-16,0.0,0.03864269219044996,0.26565476524176307,3.8712757962720335e-15,4.658495764203968e-14,3.8712757962720335e-15,4.658495764203968e-14,0.07036489729197136,0.06959295263562387,0.0,0,1,floor,0,0,1
ec,4,4,3.434752482434078e-16,0.0,3.434752482434078e-16,0.0,0.03844656589164433,0.2741765374562929,3.8686415270883485e-15,4.663956072394042e-14,3.8686415270883485e-15,4.663956072394042e-14,0.003929330350476916,0.002974660047881159,0.0,0,1,floor,0,0,1
ec,4,5,4.3021142204224816e-16,0.0,4.3021142204224816e-16,0.0,0.03843821742394864,0.2745279440570101,3.8661364810901616e-15,4.6677785855436156e-14,3.8661364810901616e-15,4.6677785855436156e-14,0.00016724301597663616,0.00012265963948422236,0.0,0,1,floor,0,0,1
ec,4,6,5.169475958410885e-16,0.0,5.169475958410885e-16,0.0,0.03843785634420412,0.27454288811018857,3.86614992189587e-15,4.663191306172913e-14,3.86614992189587e-15,4.663191306172913e-14,7.2330670567763076e-06,5.0926230819925985e-06,0.0,0,1,floor,0,0,1
ec,4,7,6.036837696399289e-16,0.0,6.036837696399289e-16,0.0,0.03843784071868493,0.27454352414883393,3.869780600010083e-15,4.665681629179508e-14,3.869780600010083e-15,4.665681629179508e-14,3.1299179957648127e-07,0.0,0.0,0,1,floor,0,0,1
ec,4,8,6.904199434387692e-16,0.0,6.904199434387692e-16,0.0,0.038437840042462784,0.27454355121726953,3.868753239717592e-15,4.686091675614574e-14,3.868753239717592e-15,4.686091675614574e-14,1.354464132535382e-08,0.0,0.0,0,1,floor,0,0,1
ec,4,9,7.771561172376096e-16,0.0,7.771561172376096e-16,0.0,0.038437840013197035,0.2745435523775349,3.8704718962369564e-15,4.655668164483298e-14,3.8704718962369564e-15,4.655668164483298e-14,5.861623479496125e-10,0.0,0.0,0,1,floor,0,0,1
ec,4,10,8.638922910364499e-16,0.0,8.638922910364499e-16,0.0,0.0384378400119305,0.2745435524120508,3.868783494363458e-15,4.6623018279751787e-14,3.868783494363458e-15,4.6623018279751787e-14,2.5366470792290677e-11,0.0,0.0,0,1,floor,0,0,1
ec,5,0,0.0,0.0,0.0,0.0,0.0,0.0,3.5033861735492712e-15,4.656454494731481e-14,3.5033861735492712e-15,4.656454494731481e-14,0.0,0.0,0.0,0,1,floor,0,0,1
ec,5,1,8.326672684688674e-17,0.0,8.326672684688674e-17,0.0,0.011764434452615859,9.734517300533532e-06,3.5040298572038485e-15,4.6603576560188656e-14,3.5040298572038485e-15,4.6603576560188656e-14,0.23528868905231717,3.3979875597332097e-06,0.0,0,1,floor,0,0,1
ec,5,2,1.700029006457271e-16,0.0,1.700029006457271e-16,0.0,0.04215241417778493,0.06628564868932778,3.5046754535724817e-15,4.6496597136899304e-14,3.5046754535724817e-15,4.6496597136899304e-14,0.607760293569922,0.0231343006822338,0.0,0,1,floor,0,0,1
ec,5,3,2.5673907444456745e-16,0.0,2.5673907444456745e-16,0.0,0.03864770788890545,0.2656547652088362,3.5027359760173802e-15,4.6667962017942066e-14,3.5027359760173802e-15,4.6667962017942066e-14,0.07028978788778434,0.06959295262158513,0.0,0,1,floor,0,0,1
ec,5,4,3.434752482434078e-16,0.0,3.434752482434078e-16,0.0,0.03845174233843864,0.2741765374243894,3.502491794546353e-15,4.662675963928404e-14,3.502491794546353e-15,4.662675963928404e-14,0.003926120001620406,0.0029746596895833524,0.0,0,1,floor,0,0,1
ec,5,5,4.3021142204224816e-16,0.0,4.3021142204224816e-16,0.0,0.03844340048734335,0.27452794402514746,3.5023680007950528e-15,4.6642313235231037e-14,3.5023680007950528e-15,4.6642313235231037e-14,0.00016711086134016414,0.00012265094997672096,0.0,0,1,floor,0,0,1
ec,5,6,5.169475958410885e-16,0.0,5.169475958410885e-16,0.0,0.038443039688552366,0.27454288807832766,3.5006208823400055e-15,4.6741475752616745e-14,3.5006208823400055e-15,4.6741475752616745e-14,7.2274552527625615e-06,4.878850443287175e-06,0.0,0,1,floor,0,0,1
ec,5,7,6.036837696399289e-16,0.0,6.036837696399289e-16,0.0,0.03844302407497268,0.2745435241169731,3.501900844720301e-15,4.6674270953821805e-14,3.501900844720301e-15,4.6674270953821805e-14,3.1275330761861836e-07,0.0,0.0,0,1,floor,0,0,1
ec,5,8,6.904199434387692e-16,0.0,6.904199434387692e-16,0.0,0.03844302339925784,0.27454355118540863,3.5026931929906624e-15,4.6690834008576984e-14,3.5026931929906624e-15,4.6690834008576984e-14,1.3534507268019277e-08,0.0,0.0,0,1,floor,0,0,1
ec,5,9,7.771561172376096e-16,0.0,7.771561172376096e-16,0.0,0.038443023370013645,0.27454355234567407,3.501837041648989e-15,4.654770271694322e-14,3.501837041648989e-15,4.654770271694322e-14,5.857318631651431e-10,0.0,0.0,0,1,floor,0,0,1
ec,5,10,8.638922910364499e-16,0.0,8.638922910364499e-16,0.0,0.03844302336874804,0.27454355238018996,3.49914006969558e-15,4.681626962355011e-14,3.49914006969558e-15,4.681626962355011e-14,2.5347892749144623e-11,0.0,0.0,0,1,floor,0,0,1
ec,6,0,0.0,0.0,0.0,0.0,0.0,0.0,3.863751554104286e-15,4.658391314259894e-14,3.863751554104286e-15,4.658391314259894e-14,0.0,0.0,0.0,0,1,floor,0,0,1
ec,6,1,8.326672684688674e-17,0.0,8.326672684688674e-17,0.0,0.011764434535154735,9.734517300533532e-06,3.8645587135849224e-15,4.6572902214039476e-14,3.8645587135849224e-15,4.6572902214039476e-14,0.2352886907030947,3.3979875597332097e-06,0.0,0,1,floor,0,0,1
ec,6,2,1.700029006457271e-16,0.0,1.700029006457271e-16,0.0,0.04215412515318535,0.06628564868932778,3.863340372560707e-15,4.6601503239311614e-14,3.863340372560707e-15,4.6601503239311614e-14,0.60779451137492,0.0231343006822338,0.0,0,1,floor,0,0,1
ec,6,3,2.5673907444456745e-16,0.0,2.5673907444456745e-16,0.0,0.03865458813467837,0.2656547652088362,3.863557328882452e-15,4.656755170635331e-14,3.863557328882452e-15,4.656755170635331e-14,0.07018667004880459,0.06959295262158513,0.0,0,1,floor,0,0,1
ec,6,4,3.434752482434078e-16,0.0,3.434752482434078e-16,0.0,0.03845884248954286,0.2741765374243894,3.863568845828813e-15,4.6573993976251694e-14,3.863568845828813e-15,4.6573993976251694e-14,0.0039217282246300595,0.0029746596895833524,0.0,0,1,floor,0,0,1
ec,6,5,4.3021142204224816e-16,0.0,4.3021142204224816e-16,0.0,0.03845050963809225,0.27452794402514746,3.863506480036787e-15,4.654904529251645e-14,3.863506480036787e-15,4.654904529251645e-14,0.00016693111008624304,0.00012265094997672096,0.0,0,1,floor,0,0,1
ec,6,6,5.169475958410885e-16,0.0,5.169475958410885e-16,0.0,0.038450149219602346,0.27454288807832766,3.862636461654195e-15,4.658962524657089e-14,3.862636461654195e-15,4.658962524657089e-14,7.21985908016501e-06,4.878850443287175e-06,0.0,0,1,floor,0,0,1
ec,6,7,6.036837696399289e-16,0.0,6.036837696399289e-16,0.0,0.038450133622104796,0.2745435241169731,3.866247419198608e-15,4.65321195901441e-14,3.866247419198608e-15,4.65321195901441e-14,3.1243206701170253e-07,0.0,0.0,0,1,floor,0,0,1
ec,6,8,6.904199434387692e-16,0.0,6.904199434387692e-16,0.0,0.03845013294706986,0.27454355118540863,3.85965841054737e-15,4.663603748614209e-14,3.85965841054737e-15,4.663603748614209e-14,1.3520925653851931e-08,0.0,0.0,0,1,floor,0,0,1
ec,6,9,7.771561172376096e-16,0.0,7.771561172376096e-16,0.0,0.03845013291785439,0.27454355234567407,3.864590528341784e-15,4.656621556178312e-14,3.864590528341784e-15,4.656621556178312e-14,5.851580028903778e-10,0.0,0.0,0,1,floor,0,0,1
ec,6,10,8.638922910364499e-16,0.0,8.638922910364499e-16,0.0,0.03845013291658999,0.27454355238018996,3.8648007256121015e-15,4.652567072612145e-14,3.8648007256121015e-15,4.652567072612145e-14,2.532376924994055e-11,0.0,0.0,0,1,floor,0,0,1
ec,7,0,0.0,0.0,0.0,0.0,0.0,0.0,4.55371939977443e-15,5.727331037465996e-14,4.55371939977443e-15,5.727331037465996e-14,0.0,0.0,0.0,0,1,floor,0,0,1
ec,7,1,1.6653345369377348e-16,0.0,1.6653345369377348e-16,0.0,0.01176443856253738,1.024528375501914e-05,4.553787379124274e-15,5.719800236071367e-14,4.553787379124274e-15,5.719800236071367e-14,0.2352887712507476,3.576278686523442e-06,0.0,0,1,floor,0,0,1
ec,7,2,3.400058012914542e-16,0.0,3.400058012914542e-16,0.0,0.04217666238457501,0.06628564876630533,4.5534700751902845e-15,5.729972304680477e-14,4.5534700751902845e-15,5.729972304680477e-14,0.6082451747686899,0.0231343007091084,0.0,0,1,floor,0,0,1
ec,7,3,5.134781488891349e-16,0.0,5.134781488891349e-16,0.0,0.03874486545592836,0.2656547652307874,4.552030249522182e-15,5.714024706688514e-14,4.552030249522182e-15,5.714024706688514e-14,0.06883544944950672,0.06959295262924262,0.0,0,1,floor,0,0,1
ec,7,4,6.869504964868156e-16,0.0,6.869504964868156e-16,0.0,0.038552017118917294,0.2741765374429998,4.558529200910264e-15,5.6323633118144084e-14,4.558529200910264e-15,5.6323633118144084e-14,0.003863866892398604,0.0029746598985904114,0.0,0,1,floor,0,0,1
ec,7,5,8.604228440844963e-16,0.0,8.604228440844963e-16,0.0,0.038543803870971664,0.274527944043734,4.553064521400012e-15,5.729478147876306e-14,4.553064521400012e-15,5.729478147876306e-14,0.00016454230666100033,0.00012265601893090978,0.0,0,1,floor,0,0,1
ec,7,6,1.033895191682177e-15,0.0,1.033895191682177e-15,0.0,0.038543448543367644,0.2745428880969132,4.551114875700508e-15,5.745212597466375e-14,4.551114875700508e-15,5.745212597466375e-14,7.118175498530612e-06,4.986882367933259e-06,0.0,0,1,floor,0,0,1
ec,7,7,1.2073675392798577e-15,0.0,1.2073675392798577e-15,0.0,0.03854343316274363,0.27454352413555855,4.550384058008417e-15,5.731667702772941e-14,4.550384058008417e-15,5.731667702772941e-14,3.081001124243701e-07,0.0,0.0,0,1,floor,0,0,1
ec,7,8,1.3808398868775384e-15,0.0,1.3808398868775384e-15,0.0,0.03854343249694688,0.27454355120399415,4.552329194009703e-15,5.726361290487248e-14,4.552329194009703e-15,5.726361290487248e-14,1.333638887641987e-08,0.0,0.0,0,1,floor,0,0,1
ec,7,9,1.5543122344752192e-15,0.0,1.5543122344752192e-15,0.0,0.03854343246812491,0.27454355236160444,4.5519876760861144e-15,5.730150079237948e-14,4.5519876760861144e-15,5.730150079237948e-14,5.772974455964855e-10,0.0,0.0,0,1,floor,0,0,1
ec,7,10,1.7277845820728999e-15,0.0,1.7277845820728999e-15,0.0,0.038543432466877255,0.2745435523987755,4.553152554376008e-15,5.733064764440016e-14,4.553152554376008e-15,5.733064764440016e-14,2.4989267330578896e-11,0.0,0.0,0,1,floor,0,0,1
ec,8,0,0.0,3.1945284701301985e-06,0.0,3.1945284701301985e-06,0.0,3.1945284701301985e-06,3.867421563094943e-15,4.66527154285633e-14,3.867421563094943e-15,4.66527154285633e-14,0.0,0.0,0.0,0,1,floor,0,0,1
ec,8,1,8.673617379884035e-17,3.1945284701301985e-06,8.673617379884035e-17,3.1945284701301985e-06,0.01176443515464709,1.113184641628407e-05,3.998131344912503e-15,3.991170825575122e-14,3.998131344912503e-15,3.991170825575122e-14,0.2352887030929418,3.885747435809767e-06,0.0,0,1,floor,0,0,1
ec,8,2,1.734723475976807e-16,3.1945284701301985e-06,1.734723475976807e-16,3.1945284701301985e-06,0.04215676922377289,0.06628564892026044,3.866770971608692e-15,4.6664073659675395e-14,3.866770971608692e-15,4.6664073659675395e-14,0.6078473803162845,0.023134300762857597,0.0,0,1,floor,0,0,1
ec,8,3,2.6020852139652106e-16,3.1945284701301985e-06,2.6020852139652106e-16,3.1945284701301985e-06,0.038665161964097326,0.2656547652692021,3.867350443310503e-15,4.664528307927278e-14,3.867350443310503e-15,4.664528307927278e-14,0.07002848685420518,0.06959295264711013,0.0,0,1,floor,0,0,1
ec,8,4,3.469446951953614e-16,3.1945284701301985e-06,3.469446951953614e-16,3.1945284701301985e-06,0.038469756265449226,0.2741765374802205,3.8650205361814815e-15,4.676853904371917e-14,3.8650205361814815e-15,4.676853904371917e-14,0.003914939111581757,0.002974660316604487,0.0,0,1,floor,0,0,1
ec,8,5,4.3368086899420177e-16,3.1945284701301985e-06,4.3368086899420177e-16,3.1945284701301985e-06,0.03846143749882815,0.274527944080907,3.867325625574154e-15,4.664347860931564e-14,3.867325625574154e-15,4.664347860931564e-14,0.00016664979310450733,0.00012266615621089161,0.0,0,1,floor,0,0,1
ec,8,6,5.204170427930421e-16,3.1945284701301985e-06,5.204170427930421e-16,3.1945284701301985e-06,0.038461077681676205,0.27454288813408423,3.866721882186459e-15,4.673770541500405e-14,3.866721882186459e-15,4.673770541500405e-14,7.20784796121014e-06,5.230286352272121e-06,0.0,0,1,floor,0,0,1
ec,8,7,6.071532165918825e-16,3.1945284701301985e-06,6.071532165918825e-16,3.1945284701301985e-06,0.03846106210987412,0.27454352417272954,3.866819345665203e-15,4.6624484109863896e-14,3.866819345665203e-15,4.6624484109863896e-14,3.119188030108704e-07,0.0,0.0,0,1,floor,0,0,1
ec,8,8,6.938893903907228e-16,3.1945284701301985e-06,6.938893903907228e-16,3.1945284701301985e-06,0.038461061435937145,0.2745435512411652,3.866736666751405e-15,4.6695460014615626e-14,3.866736666751405e-15,4.6695460014615626e-14,1.3498993090457256e-08,0.0,0.0,0,1,floor,0,0,1
ec,8,9,7.806255641895632e-16,3.1945284701301985e-06,7.806255641895632e-16,3.1945284701301985e-06,0.03846106140676859,0.2745435523987755,3.867051130989766e-15,4.660795567359928e-14,3.867051130989766e-15,4.660795567359928e-14,5.842207873416005e-10,0.0,0.0,0,1,floor,0,0,1
ec,8,10,8.743006318923108e-16,3.1945284701301985e-06,8.743006318923108e-16,3.1945284701301985e-06,0.03846106140550619,0.27454355243594647,3.881340466261328e-15,4.593682866507238e-14,3.881340466261328e-15,4.593682866507238e-14,2.5283840486920426e-11,0.0,0.0,0,1,floor,0,0,1
ec,9,0,0.0,0.0,0.0,0.0,0.0,0.0,3.867875408993479e-15,4.6542270464483805e-14,3.867875408993479e-15,4.6542270464483805e-14,0.0,0.0,0.0,0,1,floor,0,0,1
ec,9,1,8.326672684688674e-17,0.0,8.326672684688674e-17,0.0,0.011764435083378164,1.059505231752994e-05,3.866225384928202e-15,4.661494418180977e-14,3.866225384928202e-15,4.661494418180977e-14,0.23528870166756327,3.6983709472390634e-06,0.0,0,1,floor,0,0,1
ec,9,2,1.700029006457271e-16,0.0,1.700029006457271e-16,0.0,0.04215556965839243,0.0662856488212893,3.86686195405208e-15,4.6581078128692664e-14,3.86686195405208e-15,4.6581078128692664e-14,0.6078233904706613,0.023134300728304538,0.0,0,1,floor,0,0,1
ec,9,3,2.5673907444456745e-16,0.0,2.5673907444456745e-16,0.0,0.038660339818409904,0.26565476524176307,3.86379654828257e-15,4.666626614356637e-14,3.86379654828257e-15,4.666626614356637e-14,0.07010075000915703,0.06959295263562387,0.0,0,1,floor,0,0,1
ec,9,4,3.434752482434078e-16,0.0,3.434752482434078e-16,0.0,0.03846477994095578,0.2741765374562929,3.8661949053537115e-15,4.666358287769391e-14,3.8661949053537115e-15,4.666358287769391e-14,0.003918018231964229,0.002974660047881159,0.0,0,1,floor,0,0,1
ec,9,5,4.3021142204224816e-16,0.0,4.3021142204224816e-16,0.0,0.03845645485985493,0.2745279440570101,3.8665614406969215e-15,4.667724200419174e-14,3.8665614406969215e-15,4.667724200419174e-14,0.00016677591247931254,0.00012265963948422236,0.0,0,1,floor,0,0,1
ec,9,6,5.169475958410885e-16,0.0,5.169475958410885e-16,0.0,0.03845609477570228,0.27454288811018857,3.864874123975272e-15,4.655339584669254e-14,3.864874123975272e-15,4.655339584669254e-14,7.21318103288403e-06,5.0926230819925985e-06,0.0,0,1,floor,0,0,1
ec,9,7,6.036837696399289e-16,0.0,6.036837696399289e-16,0.0,0.03845607919260207,0.27454352414883393,3.869035299988605e-15,4.6516269889140345e-14,3.869035299988605e-15,4.6516269889140345e-14,3.1214448208358483e-07,0.0,0.0,0,1,floor,0,0,1
ec,9,8,6.904199434387692e-16,0.0,6.904199434387692e-16,0.0,0.038456078518187116,0.27454355121726953,3.8674258979927345e-15,4.6660784316908206e-14,3.8674258979927345e-15,4.6660784316908206e-14,1.3508541096541912e-08,0.0,0.0,0,1,floor,0,0,1
ec,9,9,7.771561172376096e-16,0.0,7.771561172376096e-16,0.0,0.03845607848899836,0.2745435523775349,3.851887080687637e-15,4.6076043943200964e-14,3.851887080687637e-15,4.6076043943200964e-14,5.846243487639407e-10,0.0,0.0,0,1,floor,0,0,1
ec,9,10,8.638922910364499e-16,0.0,8.638922910364499e-16,0.0,0.038456078487735114,0.2745435524120508,3.866300551652444e-15,4.6631822276545237e-14,3.866300551652444e-15,4.6631822276545237e-14,2.5300778982596188e-11,0.0,0.0,0,1,floor,0,0,1
ec,10,0,0.0,0.0,0.0,0.0,0.0,0.0,3.052311987174234e-15,3.605799716966599e-14,3.052311987174234e-15,3.605799716966599e-14,0.0,0.0,0.0,0,1,floor,0,0,1
ec,10,1,8.326672684688674e-17,0.0,8.326672684688674e-17,0.0,0.011764433194299807,1.0663629423853027e-05,3.0516891042989624e-15,3.604714848753824e-14,3.0516891042989624e-15,3.604714848753824e-14,0.23528866388599612,3.7223088731756253e-06,0.0,0,1,floor,0,0,1
ec,10,2,1.700029006457271e-16,0.0,1.700029006457271e-16,0.0,0.04214601119006849,0.06628564883228609,3.0522589776105788e-15,3.6103956415160556e-14,3.0522589776105788e-15,3.6103956415160556e-14,0.6076322591771294,0.023134300732143766,0.0,0,1,floor,0,0,1
ec,10,3,2.5673907444456745e-16,0.0,2.5673907444456745e-16,0.0,0.03862207305826344,0.2656547652472509,3.0516050087061423e-15,3.608352059369869e-14,3.0516050087061423e-15,3.608352059369869e-14,0.07067343626964315,0.06959295263690014,0.0,0,1,floor,0,0,1
ec,10,4,3.434752482434078e-16,0.0,3.434752482434078e-16,0.0,0.03842528433578991,0.2741765374589515,3.0508142918871134e-15,3.6105712265676936e-14,3.0508142918871134e-15,3.6105712265676936e-14,0.003942559876135806,0.002974660077739308,0.0,0,1,floor,0,0,1
ec,10,5,4.3021142204224816e-16,0.0,4.3021142204224816e-16,0.0,0.038416908463408284,0.2745279440596653,3.0520971703733743e-15,3.617716036034672e-14,3.0520971703733743e-15,3.617716036034672e-14,0.00016779037797383188,0.00012266036358206077,0.0,0,1,floor,0,0,1
ec,10,6,5.169475958410885e-16,0.0,5.169475958410885e-16,0.0,0.03841654621509785,0.2745428881128436,3.050893200417753e-15,3.6094420933837996e-14,3.050893200417753e-15,3.6094420933837996e-14,7.256408262869695e-06,5.0926230819925985e-06,0.0,0,1,floor,0,0,1
ec,10,7,6.036837696399289e-16,0.0,6.036837696399289e-16,0.0,0.038416530539707394,0.27454352415148897,3.051221230059628e-15,3.6089945411601845e-14,3.051221230059628e-15,3.6089945411601845e-14,3.1398798398167387e-07,0.0,0.0,0,1,floor,0,0,1
ec,10,8,6.904199434387692e-16,0.0,6.904199434387692e-16,0.0,0.03841652986135695,0.2745435512199246,3.0492772092533067e-15,3.621926808570746e-14,3.0492772092533067e-15,3.621926808570746e-14,1.3587156099899631e-08,0.0,0.0,0,1,floor,0,0,1
ec,10,9,7.771561172376096e-16,0.0,7.771561172376096e-16,0.0,0.03841652983200039,0.2745435523775349,3.0485638631628144e-15,3.624932788049661e-14,3.0485638631628144e-15,3.624932788049661e-14,5.879764763273553e-10,0.0,0.0,0,1,floor,0,0,1
ec,10,10,8.638922910364499e-16,0.0,8.638922910364499e-16,0.0,0.03841652983072998,0.27454355241470585,3.050075350074769e-15,3.617886103256876e-14,3.050075350074769e-15,3.617886103256876e-14,2.5443809106816414e-11,0.0,0.0,0,1,floor,0,0,1
ec,11,0,0.0,0.0,0.0,0.0,0.0,0.0,3.865107777950799e-15,4.6560979814389996e-14,3.865107777950799e-15,4.6560979814389996e-14,0.0,0.0,0.0,0,1,floor,0,0,1
ec,11,1,8.326672684688674e-17,0.0,8.326672684688674e-17,0.0,0.01176443853383959,1.0731768324341125e-05,3.86380432399264e-15,4.6580750982022566e-14,3.86380432399264e-15,4.6580750982022566e-14,0.23528877067679177,3.746093836419747e-06,0.0,0,1,floor,0,0,1
ec,11,2,1.700029006457271e-16,0.0,1.700029006457271e-16,0.0,0.04217718638620493,0.06628564884328289,3.865192744087545e-15,4.663248881162224e-14,3.865192744087545e-15,4.663248881162224e-14,0.6082556553592594,0.023134300735982993,0.0,0,1,floor,0,0,1
ec,11,3,2.5673907444456745e-16,0.0,2.5673907444456745e-16,0.0,0.03874697902497,0.2656547652499948,3.865051754159481e-15,4.654695239841444e-14,3.865051754159481e-15,4.654695239841444e-14,0.06880374385270695,0.06959295263945262,0.0,0,1,floor,0,0,1
ec,11,4,3.434752482434078e-16,0.0,3.434752482434078e-16,0.0,0.038554198023483435,0.27417653746426873,3.864603929144221e-15,4.653422142739215e-14,3.864603929144221e-15,4.653422142739215e-14,0.003862522184803058,0.0029746601374556043,0.0,0,1,floor,0,0,1
ec,11,5,4.3021142204224816e-16,0.0,4.3021142204224816e-16,0.0,0.03854598751232429,0.27452794406232056,3.865304966884746e-15,4.6565106537334955e-14,3.865304966884746e-15,4.6565106537334955e-14,0.00016448764678354333,0.00012266181176491411,0.0,0,1,floor,0,0,1
ec,11,6,5.169475958410885e-16,0.0,5.169475958410885e-16,0.0,0.03854563229969478,0.2745428881154987,3.865787171231635e-15,4.65225086182634e-14,3.865787171231635e-15,4.65225086182634e-14,7.11587907970896e-06,5.127385417844444e-06,0.0,0,1,floor,0,0,1
ec,11,7,6.036837696399289e-16,0.0,6.036837696399289e-16,0.0,0.03854561692390359,0.27454352415679906,3.8615024828414924e-15,4.667056095891937e-14,3.8615024828414924e-15,4.667056095891937e-14,3.0800358048988206e-07,0.0,0.0,0,1,floor,0,0,1
ec,11,8,6.904199434387692e-16,0.0,6.904199434387692e-16,0.0,0.038545616258309885,0.2745435512225797,3.866831789287338e-15,4.651281719353618e-14,3.866831789287338e-15,4.651281719353618e-14,1.3332332876459628e-08,0.0,0.0,0,1,floor,0,0,1
ec,11,9,7.806255641895632e-16,0.0,7.806255641895632e-16,0.0,0.03854561622949641,0.27454355238284506,3.906100441236136e-15,4.4381861744547813e-14,3.906100441236136e-15,4.4381861744547813e-14,5.771274560334402e-10,0.0,0.0,0,1,floor,0,0,1
ec,11,10,8.708311849403572e-16,0.0,8.708311849403572e-16,0.0,0.03854561622824914,0.274543552417361,3.864242061921047e-15,4.6662661178170414e-14,3.864242061921047e-15,4.6662661178170414e-14,2.498170558078028e-11,0.0,0.0,0,1,floor,0,0,1
ec,12,0,0.0,0.0,0.0,0.0,0.0,0.0,3.980445996086362e-15,4.60816926621827e-14,3.980445996086362e-15,4.60816926621827e-14,0.0,0.0,0.0,0,1,floor,0,0,1
ec,12,1,1.6653345369377348e-16,0.0,1.6653345369377348e-16,0.0,0.011764435776034698,1.0173887179578492e-05,3.9732372458607604e-15,4.557361939909294e-14,3.9732372458607604e-15,4.557361939909294e-14,0.23528871552069397,3.5513565802016854e-06,0.0,0,1,floor,0,0,1
ec,12,2,3.400058012914542e-16,0.0,3.400058012914542e-16,0.0,0.0421593782353582,0.06628564876630533,3.97339075748528e-15,4.565609112954199e-14,3.97339075748528e-15,4.565609112954199e-14,0.607899548040787,0.023134300705269166,0.0,0,1,floor,0,0,1
ec,12,3,5.134781488891349e-16,0.0,5.134781488891349e-16,0.0,0.03867559438554018,0.2656547652307874,3.973379717667748e-15,4.5644289428533344e-14,3.973379717667748e-15,4.5644289428533344e-14,0.06987242696454087,0.06959295262924262,0.0,0,1,floor,0,0,1
ec,12,4,6.869504964868156e-16,0.0,6.869504964868156e-16,0.0,0.03848052412822225,0.2741765374429998,3.971953380596049e-15,4.564184134663098e-14,3.971953380596049e-15,4.564184134663098e-14,0.003908240006998999,0.0029746598985904114,0.0,0,1,floor,0,0,1
ec,12,5,8.604228440844963e-16,0.0,8.604228440844963e-16,0.0,0.038472219263314365,0.274527944043734,3.974550382526338e-15,4.5527894325208946e-14,3.974550382526338e-15,4.5527894325208946e-14,0.00016637213486132187,0.00012265601893090978,0.0,0,1,floor,0,0,1
ec,12,6,1.033895191682177e-15,0.0,1.033895191682177e-15,0.0,0.038471860039807196,0.2745428880995682,3.9738559719420385e-15,4.5710171283394004e-14,3.9738559719420385e-15,4.5710171283394004e-14,7.19599056104411e-06,4.986882367933259e-06,0.0,0,1,floor,0,0,1
ec,12,7,1.2073675392798577e-15,0.0,1.2073675392798577e-15,0.0,0.038471844493377184,0.27454352413555855,3.971034557336876e-15,4.568842943911896e-14,3.971034557336876e-15,4.568842943911896e-14,3.1141200099655714e-07,0.0,0.0,0,1,floor,0,0,1
ec,12,8,1.3808398868775384e-15,0.0,1.3808398868775384e-15,0.0,0.03847184382052457,0.27454355120399415,3.9714290107450674e-15,4.563850534006655e-14,3.9714290107450674e-15,4.563850534006655e-14,1.3477332361458327e-08,0.0,0.0,0,1,floor,0,0,1
ec,12,9,1.5543122344752192e-15,0.0,1.5543122344752192e-15,0.0,0.038471843791402366,0.27454355236160444,3.97376614733765e-15,4.553536244468412e-14,3.97376614733765e-15,4.553536244468412e-14,5.832949440205282e-10,0.0,0.0,0,1,floor,0,0,1
ec,12,10,1.7277845820728999e-15,0.0,1.7277845820728999e-15,0.0,0.03847184379014195,0.2745435523961204,3.973980145798716e-15,4.557843194471545e-14,3.973980145798716e-15,4.557843194471545e-14,2.5244287668528668e-11,0.0,0.0,0,1,floor,0,0,1
ec,13,0,0.0,0.0,0.0,0.0,0.0,0.0,2.7750877686639914e-15,3.60952331235809e-14,2.7750877686639914e-15,3.60952331235809e-14,0.0,0.0,0.0,0,1,floor,0,0,1
ec,13,1,8.326672684688674e-17,0.0,8.326672684688674e-17,0.0,0.011764434062016837,9.80911239371097e-06,2.775633729220737e-15,3.6098417342998993e-14,2.775633729220737e-15,3.6098417342998993e-14,0.23528868124033672,3.4240261593687747e-06,0.0,0,1,floor,0,0,1
ec,13,2,1.700029006457271e-16,0.0,1.700029006457271e-16,0.0,0.042150579349844376,0.06628564870032456,2.7754354885081512e-15,3.6198967629083184e-14,2.7754354885081512e-15,3.6198967629083184e-14,0.6077236048790116,0.023134300686073025,0.0,0,1,floor,0,0,1
ec,13,3,2.5673907444456745e-16,0.0,2.5673907444456745e-16,0.0,0.038640365597571495,0.26565476521432396,2.7768034731470105e-15,3.609006738042451e-14,2.7768034731470105e-15,3.609006738042451e-14,0.07039965297001707,0.06959295262158513,0.0,0,1,floor,0,0,1
ec,13,4,3.434752482434078e-16,0.0,3.434752482434078e-16,0.0,0.03844416415354663,0.274176537427048,2.7771836272564183e-15,3.6167709293789075e-14,2.7771836272564183e-15,3.6167709293789075e-14,0.00393083109819063,0.0029746597194415044,0.0,0,1,floor,0,0,1
ec,13,5,4.3021142204224816e-16,0.0,4.3021142204224816e-16,0.0,0.03843581254256623,0.2745279440278027,2.777164615066001e-15,3.61057415136499e-14,2.777164615066001e-15,3.61057415136499e-14,0.00016730579742124755,0.00012265167412585956,0.0,0,1,floor,0,0,1
ec,13,6,5.169475958410885e-16,0.0,5.169475958410885e-16,0.0,0.0384354513275716,0.2745428880809827,2.7785921031842553e-15,3.611399167078901e-14,2.7785921031842553e-15,3.611399167078901e-14,7.235768559049843e-06,4.878850443287175e-06,0.0,0,1,floor,0,0,1
ec,13,7,6.036837696399289e-16,0.0,6.036837696399289e-16,0.0,0.038435435696228114,0.2745435241196281,2.7748722612862717e-15,3.612820625780165e-14,2.7748722612862717e-15,3.612820625780165e-14,3.1310813990568035e-07,0.0,0.0,0,1,floor,0,0,1
ec,13,8,6.904199434387692e-16,0.0,6.904199434387692e-16,0.0,0.03843543501975514,0.2745435511880638,2.7760883200180188e-15,3.61126268659172e-14,2.7760883200180188e-15,3.61126268659172e-14,1.3549651811591676e-08,0.0,0.0,0,1,floor,0,0,1
ec,13,9,7.771561172376096e-16,0.0,7.771561172376096e-16,0.0,0.03843543499047859,0.27454355234567407,2.7782346600268683e-15,3.6078646585941786e-14,2.7782346600268683e-15,3.6078646585941786e-14,5.863780439786935e-10,0.0,0.0,0,1,floor,0,0,1
ec,13,10,8.638922910364499e-16,0.0,8.638922910364499e-16,0.0,0.0384354349892116,0.27454355238284506,2.776060544707878e-15,3.616934882340842e-14,2.776060544707878e-15,3.616934882340842e-14,2.537562136977098e-11,0.0,0.0,0,1,floor,0,0,1
ec,14,0,0.0,0.0,0.0,0.0,0.0,0.0,3.717488119799873e-15,4.662748470753009e-14,3.717488119799873e-15,4.662748470753009e-14,0.0,0.0,0.0,0,1,floor,0,0,1
ec,14,1,8.326672684688674e-17,0.0,8.326672684688674e-17,0.0,0.011764435816856808,1.0731768324341125e-05,3.7166066388709366e-15,4.651871972255975e-14,3.7166066388709366e-15,4.651871972255975e-14,0.23528871633713616,3.746093836419747e-06,0.0,0,1,floor,0,0,1
ec,14,2,1.700029006457271e-16,0.0,1.700029006457271e-16,0.0,0.04216080343343699,0.06628564884328289,3.7165166051881525e-15,4.656808316218682e-14,3.7165166051881525e-15,4.656808316218682e-14,0.6079280511424264,0.023134300735982993,0.0,0,1,floor,0,0,1
ec,14,3,2.5673907444456745e-16,0.0,2.5673907444456745e-16,0.0,0.0386813287798753,0.2656547652499948,3.716985805738998e-15,4.657887099182956e-14,3.716985805738998e-15,4.657887099182956e-14,0.06978646874297424,0.06959295263945262,0.0,0,1,floor,0,0,1
ec,14,4,3.434752482434078e-16,0.0,3.434752482434078e-16,0.0,0.03848644169154617,0.27417653746161014,3.71824647497933e-15,4.6599370806853836e-14,3.71824647497933e-15,4.6599370806853836e-14,0.0039045819494794385,0.0029746601075974566,0.0,0,1,floor,0,0,1
ec,14,5,4.3021142204224816e-16,0.0,4.3021142204224816e-16,0.0,0.03847814431305164,0.27452794406232056,3.715987895701663e-15,4.6582289471954635e-14,3.715987895701663e-15,4.6582289471954635e-14,0.0001662226094547849,0.00012266181176491411,0.0,0,1,floor,0,0,1
ec,14,6,5.169475958410885e-16,0.0,5.169475958410885e-16,0.0,0.03847778540555123,0.27454288811815375,3.716699219762862e-15,4.659577038429763e-14,3.716699219762862e-15,4.659577038429763e-14,7.18967868357667e-06,5.127385417844444e-06,0.0,0,1,floor,0,0,1
ec,14,7,6.036837696399289e-16,0.0,6.036837696399289e-16,0.0,0.03847776987246937,0.274543524154144,3.716129620686856e-15,4.655034139930599e-14,3.716129620686856e-15,4.655034139930599e-14,3.111453745202794e-07,0.0,0.0,0,1,floor,0,0,1
ec,14,8,6.904199434387692e-16,0.0,6.904199434387692e-16,0.0,0.038477769200180395,0.2745435512252347,3.720048105046051e-15,4.646536512990413e-14,3.720048105046051e-15,4.646536512990413e-14,1.3466073232697703e-08,0.0,0.0,0,1,floor,0,0,1
ec,14,9,7.806255641895632e-16,0.0,7.806255641895632e-16,0.0,0.03847776917108198,0.27454355238284506,3.71785326331718e-15,4.6542225971338783e-14,3.71785326331718e-15,4.6542225971338783e-14,5.828196981636728e-10,0.0,0.0,0,1,floor,0,0,1
ec,14,10,8.673617379884035e-16,0.0,8.673617379884035e-16,0.0,0.038477769169822575,0.274543552417361,3.71825619214727e-15,4.656529866690577e-14,3.71825619214727e-15,4.656529866690577e-14,2.522397225905356e-11,0.0,0.0,0,1,floor,0,0,1
ec,15,0,0.0,0.0,0.0,0.0,0.0,0.0,4.695909048510506e-15,5.729910286603159e-14,4.695909048510506e-15,5.729910286603159e-14,0.0,0.0,0.0,0,1,floor,0,0,1
ec,15,1,1.6653345369377348e-16,0.0,1.6653345369377348e-16,0.0,0.011764437613164775,1.0663629423853027e-05,4.693695046256609e-15,5.729783844085262e-14,4.693695046256609e-15,5.729783844085262e-14,0.2352887522632955,3.7223088731756253e-06,0.0,0,1,floor,0,0,1
ec,15,2,3.400058012914542e-16,0.0,3.400058012914542e-16,0.0,0.042173044631162566,0.06628564883228609,4.695698000810393e-15,5.726453196489922e-14,4.695698000810393e-15,5.726453196489922e-14,0.6081728387978876,0.023134300732143766,0.0,0,1,floor,0,0,1
ec,15,3,5.134781488891349e-16,0.0,5.134781488891349e-16,0.0,0.038730409921702964,0.2656547652472509,4.693981402775804e-15,5.725547388058458e-14,4.693981402775804e-15,5.725547388058458e-14,0.06905162258713263,0.06959295263690014,0.0,0,1,floor,0,0,1
ec,15,4,6.869504964868156e-16,0.0,6.869504964868156e-16,0.0,0.03853709642869622,0.2741765374589515,4.694495369547068e-15,5.731039661997734e-14,4.694495369547068e-15,5.731039661997734e-14,0.0038731562110719438,0.002974660077739308,0.0,0,1,floor,0,0,1
ec,15,5,8.604228440844963e-16,0.0,8.604228440844963e-16,0.0,0.038528863872513586,0.2745279440596653,4.694013521215364e-15,5.733984794149551e-14,4.694013521215364e-15,5.733984794149551e-14,0.00016492793703633832,0.00012266036358206077,0.0,0,1,floor,0,0,1
ec,15,6,1.033895191682177e-15,0.0,1.033895191682177e-15,0.0,0.038528507719307235,0.2745428881128436,4.693357741478298e-15,5.742031966923291e-14,4.693357741478298e-15,5.742031966923291e-14,7.1346655020046266e-06,5.0926230819925985e-06,0.0,0,1,floor,0,0,1
ec,15,7,1.2073675392798577e-15,0.0,1.2073675392798577e-15,0.0,0.03852849230335103,0.27454352415148897,4.6948679492846e-15,5.730539018611848e-14,4.6948679492846e-15,5.730539018611848e-14,3.088058455948483e-07,0.0,0.0,0,1,floor,0,0,1
ec,15,8,1.3808398868775384e-15,0.0,1.3808398868775384e-15,0.0,0.038528491636042224,0.2745435512199246,4.696700743154017e-15,5.729670045500714e-14,4.696700743154017e-15,5.729670045500714e-14,1.3366592209704295e-08,0.0,0.0,0,1,floor,0,0,1
ec,15,9,1.5543122344752192e-15,0.0,1.5543122344752192e-15,0.0,0.038528491607155525,0.2745435523775349,4.695482279814429e-15,5.728448112971763e-14,4.695482279814429e-15,5.728448112971763e-14,5.785903923191295e-10,0.0,0.0,0,1,floor,0,0,1
ec,15,10,1.7277845820728999e-15,0.0,1.7277845820728999e-15,0.0,0.038528491605905116,0.27454355241470585,4.6937127477424e-15,5.731282078609153e-14,4.6937127477424e-15,5.731282078609153e-14,2.5044394964944514e-11,0.0,0.0,0,1,floor,0,0,1
ec,16,0,0.0,0.0,0.0,0.0,0.0,0.0,2.773323492556314e-15,3.609561461554697e-14,2.773323492556314e-15,3.609561461554697e-14,0.0,0.0,0.0,0,1,floor,0,0,1
ec,16,1,8.326672684688674e-17,0.0,8.326672684688674e-17,0.0,0.011764436771633318,1.059505231752994e-05,2.773536387553647e-15,3.606272859929401e-14,2.773536387553647e-15,3.606272859929401e-14,0.23528873543266635,3.6983709472390634e-06,0.0,0,1,floor,0,0,1
ec,16,2,1.700029006457271e-16,0.0,1.700029006457271e-16,0.0,0.04216601627007161,0.06628564883228609,2.773313055923578e-15,3.604977155333374e-14,2.773313055923578e-15,3.604977155333374e-14,0.6080322886208147,0.023134300728304538,0.0,0,1,floor,0,0,1
ec,16,3,2.5673907444456745e-16,0.0,2.5673907444456745e-16,0.0,0.038702207053958715,0.2656547652472509,2.7716805999252077e-15,3.605580934432956e-14,2.7716805999252077e-15,3.605580934432956e-14,0.06947398523080464,0.06959295263690014,0.0,0,1,floor,0,0,1
ec,16,4,3.434752482434078e-16,0.0,3.434752482434078e-16,0.0,0.03850799011514315,0.2741765374589515,2.7726047892133626e-15,3.6039011060775275e-14,2.7726047892133626e-15,3.6039011060775275e-14,0.0038911985253775854,0.002974660077739308,0.0,0,1,floor,0,0,1
ec,16,5,4.3021142204224816e-16,0.0,4.3021142204224816e-16,0.0,0.03849972040917714,0.2745279440596653,2.7739616008473253e-15,3.597191182673273e-14,2.7739616008473253e-15,3.597191182673273e-14,0.0001656699126368814,0.00012266036358206077,0.0,0,1,floor,0,0,1
ec,16,6,5.169475958410885e-16,0.0,5.169475958410885e-16,0.0,0.03849936267983735,0.2745428881154987,2.7733715986272377e-15,3.6054455861916665e-14,2.7733715986272377e-15,3.6054455861916665e-14,7.166146430976338e-06,5.0926230819925985e-06,0.0,0,1,floor,0,0,1
ec,16,7,6.036837696399289e-16,0.0,6.036837696399289e-16,0.0,0.03849934719695794,0.27454352415148897,2.7727639277908516e-15,3.607292460683162e-14,2.7727639277908516e-15,3.607292460683162e-14,3.101425992029732e-07,0.0,0.0,0,1,floor,0,0,1
ec,16,8,6.904199434387692e-16,0.0,6.904199434387692e-16,0.0,0.03849934652680798,0.2745435512199246,2.7760367100956985e-15,3.5954153862759935e-14,2.7760367100956985e-15,3.5954153862759935e-14,1.3423345142411573e-08,0.0,0.0,0,1,floor,0,0,1
ec,16,9,7.771561172376096e-16,0.0,7.771561172376096e-16,0.0,0.03849934649780069,0.2745435523775349,2.774866063950066e-15,3.597382637421125e-14,2.774866063950066e-15,3.597382637421125e-14,5.809992574198314e-10,0.0,0.0,0,1,floor,0,0,1
ec,16,10,8.638922910364499e-16,0.0,8.638922910364499e-16,0.0,0.03849934649654516,0.2745435524120508,2.7726257011961623e-15,3.609580280029349e-14,2.7726257011961623e-15,3.609580280029349e-14,2.514663584658047e-11,0.0,0.0,0,1,floor,0,0,1
ec,17,0,0.0,0.0,0.0,0.0,0.0,0.0,2.895225335127535e-15,3.6079437546700635e-14,2.895225335127535e-15,3.6079437546700635e-14,0.0,0.0,0.0,0,1,floor,0,0,1
ec,17,1,8.326672684688674e-17,0.0,8.326672684688674e-17,0.0,0.011764435107593885,1.0663629423853027e-05,2.8931825811285035e-15,3.621582658676299e-14,2.8931825811285035e-15,3.621582658676299e-14,0.2352887021518777,3.7223088731756253e-06,0.0,0,1,floor,0,0,1
ec,17,2,1.700029006457271e-16,0.0,1.700029006457271e-16,0.0,0.04215541145139199,0.06628564883228609,2.8948915416639736e-15,3.618880039235813e-14,2.8948915416639736e-15,3.618880039235813e-14,0.6078202258511775,0.023134300732143766,0.0,0,1,floor,0,0,1
ec,17,3,2.5673907444456745e-16,0.0,2.5673907444456745e-16,0.0,0.03865969983494072,0.2656547652472509,2.7767259816860975e-15,4.3997525008851744e-14,2.7767259816860975e-15,4.3997525008851744e-14,0.07011036050390507,0.06959295263690014,0.0,0,1,floor,0,0,1
ec,17,4,3.434752482434078e-16,0.0,3.434752482434078e-16,0.0,0.03846411963109803,0.2741765374589515,2.897310634990521e-15,3.6034141277169496e-14,2.897310634990521e-15,3.6034141277169496e-14,0.003918424173015747,0.002974660077739308,0.0,0,1,floor,0,0,1
ec,17,5,4.3021142204224816e-16,0.0,4.3021142204224816e-16,0.0,0.03845579372930483,0.2745279440596653,2.8951806316293407e-15,3.6154598572641415e-14,2.8951806316293407e-15,3.6154598572641415e-14,0.00016679230424447962,0.00012266036358206077,0.0,0,1,floor,0,0,1
ec,17,6,5.169475958410885e-16,0.0,5.169475958410885e-16,0.0,0.038455433610870074,0.2745428881128436,2.8964062441911903e-15,3.60642069495367e-14,2.8964062441911903e-15,3.60642069495367e-14,7.213865785951757e-06,5.0926230819925985e-06,0.0,0,1,floor,0,0,1
ec,17,7,6.036837696399289e-16,0.0,6.036837696399289e-16,0.0,0.03845541802633736,0.27454352415148897,2.8950686653041948e-15,3.6111774925674617e-14,2.8950686653041948e-15,3.6111774925674617e-14,3.121730962180914e-07,0.0,0.0,0,1,floor,0,0,1
ec,17,8,6.904199434387692e-16,0.0,6.904199434387692e-16,0.0,0.038455417351862614,0.2745435512199246,2.89670273113841e-15,3.603053635283115e-14,2.89670273113841e-15,3.603053635283115e-14,1.35097355210981e-08,0.0,0.0,0,1,floor,0,0,1
ec,17,9,7.771561172376096e-16,0.0,7.771561172376096e-16,0.0,0.038455417322671354,0.2745435523775349,2.8959391455196412e-15,3.6085448030858124e-14,2.8959391455196412e-15,3.6085448030858124e-14,5.846742581833307e-10,0.0,0.0,0,1,floor,0,0,1
ec,17,10,8.638922910364499e-16,0.0,8.638922910364499e-16,0.0,0.038455417321408,0.27454355241470585,2.895472595156119e-15,3.610912371392981e-14,2.895472595156119e-15,3.610912371392981e-14,2.5302997421335648e-11,0.0,0.0,0,1,floor,0,0,1
ec,18,0,0.0,0.0,0.0,0.0,0.0,0.0,3.720935640364455e-15,4.666628866840867e-14,3.720935640364455e-15,4.666628866840867e-14,0.0,0.0,0.0,0,1,floor,0,0,1
ec,18,1,8.326672684688674e-17,0.0,8.326672684688674e-17,0.0,0.01176443451425649,1.059505231752994e-05,3.7226705558731255e-15,4.65993705077e-14,3.7226705558731255e-15,4.65993705077e-14,0.2352886902851298,3.6983709472390634e-06,0.0,0,1,floor,0,0,1
ec,18,2,1.700029006457271e-16,0.0,1.700029006457271e-16,0.0,0.04215332222833842,0.0662856488212893,3.722857520550893e-15,4.6621809196338547e-14,3.722857520550893e-15,4.6621809196338547e-14,0.6077784533204631,0.023134300728304538,0.0,0,1,floor,0,0,1
ec,18,3,2.5673907444456745e-16,0.0,2.5673907444456745e-16,0.0,0.038651357254512374,0.26565476524176307,3.720793209353506e-15,4.660249783035344e-14,3.720793209353506e-15,4.660249783035344e-14,0.07023510338094972,0.06959295263562387,0.0,0,1,floor,0,0,1
ec,18,4,3.434752482434078e-16,0.0,3.434752482434078e-16,0.0,0.038455508416547705,0.2741765374562929,3.7212023104524916e-15,4.6694392375612825e-14,3.7212023104524916e-15,4.6694392375612825e-14,0.0039237891091818775,0.002974660047881159,0.0,0,1,floor,0,0,1
ec,18,5,4.3021142204224816e-16,0.0,4.3021142204224816e-16,0.0,0.03844717134817535,0.2745279440570101,3.720068575795528e-15,4.6651895260329685e-14,3.720068575795528e-15,4.6651895260329685e-14,0.00016701533523952292,0.00012265963948422236,0.0,0,1,floor,0,0,1
ec,18,6,5.169475958410885e-16,0.0,5.169475958410885e-16,0.0,0.03844681075171253,0.27454288811018857,3.722591495340689e-15,4.664329008408954e-14,3.722591495340689e-15,4.664329008408954e-14,7.2234139274650604e-06,5.0926230819925985e-06,0.0,0,1,floor,0,0,1
ec,18,7,6.036837696399289e-16,0.0,6.036837696399289e-16,0.0,0.03844679514669853,0.27454352414883393,3.720938712026518e-15,4.6668784648498786e-14,3.720938712026518e-15,4.6668784648498786e-14,3.125822081070597e-07,0.0,0.0,0,1,floor,0,0,1
ec,18,8,6.904199434387692e-16,0.0,6.904199434387692e-16,0.0,0.03844679447134624,0.27454355121726953,3.721219095910749e-15,4.6684868319291884e-14,3.721219095910749e-15,4.6684868319291884e-14,1.3527265045421213e-08,0.0,0.0,0,1,floor,0,0,1
ec,18,9,7.771561172376096e-16,0.0,7.771561172376096e-16,0.0,0.03844679444211739,0.2745435523775349,3.720294855303611e-15,4.668300382154047e-14,3.720294855303611e-15,4.668300382154047e-14,5.854252461894078e-10,0.0,0.0,0,1,floor,0,0,1
ec,18,10,8.638922910364499e-16,0.0,8.638922910364499e-16,0.0,0.03844679444085242,0.2745435524120508,3.7216918832640915e-15,4.655265836491607e-14,3.7216918832640915e-15,4.655265836491607e-14,2.5335137690200825e-11,0.0,0.0,0,1,floor,0,0,1
ec,19,0,0.0,0.0,0.0,0.0,0.0,0.0,3.4981491518045233e-15,4.6623640794854477e-14,3.4981491518045233e-15,4.6623640794854477e-14,0.0,0.0,0.0,0,1,floor,0,0,1
ec,19,1,8.326672684688674e-17,0.0,8.326672684688674e-17,0.0,0.011764434348406665,1.0173887179578492e-05,3.4986245326383587e-15,4.661874527323755e-14,3.4986245326383587e-15,4.661874527323755e-14,0.2352886869681333,3.5513565802016854e-06,0.0,0,1,floor,0,0,1
ec,19,2,1.700029006457271e-16,0.0,1.700029006457271e-16,0.0,0.04215281102223828,0.06628564875530854,3.500477359371393e-15,4.6532026937328036e-14,3.500477359371393e-15,4.6532026937328036e-14,0.6077682325310159,0.023134300705269166,0.0,0,1,floor,0,0,1
ec,19,3,2.5673907444456745e-16,0.0,2.5673907444456745e-16,0.0,0.03864931839472966,0.2656547652252996,3.4970840404951614e-15,4.6582398567074636e-14,3.4970840404951614e-15,4.6582398567074636e-14,0.07026557741572238,0.06959295262796637,0.0,0,1,floor,0,0,1
ec,19,4,3.434752482434078e-16,0.0,3.434752482434078e-16,0.0,0.03845340382065638,0.27417653744034115,3.4982105725916084e-15,4.661832270185519e-14,3.4982105725916084e-15,4.661832270185519e-14,0.003925101939118562,0.002974659868732262,0.0,0,1,floor,0,0,1
ec,19,5,4.3021142204224816e-16,0.0,4.3021142204224816e-16,0.0,0.03844506401252274,0.2745279440410788,3.496566766113036e-15,4.673342952357558e-14,3.496566766113036e-15,4.673342952357558e-14,0.00016707005683234329,0.0001226552948074226,0.0,0,1,floor,0,0,1
ec,19,6,5.169475958410885e-16,0.0,5.169475958410885e-16,0.0,0.03844470329851967,0.2745428880942581,3.5038942980721887e-15,4.626642970481189e-14,3.5038942980721887e-15,4.626642970481189e-14,7.225761682973133e-06,4.986882367933259e-06,0.0,0,1,floor,0,0,1
ec,19,7,6.036837696399289e-16,0.0,6.036837696399289e-16,0.0,0.038444687688458754,0.2745435241329035,3.497753044070786e-15,4.657242685060189e-14,3.497753044070786e-15,4.657242685060189e-14,3.126830200075682e-07,0.0,0.0,0,1,floor,0,0,1
ec,19,8,6.904199434387692e-16,0.0,6.904199434387692e-16,0.0,0.038444687012889764,0.27454355120133905,3.497904815576269e-15,4.660197129616964e-14,3.497904815576269e-15,4.660197129616964e-14,1.3531593847573388e-08,0.0,0.0,0,1,floor,0,0,1
ec,19,9,7.771561172376096e-16,0.0,7.771561172376096e-16,0.0,0.0384446869836516,0.27454355236160444,3.4980276381459664e-15,4.670272304677222e-14,3.4980276381459664e-15,4.670272304677222e-14,5.856112482669265e-10,0.0,0.0,0,1,floor,0,0,1
ec,19,10,8.638922910364499e-16,0.0,8.638922910364499e-16,0.0,0.03844468698238625,0.2745435523961204,3.0323429501521264e-15,7.722284303770235e-14,3.0323429501521264e-15,7.722284303770235e-14,2.5342926594318845e-11,0.0,0.0,0,1,floor,0,0,1
ec,20,0,0.0,0.0,0.0,0.0,0.0,0.0,3.945573748877759e-15,5.008489093666895e-14,3.945573748877759e-15,5.008489093666895e-14,0.0,0.0,0.0,0,1,floor,0,0,1
ec,20,1,8.326672684688674e-17,0.0,8.326672684688674e-17,0.0,0.01176443708068166,1.0663629423853027e-05,3.950466625891852e-15,4.9916463293956126e-14,3.950466625891852e-15,4.9916463293956126e-14,0.2352887416136332,3.7223088731756253e-06,0.0,0,1,floor,0,0,1
ec,20,2,1.700029006457271e-16,0.0,1.700029006457271e-16,0.0,0.04216797156553251,0.06628564883228609,3.9453428243098325e-15,5.006576812381732e-14,3.9453428243098325e-15,5.006576812381732e-14,0.6080713882895113,0.023134300732143766,0.0,0,1,floor,0,0,1
ec,20,3,2.5673907444456745e-16,0.0,2.5673907444456745e-16,0.0,0.03871004418455547,0.2656547652472509,3.94734394431845e-15,4.996166911690308e-14,3.94734394431845e-15,4.996166911690308e-14,0.06935666032285362,0.06959295263690014,0.0,0,1,floor,0,0,1
ec,20,4,3.434752482434078e-16,0.0,3.434752482434078e-16,0.0,0.03851607860239226,0.2741765374589515,3.9454270615967874e-15,5.0073417886567985e-14,3.9454270615967874e-15,5.0073417886567985e-14,0.003886178767637896,0.002974660077739308,0.0,0,1,floor,0,0,1
ec,20,5,4.3021142204224816e-16,0.0,4.3021142204224816e-16,0.0,0.03850781925850806,0.2745279440596653,3.913875095700383e-15,5.2095157088794595e-14,3.913875095700383e-15,5.2095157088794595e-14,0.0001654629545938545,0.00012266036358206077,0.0,0,1,floor,0,0,1
ec,20,6,5.169475958410885e-16,0.0,5.169475958410885e-16,0.0,0.03850746196972692,0.2745428881128436,3.9448706621875796e-15,5.01148969029547e-14,3.9448706621875796e-15,5.01148969029547e-14,7.157346888924498e-06,5.0926230819925985e-06,0.0,0,1,floor,0,0,1
ec,20,7,6.036837696399289e-16,0.0,6.036837696399289e-16,0.0,0.038507446505593956,0.27454352415148897,3.946966146982772e-15,5.0057540225180634e-14,3.946966146982772e-15,5.0057540225180634e-14,3.0976814794334975e-07,0.0,0.0,0,1,floor,0,0,1
ec,20,8,6.904199434387692e-16,0.0,6.904199434387692e-16,0.0,0.03850744583624162,0.2745435512199246,3.945998072827937e-15,5.0030995423145475e-14,3.945998072827937e-15,5.0030995423145475e-14,1.3407412342978779e-08,0.0,0.0,0,1,floor,0,0,1
ec,20,9,7.771561172376096e-16,0.0,7.771561172376096e-16,0.0,0.03850744580726826,0.2745435523775349,3.945426938278608e-15,4.99956144003987e-14,3.945426938278608e-15,4.99956144003987e-14,5.803214826832979e-10,0.0,0.0,0,1,floor,0,0,1
ec,20,10,8.638922910364499e-16,0.0,8.638922910364499e-16,0.0,0.038507445806014166,0.27454355241470585,3.946449117924398e-15,5.0031500213371865e-14,3.946449117924398e-15,5.0031500213371865e-14,2.5117798662182707e-11,0.0,0.0,0,1,floor,0,0,1
ec,21,0,0.0,0.0,0.0,0.0,0.0,0.0,3.8661345197770296e-15,4.675296109934676e-14,3.8661345197770296e-15,4.675296109934676e-14,0.0,0.0,0.0,0,1,floor,0,0,1
ec,21,1,8.326672684688674e-17,0.0,8.326672684688674e-17,0.0,0.011764438086248235,9.734517300533532e-06,3.867053631333386e-15,4.6689755479609067e-14,3.867053631333386e-15,4.6689755479609067e-14,0.23528876172496468,3.3979875597332097e-06,0.0,0,1,floor,0,0,1
ec,21,2,1.7694179454963432e-16,0.0,1.7694179454963432e-16,0.0,0.0421751121555146,0.06628564868932778,3.872922114180518e-15,4.624518138124861e-14,3.872922114180518e-15,4.624518138124861e-14,0.6082141797603707,0.0231343006822338,0.0,0,1,floor,0,0,1
ec,21,3,2.636779683484747e-16,0.0,2.636779683484747e-16,0.0,0.038738679451348755,0.2656547652088362,3.8644724081935154e-15,4.678910479717562e-14,3.8644724081935154e-15,4.678910479717562e-14,0.06892791536002627,0.06959295262158513,0.0,0,1,floor,0,0,1
ec,21,4,3.5041414214731503e-16,0.0,3.5041414214731503e-16,0.0,0.03854563177611423,0.2741765374243894,3.8676253603822206e-15,4.664672692765061e-14,3.8676253603822206e-15,4.664672692765061e-14,0.003867847733582686,0.0029746596895833524,0.0,0,1,floor,0,0,1
ec,21,5,4.371503159461554e-16,0.0,4.371503159461554e-16,0.0,0.03853741022945379,0.27452794402514746,3.867349187912333e-15,4.673574531517667e-14,3.867349187912333e-15,4.673574531517667e-14,0.00016470805091654383,0.00012265094997672096,0.0,0,1,floor,0,0,1
ec,21,6,5.238864897449957e-16,0.0,5.238864897449957e-16,0.0,0.038537054546148336,0.27454288807832766,3.868005778726712e-15,4.670845015828084e-14,3.868005778726712e-15,4.670845015828084e-14,7.125280013947773e-06,4.878850443287175e-06,0.0,0,1,floor,0,0,1
ec,21,7,6.106226635438361e-16,0.0,6.106226635438361e-16,0.0,0.03853703915026522,0.2745435241169731,3.870767818182289e-15,4.660907515366242e-14,3.870767818182289e-15,4.660907515366242e-14,3.084049004160654e-07,0.0,0.0,0,1,floor,0,0,1
ec,21,8,6.973588373426765e-16,0.0,6.973588373426765e-16,0.0,0.03853703848381388,0.27454355118540863,3.867916399786845e-15,4.663189979787984e-14,3.867916399786845e-15,4.663189979787984e-14,1.334946429046458e-08,0.0,0.0,0,1,floor,0,0,1
ec,21,9,7.840950111415168e-16,0.0,7.840950111415168e-16,0.0,0.03853703845496381,0.27454355234567407,3.868062622865638e-15,4.657715114719932e-14,3.868062622865638e-15,4.657715114719932e-14,5.778584313203351e-10,0.0,0.0,0,1,floor,0,0,1
ec,21,10,8.708311849403572e-16,0.0,8.708311849403572e-16,0.0,0.03853703845371496,0.27454355238018996,3.868811376383851e-15,4.6577303365841365e-14,3.868811376383851e-15,4.6577303365841365e-14,2.5013315149541524e-11,0.0,0.0,0,1,floor,0,0,1
ec,22,0,0.0,0.0,0.0,0.0,0.0,0.0,4.693033175863909e-15,5.732330436903645e-14,4.693033175863909e-15,5.732330436903645e-14,0.0,0.0,0.0,0,1,floor,0,0,1
ec,22,1,1.6653345369377348e-16,0.0,1.6653345369377348e-16,0.0,0.011764436456127857,1.045654894575938e-05,4.695608412542864e-15,5.724605629623269e-14,4.695608412542864e-15,5.724605629623269e-14,0.23528872912255713,3.6500241499888623e-06,0.0,0,1,floor,0,0,1
ec,22,2,3.400058012914542e-16,0.0,3.400058012914542e-16,0.0,0.04216634515005132,0.0662856487992957,4.692877865645068e-15,5.744813917295621e-14,4.692877865645068e-15,5.744813917295621e-14,0.6080388725203772,0.023134300720626087,0.0,0,1,floor,0,0,1
ec,22,3,5.134781488891349e-16,0.0,5.134781488891349e-16,0.0,0.03870356904489696,0.26565476523627524,4.693754061546249e-15,5.740325576521351e-14,4.693754061546249e-15,5.740325576521351e-14,0.06945337771752533,0.06959295263307137,0.0,0,1,floor,0,0,1
ec,22,4,6.869504964868156e-16,0.0,6.869504964868156e-16,0.0,0.03850939429911233,0.27417653745097564,4.692193073618347e-15,5.73405888847348e-14,4.692193073618347e-15,5.73405888847348e-14,0.003890355899680248,0.0029746599881648613,0.0,0,1,floor,0,0,1
ec,22,5,8.604228440844963e-16,0.0,8.604228440844963e-16,0.0,0.03850112620371043,0.2745279440516996,4.694669410961879e-15,5.723329838987745e-14,4.694669410961879e-15,5.723329838987745e-14,0.00016563774514949983,0.00012265819127572165,0.0,0,1,floor,0,0,1
ec,22,6,1.033895191682177e-15,0.0,1.033895191682177e-15,0.0,0.03850076853828587,0.2745428881048784,4.695037273388978e-15,5.732741967953942e-14,4.695037273388978e-15,5.732741967953942e-14,7.164869796282076e-06,5.057621821307297e-06,0.0,0,1,floor,0,0,1
ec,22,7,1.2073675392798577e-15,0.0,1.2073675392798577e-15,0.0,0.03850075305793001,0.2745435241435238,4.694679788441642e-15,5.738159902121573e-14,4.694679788441642e-15,5.738159902121573e-14,3.100921916204153e-07,0.0,0.0,0,1,floor,0,0,1
ec,22,8,1.3808398868775384e-15,0.0,1.3808398868775384e-15,0.0,0.0385007523878789,0.2745435512119594,4.6933390398104754e-15,5.735992340439658e-14,4.6933390398104754e-15,5.735992340439658e-14,1.342137070872616e-08,0.0,0.0,0,1,floor,0,0,1
ec,22,9,1.5543122344752192e-15,0.0,1.5543122344752192e-15,0.0,0.03850075235887544,0.2745435523722248,4.6921206353482806e-15,5.737692159519713e-14,4.6921206353482806e-15,5.737692159519713e-14,5.809228313772982e-10,0.0,0.0,0,1,floor,0,0,1
ec,22,10,1.7277845820728999e-15,0.0,1.7277845820728999e-15,0.0,0.038500752357620065,0.27454355240674067,4.803903605227275e-15,5.0416939736628446e-14,4.803903605227275e-15,5.0416939736628446e-14,2.5143659984078146e-11,0.0,0.0,0,1,floor,0,0,1
ec,23,0,0.0,0.0,0.0,0.0,0.0,0.0,2.773778241208281e-15,3.595071078310199e-14,2.773778241208281e-15,3.595071078310199e-14,0.0,0.0,0.0,0,1,floor,0,0,1
ec,23,1,8.326672684688674e-17,0.0,8.326672684688674e-17,0.0,0.011764438056947156,1.059505231752994e-05,2.935837784285157e-15,2.9886231850611766e-14,2.935837784285157e-15,2.9886231850611766e-14,0.2352887611389431,3.6983709472390634e-06,0.0,0,1,floor,0,0,1
ec,23,2,1.700029006457271e-16,0.0,1.700029006457271e-16,0.0,0.04217379321089798,0.06628564883228609,2.774385087390762e-15,3.5995912414787484e-14,2.774385087390762e-15,3.5995912414787484e-14,0.6081878014942688,0.023134300728304538,0.0,0,1,floor,0,0,1
ec,23,3,2.5673907444456745e-16,0.0,2.5673907444456745e-16,0.0,0.03873337156554545,0.2656547652472509,2.774969200594654e-15,3.6000157519632727e-14,2.774969200594654e-15,3.6000157519632727e-14,0.06900747993411613,0.06959295263690014,0.0,0,1,floor,0,0,1
ec,23,4,3.434752482434078e-16,0.0,3.434752482434078e-16,0.0,0.0385401543791225,0.2741765374589515,2.7721497664805372e-15,3.6016215231757685e-14,2.7721497664805372e-15,3.6016215231757685e-14,0.0038712329322266783,0.002974660077739308,0.0,0,1,floor,0,0,1
ec,23,5,4.3021142204224816e-16,0.0,4.3021142204224816e-16,0.0,0.03853192590723761,0.2745279440596653,2.772104577346004e-15,3.6091404019087834e-14,2.772104577346004e-15,3.6091404019087834e-14,0.00016484636405101496,0.00012266036358206077,0.0,0,1,floor,0,0,1
ec,23,6,5.169475958410885e-16,0.0,5.169475958410885e-16,0.0,0.03853156993171971,0.2745428881154987,2.773957572148902e-15,3.6016118545465653e-14,2.773957572148902e-15,3.6016118545465653e-14,7.13111647844317e-06,5.0926230819925985e-06,0.0,0,1,floor,0,0,1
ec,23,7,6.036837696399289e-16,0.0,6.036837696399289e-16,0.0,0.03853155452349813,0.27454352415148897,2.7742414020991345e-15,3.607844293120411e-14,2.7742414020991345e-15,3.607844293120411e-14,3.086513526833892e-07,0.0,0.0,0,1,floor,0,0,1
ec,23,8,6.904199434387692e-16,0.0,6.904199434387692e-16,0.0,0.03853155385652597,0.2745435512199246,2.7750108786617526e-15,3.592626101813198e-14,2.7750108786617526e-15,3.592626101813198e-14,1.3359867679478469e-08,0.0,0.0,0,1,floor,0,0,1
ec,23,9,7.771561172376096e-16,0.0,7.771561172376096e-16,0.0,0.03853155382765392,0.2745435523775349,2.774884537122764e-15,3.5952245761218185e-14,2.774884537122764e-15,3.5952245761218185e-14,5.782975469481833e-10,0.0,0.0,0,1,floor,0,0,1
ec,23,10,8.638922910364499e-16,0.0,8.638922910364499e-16,0.0,0.03853155382640415,0.2745435524120508,2.7729815161832433e-15,3.613630790160624e-14,2.7729815161832433e-15,3.613630790160624e-14,2.5031590442361535e-11,0.0,0.0,0,1,floor,0,0,1
ec,24,0,0.0,0.0,0.0,0.0,0.0,0.0,3.978252997418406e-15,4.5531324627241845e-14,3.978252997418406e-15,4.5531324627241845e-14,0.0,0.0,0.0,0,1,floor,0,0,1
ec,24,1,1.6653345369377348e-16,0.0,1.6653345369377348e-16,0.0,0.01176443621574318,9.583585410390605e-06,3.9401415393974845e-15,4.7264783819010584e-14,3.9401415393974845e-15,4.7264783819010584e-14,0.23528872431486358,3.3453023911481607e-06,0.0,0,1,floor,0,0,1
ec,24,2,3.400058012914542e-16,0.0,3.400058012914542e-16,0.0,0.04216397437617209,0.06628564866733419,3.975460297127962e-15,4.559229746970277e-14,3.975460297127962e-15,4.559229746970277e-14,0.6079914619227508,0.023134300674555342,0.0,0,1,floor,0,0,1
ec,24,3,5.134781488891349e-16,0.0,5.134781488891349e-16,0.0,0.03869405060513509,0.2656547652033484,3.97607195762225e-15,4.559974693010413e-14,3.97607195762225e-15,4.559974693010413e-14,0.06959595333791598,0.06959295261775637,0.0,0,1,floor,0,0,1
ec,24,4,6.869504964868156e-16,0.0,6.869504964868156e-16,0.0,0.03849957112332608,0.2741765374190721,3.9758671284333934e-15,4.5292226305479436e-14,3.9758671284333934e-15,4.5292226305479436e-14,0.0038964417020768785,0.002974659629867047,0.0,0,1,floor,0,0,1
ec,24,5,8.604228440844963e-16,0.0,8.604228440844963e-16,0.0,0.03849129051239038,0.27452794401983704,3.976970466557178e-15,4.560223914474308e-14,3.976970466557178e-15,4.560223914474308e-14,0.000165887714243956,0.00012264950166561718,0.0,0,1,floor,0,0,1
ec,24,6,1.033895191682177e-15,0.0,1.033895191682177e-15,0.0,0.038490932316517075,0.2745428880730175,3.977728335722734e-15,4.5465950527527056e-14,3.977728335722734e-15,4.5465950527527056e-14,7.175464808090968e-06,4.842304232499587e-06,0.0,0,1,floor,0,0,1
ec,24,7,1.2073675392798577e-15,0.0,1.2073675392798577e-15,0.0,0.03849091681366148,0.27454352411166294,3.973974751851166e-15,4.5664151564235074e-14,3.973974751851166e-15,4.5664151564235074e-14,3.105416147090883e-07,0.0,0.0,0,1,floor,0,0,1
ec,24,8,1.3808398868775384e-15,0.0,1.3808398868775384e-15,0.0,0.03849091614265618,0.27454355118009854,3.977795087315415e-15,4.549500541204803e-14,3.977795087315415e-15,4.549500541204803e-14,1.3440431190236365e-08,0.0,0.0,0,1,floor,0,0,1
ec,24,9,1.5543122344752192e-15,0.0,1.5543122344752192e-15,0.0,0.03849091611361227,0.2745435523403639,3.977672650156219e-15,4.5665487980094655e-14,3.977672650156219e-15,4.5665487980094655e-14,5.817309001676152e-10,0.0,0.0,0,1,floor,0,0,1
ec,24,10,1.7277845820728999e-15,0.0,1.7277845820728999e-15,0.0,0.038490916112355174,0.2745435523748799,3.974919238400269e-15,4.5635386714457526e-14,3.974919238400269e-15,4.5635386714457526e-14,2.5178017943013127e-11,0.0,0.0,0,1,floor,0,0,1
ec,25,0,0.0,0.0,0.0,0.0,0.0,0.0,3.8711701335819745e-15,4.6671145742041645e-14,3.8711701335819745e-15,4.6671145742041645e-14,0.0,0.0,0.0,0,1,floor,0,0,1
ec,25,1,8.326672684688674e-17,0.0,8.326672684688674e-17,0.0,0.011764433327097179,9.035490975690211e-06,3.869833698147907e-15,4.666563653897023e-14,3.869833698147907e-15,4.666563653897023e-14,0.23528866654194355,3.1539813412005822e-06,0.0,0,1,floor,0,0,1
ec,25,2,1.7694179454963432e-16,0.0,1.7694179454963432e-16,0.0,0.04214662760303436,0.06628564859035663,3.876209045324568e-15,4.6261702364115865e-14,3.876209045324568e-15,4.6261702364115865e-14,0.6076445847617056,0.023134300647680746,0.0,0,1,floor,0,0,1
ec,25,3,2.636779683484747e-16,0.0,2.636779683484747e-16,0.0,0.03862453952338361,0.26565476518688497,3.868891764906091e-15,4.672107288631828e-14,3.868891764906091e-15,4.672107288631828e-14,0.0706365298420511,0.06959295260882263,0.0,0,1,floor,0,0,1
ec,25,4,3.5388358909926865e-16,0.0,3.5388358909926865e-16,0.0,0.03842783005003162,0.2741765374004618,3.8712543475415765e-15,4.6652966538334047e-14,3.8712543475415765e-15,4.6652966538334047e-14,0.003940977153432945,0.0029746594208599694,0.0,0,1,floor,0,0,1
ec,25,5,4.40619762898109e-16,0.0,4.40619762898109e-16,0.0,0.03841945745706367,0.27452794400125047,3.868850895251289e-15,4.6690012607127464e-14,3.868850895251289e-15,4.6690012607127464e-14,0.0001677248769961728,0.0001226444324420666,0.0,0,1,floor,0,0,1
ec,25,6,5.273559366969494e-16,0.0,5.273559366969494e-16,0.0,0.03841909534862106,0.274542888054432,3.87044261559648e-15,4.668816486840896e-14,3.87044261559648e-15,4.668816486840896e-14,7.253614499594521e-06,4.693274422891038e-06,0.0,0,1,floor,0,0,1
ec,25,7,6.140921104957897e-16,0.0,6.140921104957897e-16,0.0,0.03841907967920107,0.2745435240930775,3.868306106270928e-15,4.6748290248596925e-14,3.868306106270928e-15,4.6748290248596925e-14,3.138687227902439e-07,0.0,0.0,0,1,floor,0,0,1
ec,25,8,7.008282842946301e-16,0.0,7.008282842946301e-16,0.0,0.03841907900110549,0.274543551161513,3.8731548318749024e-15,4.63958341311219e-14,3.8731548318749024e-15,4.63958341311219e-14,1.3582064918772205e-08,0.0,0.0,0,1,floor,0,0,1
ec,25,9,7.875644580934704e-16,0.0,7.875644580934704e-16,0.0,0.0384190789717598,0.27454355231912336,3.6692516183738215e-15,5.6836213592811156e-14,3.6692516183738215e-15,5.6836213592811156e-14,5.877593926429506e-10,0.0,0.0,0,1,floor,0,0,1
ec,25,10,8.743006318923108e-16,0.0,8.743006318923108e-16,0.0,0.038419078970489864,0.27454355235629435,3.868647616021631e-15,4.6638235363902034e-14,3.868647616021631e-15,4.6638235363902034e-14,2.543443013328115e-11,0.0,0.0,0,1,floor,0,0,1
ec,26,0,0.0,0.0,0.0,0.0,0.0,0.0,3.718721786391902e-15,4.6499756748302294e-14,3.718721786391902e-15,4.6499756748302294e-14,0.0,0.0,0.0,0,1,floor,0,0,1
ec,26,1,8.326672684688674e-17,0.0,8.326672684688674e-17,0.0,0.011764435328035965,9.956626120759437e-06,3.719124511077264e-15,4.662318079448093e-14,3.719124511077264e-15,4.662318079448093e-14,0.2352887065607193,3.4755181639464542e-06,0.0,0,1,floor,0,0,1
ec,26,2,1.700029006457271e-16,0.0,1.700029006457271e-16,0.0,0.04215712849406809,0.06628564872231814,3.716830562756302e-15,4.663777325839164e-14,3.716830562756302e-15,4.663777325839164e-14,0.6078545622434987,0.023134300693751483,0.0,0,1,floor,0,0,1
ec,26,3,2.5673907444456745e-16,0.0,2.5673907444456745e-16,0.0,0.038666588081611754,0.2656547652198118,3.719822902082881e-15,4.658504852981928e-14,3.719822902082881e-15,4.658504852981928e-14,0.07000720547620204,0.06959295262413763,0.0,0,1,floor,0,0,1
ec,26,4,3.434752482434078e-16,0.0,3.434752482434078e-16,0.0,0.03847122859477117,0.27417653743236525,3.719287353485953e-15,4.660063893048588e-14,3.719287353485953e-15,4.660063893048588e-14,0.003914016213094379,0.0029746597791578083,0.0,0,1,floor,0,0,1
ec,26,5,4.3021142204224816e-16,0.0,4.3021142204224816e-16,0.0,0.03846291177409108,0.27452794403311304,3.717451919881302e-15,4.6592609920298534e-14,3.717451919881302e-15,4.6592609920298534e-14,0.00016661092689508383,0.00012265312241131055,0.0,0,1,floor,0,0,1
ec,26,6,5.238864897449957e-16,0.0,5.238864897449957e-16,0.0,0.038462552041120535,0.27454288808629285,3.716659971109756e-15,4.664593914748091e-14,3.716659971109756e-15,4.664593914748091e-14,7.206166531003115e-06,4.91512492372712e-06,0.0,0,1,floor,0,0,1
ec,26,7,6.106226635438361e-16,0.0,6.106226635438361e-16,0.0,0.038462536472962744,0.27454352412493827,3.718610228803387e-15,4.660850583043839e-14,3.718610228803387e-15,4.660850583043839e-14,3.118460090525082e-07,0.0,0.0,0,1,floor,0,0,1
ec,26,8,6.973588373426765e-16,0.0,6.973588373426765e-16,0.0,0.038462535799183524,0.2745435511933739,3.718905555459616e-15,4.655944525320354e-14,3.718905555459616e-15,4.655944525320354e-14,1.3495841874324233e-08,0.0,0.0,0,1,floor,0,0,1
ec,26,9,7.840950111415168e-16,0.0,7.840950111415168e-16,0.0,0.038462535770021795,0.27454355235098427,3.71831029203495e-15,4.6686534586046534e-14,3.71831029203495e-15,4.6686534586046534e-14,5.840843434051727e-10,0.0,0.0,0,1,floor,0,0,1
ec,26,10,8.708311849403572e-16,0.0,8.708311849403572e-16,0.0,0.0384625357687597,0.2745435523881552,3.720349826025396e-15,4.645880985448912e-14,3.720349826025396e-15,4.645880985448912e-14,2.52777651022423e-11,0.0,0.0,0,1,floor,0,0,1
ec,27,0,0.0,0.0,0.0,0.0,0.0,0.0,3.722321836006839e-15,5.546644307943508e-14,3.722321836006839e-15,5.546644307943508e-14,0.0,0.0,0.0,0,1,floor,0,0,1
ec,27,1,8.326672684688674e-17,0.0,8.326672684688674e-17,0.0,0.011764436917839374,9.956626120759437e-06,3.864171640651702e-15,4.660195004255114e-14,3.864171640651702e-15,4.660195004255114e-14,0.23528873835678746,3.4755181639464542e-06,0.0,0,1,floor,0,0,1
ec,27,2,1.700029006457271e-16,0.0,1.700029006457271e-16,0.0,0.042166613128255793,0.06628564872231814,3.866607972813063e-15,4.655442341299263e-14,3.866607972813063e-15,4.655442341299263e-14,0.6080442228422145,0.023134300693751483,0.0,0,1,floor,0,0,1
ec,27,3,2.5673907444456745e-16,0.0,2.5673907444456745e-16,0.0,0.038704593174632144,0.2656547652198118,3.865033669206714e-15,4.6594084822628276e-14,3.865033669206714e-15,4.6594084822628276e-14,0.06943829471397155,0.06959295262413763,0.0,0,1,floor,0,0,1
ec,27,4,3.434752482434078e-16,0.0,3.434752482434078e-16,0.0,0.03851045297498576,0.27417653743236525,3.863336184718796e-15,4.6645097619513895e-14,3.863336184718796e-15,4.6645097619513895e-14,0.0038896659917811026,0.0029746597791578083,0.0,0,1,floor,0,0,1
ec,27,5,4.3021142204224816e-16,0.0,4.3021142204224816e-16,0.0,0.03850218645074577,0.27452794403311304,3.865748478896501e-15,4.6619791494582707e-14,3.865748478896501e-15,4.6619791494582707e-14,0.00016560636514798447,0.00012265312241131055,0.0,0,1,floor,0,0,1
ec,27,6,5.169475958410885e-16,0.0,5.169475958410885e-16,0.0,0.03850182885732523,0.27454288808629285,3.865092683620967e-15,4.661609484048651e-14,3.865092683620967e-15,4.661609484048651e-14,7.163431633265768e-06,4.91512492372712e-06,0.0,0,1,floor,0,0,1
ec,27,7,6.036837696399289e-16,0.0,6.036837696399289e-16,0.0,0.038501813380257065,0.27454352412493827,3.8638218904117414e-15,4.6669549075862075e-14,3.8638218904117414e-15,4.6669549075862075e-14,3.100265223900527e-07,0.0,0.0,0,1,floor,0,0,1
ec,27,8,6.904199434387692e-16,0.0,6.904199434387692e-16,0.0,0.038501812710355576,0.2745435511933739,3.863104877037167e-15,4.668423961103195e-14,3.863104877037167e-15,4.668423961103195e-14,1.3418381859924877e-08,0.0,0.0,0,1,floor,0,0,1
ec,27,9,7.806255641895632e-16,0.0,7.806255641895632e-16,0.0,0.03850181268135892,0.27454355235098427,3.864647767416963e-15,4.671695672704803e-14,3.864647767416963e-15,4.671695672704803e-14,5.807869185339003e-10,0.0,0.0,0,1,floor,0,0,1
ec,27,10,8.673617379884035e-16,0.0,8.673617379884035e-16,0.0,0.038501812680103845,0.2745435523881552,3.862696974584759e-15,4.6707417415233695e-14,3.862696974584759e-15,4.6707417415233695e-14,2.5137485639323012e-11,0.0,0.0,0,1,floor,0,0,1
ec,28,0,0.0,2.4148365394514667e-06,0.0,2.4148365394514667e-06,0.0,2.4148365394514667e-06,3.5042244434619334e-15,4.66134583599803e-14,3.5042244434619334e-15,4.66134583599803e-14,0.0,0.0,0.0,0,1,floor,0,0,1
ec,28,1,8.326672684688674e-17,2.4148365394514667e-06,8.326672684688674e-17,2.4148365394514667e-06,0.011764436844287877,1.0933637455190016e-05,3.504163313388985e-15,4.6492075116451935e-14,3.504163313388985e-15,4.6492075116451935e-14,0.23528873688575752,3.816559456248795e-06,0.0,0,1,floor,0,0,1
ec,28,2,1.700029006457271e-16,2.4148365394514667e-06,1.700029006457271e-16,2.4148365394514667e-06,0.04216761961115874,0.06628564888727007,3.5039116838483265e-15,4.6634108436392064e-14,3.5039116838483265e-15,4.6634108436392064e-14,0.6080643539405702,0.02313430075133991,0.0,0,1,floor,0,0,1
ec,28,3,2.5673907444456745e-16,2.4148365394514667e-06,2.5673907444456745e-16,2.4148365394514667e-06,0.03870865503555877,0.2656547652582265,3.5026525714252987e-15,4.667870540023855e-14,3.5026525714252987e-15,4.667870540023855e-14,0.06937734916523781,0.06959295264328139,0.0,0,1,floor,0,0,1
ec,28,4,3.434752482434078e-16,2.4148365394514667e-06,3.434752482434078e-16,2.4148365394514667e-06,0.038514644167201344,0.2741765374722446,3.5053153434232118e-15,4.655210217441145e-14,3.5053153434232118e-15,4.655210217441145e-14,0.0038870831604108876,0.0029746602270300467,0.0,0,1,floor,0,0,1
ec,28,5,4.3021142204224816e-16,2.4148365394514667e-06,4.3021142204224816e-16,2.4148365394514667e-06,0.03850638289304163,0.2745279440729414,3.501793633022367e-15,4.670204059285949e-14,3.501793633022367e-15,4.670204059285949e-14,0.00016550150710325273,0.00012266398400713653,0.0,0,1,floor,0,0,1
ec,28,6,5.238864897449957e-16,2.4148365394514667e-06,5.238864897449957e-16,2.4148365394514667e-06,0.03850602551994895,0.27454288812611904,3.510125679628547e-15,4.6161210063835065e-14,3.510125679628547e-15,4.6161210063835065e-14,7.159030883737482e-06,5.196212462831361e-06,0.0,0,1,floor,0,0,1
ec,28,7,6.106226635438361e-16,2.4148365394514667e-06,6.106226635438361e-16,2.4148365394514667e-06,0.038506010052131924,0.27454352416476435,3.49980081426363e-15,4.6847399062720404e-14,3.49980081426363e-15,4.6847399062720404e-14,3.0984173472918485e-07,0.0,0.0,0,1,floor,0,0,1
ec,28,8,6.973588373426765e-16,2.4148365394514667e-06,6.973588373426765e-16,2.4148365394514667e-06,0.03850600938261863,0.2745435512331999,3.502899591148976e-15,4.6653887348526595e-14,3.502899591148976e-15,4.6653887348526595e-14,1.3410627552141165e-08,0.0,0.0,0,1,floor,0,0,1
ec,28,9,7.840950111415168e-16,2.4148365394514667e-06,7.840950111415168e-16,2.4148365394514667e-06,0.038506009353638244,0.27454355239346534,3.4800576653118355e-15,4.8022375428742187e-14,3.4800576653118355e-15,4.8022375428742187e-14,5.804617559774174e-10,0.0,0.0,0,1,floor,0,0,1
ec,28,10,8.708311849403572e-16,2.4148365394514667e-06,8.708311849403572e-16,2.4148365394514667e-06,0.03850600935238385,0.2745435524279812,3.5021371952302798e-15,4.6675040098798145e-14,3.5021371952302798e-15,4.6675040098798145e-14,2.512387418617386e-11,0.0,0.0,0,1,floor,0,0,1
ec,29,0,0.0,1.2074182697257333e-06,0.0,1.2074182697257333e-06,0.0,1.2074182697257333e-06,3.71557983306622e-15,4.6607263100986897e-14,3.71557983306622e-15,4.6607263100986897e-14,0.0,0.0,0.0,0,1,floor,0,0,1
ec,29,1,8.326672684688674e-17,1.2074182697257333e-06,8.326672684688674e-17,1.2074182697257333e-06,0.0117644342680754,1.0731768324341125e-05,3.716408220831116e-15,4.665924351754926e-14,3.716408220831116e-15,4.665924351754926e-14,0.235288685361508,3.746093836419747e-06,0.0,0,1,floor,0,0,1
ec,29,2,1.734723475976807e-16,1.2074182697257333e-06,1.734723475976807e-16,1.2074182697257333e-06,0.042151299403704004,0.06628564885427966,3.716356729909088e-15,4.670075437456122e-14,3.716356729909088e-15,4.670075437456122e-14,0.6077380018131044,0.02313430073982222,0.0,0,1,floor,0,0,1
ec,29,3,2.6020852139652106e-16,1.2074182697257333e-06,2.6020852139652106e-16,1.2074182697257333e-06,0.03864324069403852,0.2656547652527387,3.718583359679301e-15,4.644102784962993e-14,3.718583359679301e-15,4.644102784962993e-14,0.07035666320862718,0.06959295263945262,0.0,0,1,floor,0,0,1
ec,29,4,3.469446951953614e-16,1.2074182697257333e-06,3.469446951953614e-16,1.2074182697257333e-06,0.038447131835522834,0.27417653746426873,3.716142233411359e-15,4.6614694909296593e-14,3.716142233411359e-15,4.6614694909296593e-14,0.0039289820451508875,0.0029746601374556043,0.0,0,1,floor,0,0,1
ec,29,5,4.3368086899420177e-16,1.2074182697257333e-06,4.3368086899420177e-16,1.2074182697257333e-06,0.03843878407368362,0.27452794406497577,3.78599164368619e-15,4.387701283903744e-14,3.78599164368619e-15,4.387701283903744e-14,0.0001672289177328213,0.00012266181176491411,0.0,0,1,floor,0,0,1
ec,29,6,5.204170427930421e-16,1.2074182697257333e-06,5.204170427930421e-16,1.2074182697257333e-06,0.038438423023485414,0.27454288811815375,3.717377019256333e-15,4.660877104737335e-14,3.717377019256333e-15,4.660877104737335e-14,7.232476892645211e-06,5.127385417844444e-06,0.0,0,1,floor,0,0,1
ec,29,7,6.071532165918825e-16,1.2074182697257333e-06,6.071532165918825e-16,1.2074182697257333e-06,0.03843840739920352,0.27454352415679906,3.7170566311480706e-15,4.667591041967596e-14,3.7170566311480706e-15,4.667591041967596e-14,3.1296708450500717e-07,0.0,0.0,0,1,floor,0,0,1
ec,29,8,6.973588373426765e-16,1.2074182697257333e-06,6.973588373426765e-16,1.2074182697257333e-06,0.03843840672303315,0.2745435512252347,3.720489239896719e-15,4.654229821773238e-14,3.720489239896719e-15,4.654229821773238e-14,1.3543607075903942e-08,0.0,0.0,0,1,floor,0,0,1
ec,29,9,7.875644580934704e-16,1.2074182697257333e-06,7.875644580934704e-16,1.2074182697257333e-06,0.03843840669376955,0.27454355238284506,3.718090510654381e-15,4.652836316086018e-14,3.718090510654381e-15,4.652836316086018e-14,5.861193701485618e-10,0.0,0.0,0,1,floor,0,0,1
ec,29,10,8.743006318923108e-16,1.2074182697257333e-06,8.743006318923108e-16,1.2074182697257333e-06,0.038438406692503126,0.27454355242001605,3.719242961478645e-15,4.6622443191038777e-14,3.719242961478645e-15,4.6622443191038777e-14,2.536427725231094e-11,0.0,0.0,0,1,floor,0,0,1
ec,30,0,0.0,0.0,0.0,0.0,0.0,0.0,3.9741673070740985e-15,4.559291872558718e-14,3.9741673070740985e-15,4.559291872558718e-14,0.0,0.0,0.0,0,1,floor,0,0,1
ec,30,1,1.6653345369377348e-16,0.0,1.6653345369377348e-16,0.0,0.011764433494380932,1.045654894575938e-05,3.975565715633397e-15,4.565723350546702e-14,3.975565715633397e-15,4.565723350546702e-14,0.23528866988761862,3.6500241499888623e-06,0.0,0,1,floor,0,0,1
ec,30,2,3.400058012914542e-16,0.0,3.400058012914542e-16,0.0,0.042146102776887545,0.0662856487992957,3.9771908635470145e-15,4.566935153365693e-14,3.9771908635470145e-15,4.566935153365693e-14,0.6076340849091896,0.023134300720626087,0.0,0,1,floor,0,0,1
ec,30,3,5.134781488891349e-16,0.0,5.134781488891349e-16,0.0,0.03862240612088103,0.26565476523627524,3.975760254659424e-15,4.5515258034608173e-14,3.975760254659424e-15,4.5515258034608173e-14,0.07066861908378544,0.06959295263307137,0.0,0,1,floor,0,0,1
ec,30,4,6.869504964868156e-16,0.0,6.869504964868156e-16,0.0,0.0384256292381603,0.27417653745097564,3.974172574478271e-15,4.5631852261557e-14,3.974172574478271e-15,4.5631852261557e-14,0.003942323419862937,0.0029746599881648613,0.0,0,1,floor,0,0,1
ec,30,5,8.604228440844963e-16,0.0,8.604228440844963e-16,0.0,0.03841725395399053,0.2745279440516996,3.9763884930104764e-15,4.562206783729901e-14,3.9763884930104764e-15,4.562206783729901e-14,0.00016777862956800148,0.00012265819127572165,0.0,0,1,floor,0,0,1
ec,30,6,1.033895191682177e-15,0.0,1.033895191682177e-15,0.0,0.038416891734232884,0.2745428881048784,3.973783313917796e-15,4.571009356097959e-14,3.973783313917796e-15,4.571009356097959e-14,7.255837952595938e-06,5.057621821307297e-06,0.0,0,1,floor,0,0,1
ec,30,7,1.2073675392798577e-15,0.0,1.2073675392798577e-15,0.0,0.03841687606020981,0.2745435241435238,3.9752928807176325e-15,4.5618263469759584e-14,3.9752928807176325e-15,4.5618263469759584e-14,3.1396067089721137e-07,0.0,0.0,0,1,floor,0,0,1
ec,30,8,1.3808398868775384e-15,0.0,1.3808398868775384e-15,0.0,0.03841687538192419,0.2745435512119594,3.9912037861469856e-15,4.522402609567968e-14,3.9912037861469856e-15,4.522402609567968e-14,1.3585861387855778e-08,0.0,0.0,0,1,floor,0,0,1
ec,30,9,1.5543122344752192e-15,0.0,1.5543122344752192e-15,0.0,0.03841687535257067,0.2745435523722248,3.975876462668882e-15,4.563931294522951e-14,3.975876462668882e-15,4.563931294522951e-14,5.879158270435867e-10,0.0,0.0,0,1,floor,0,0,1
ec,30,10,1.7277845820728999e-15,0.0,1.7277845820728999e-15,0.0,0.038416875351300415,0.27454355240674067,3.974441774141532e-15,4.572379655289932e-14,3.974441774141532e-15,4.572379655289932e-14,2.5440832188955023e-11,0.0,0.0,0,1,floor,0,0,1
ec,31,0,0.0,0.0,0.0,0.0,0.0,0.0,2.686802246771677e-15,3.6206173983576956e-14,2.686802246771677e-15,3.6206173983576956e-14,0.0,0.0,0.0,0,1,floor,0,0,1
ec,31,1,8.326672684688674e-17,0.0,8.326672684688674e-17,0.0,0.01176443797446999,9.88314448090898e-06,2.683530173324001e-15,3.631418186961871e-14,2.683530173324001e-15,3.631418186961871e-14,0.23528875948939978,3.449868232843351e-06,0.0,0,1,floor,0,0,1
ec,31,2,1.700029006457271e-16,0.0,1.700029006457271e-16,0.0,0.04217446266156312,0.06628564872231814,2.6865585833468204e-15,3.6222041802515224e-14,2.6865585833468204e-15,3.6222041802515224e-14,0.6082011921366731,0.023134300689912263,0.0,0,1,floor,0,0,1
ec,31,3,2.5673907444456745e-16,0.0,2.5673907444456745e-16,0.0,0.038736077264574564,0.2656547652170679,2.6874291147618746e-15,3.61553181889452e-14,2.6874291147618746e-15,3.61553181889452e-14,0.06896686427784317,0.06959295262413763,0.0,0,1,floor,0,0,1
ec,31,4,3.434752482434078e-16,0.0,3.434752482434078e-16,0.0,0.03854294609363274,0.27417653743236525,2.6869828003194437e-15,3.616436070391473e-14,2.6869828003194437e-15,3.616436070391473e-14,0.0038695151709044976,0.0029746597791578083,0.0,0,1,floor,0,0,1
ec,31,5,4.3021142204224816e-16,0.0,4.3021142204224816e-16,0.0,0.03853472110169616,0.2745279440304579,2.7374638669471795e-15,3.3378700990009e-14,2.7374638669471795e-15,3.3378700990009e-14,0.00016477686113604954,0.00012265312241131055,0.0,0,1,floor,0,0,1
ec,31,6,5.169475958410885e-16,0.0,5.169475958410885e-16,0.0,0.03853436527179671,0.2745428880836378,2.6870118029171752e-15,3.617892882054339e-14,2.6870118029171752e-15,3.617892882054339e-14,7.128207982651887e-06,4.91512492372712e-06,0.0,0,1,floor,0,0,1
ec,31,7,6.036837696399289e-16,0.0,6.036837696399289e-16,0.0,0.03853434986967092,0.27454352412493827,2.6854124222699437e-15,3.621677762124765e-14,2.6854124222699437e-15,3.621677762124765e-14,3.085295932094612e-07,0.0,0.0,0,1,floor,0,0,1
ec,31,8,6.904199434387692e-16,0.0,6.904199434387692e-16,0.0,0.03853434920295376,0.2745435511907188,2.6875858506259015e-15,3.615989752987287e-14,2.6875858506259015e-15,3.615989752987287e-14,1.3354773973663738e-08,0.0,0.0,0,1,floor,0,0,1
ec,31,9,7.771561172376096e-16,0.0,7.771561172376096e-16,0.0,0.038534349174092375,0.27454355235098427,2.6879605622262506e-15,3.6133273210038215e-14,2.6879605622262506e-15,3.6133273210038215e-14,5.780846307438536e-10,0.0,0.0,0,1,floor,0,0,1
ec,31,10,8.638922910364499e-16,0.0,8.638922910364499e-16,0.0,0.03853434917284305,0.2745435523855001,2.688224336972077e-15,3.6185407272948986e-14,2.688224336972077e-15,3.6185407272948986e-14,2.5022717807699798e-11,0.0,0.0,0,1,floor,0,0,1
ec,32,0,0.0,1.2074182697257333e-06,0.0,1.2074182697257333e-06,0.0,1.2074182697257333e-06,3.717949257011824e-15,4.66005859579658e-14,3.717949257011824e-15,4.66005859579658e-14,0.0,0.0,0.0,0,1,floor,0,0,1
ec,32,1,8.326672684688674e-17,1.2074182697257333e-06,8.326672684688674e-17,1.2074182697257333e-06,0.011764433494825909,1.0731768324341125e-05,3.716508156377628e-15,4.659749107708659e-14,3.716508156377628e-15,4.659749107708659e-14,0.23528866989651817,3.746093836419747e-06,0.0,0,1,floor,0,0,1
ec,32,2,1.700029006457271e-16,1.2074182697257333e-06,1.700029006457271e-16,1.2074182697257333e-06,0.04214698358499227,0.06628564885427966,3.715997735543758e-15,4.6522911865345735e-14,3.715997735543758e-15,4.6522911865345735e-14,0.6076517010354666,0.02313430073982222,0.0,0,1,floor,0,0,1
ec,32,3,2.5673907444456745e-16,1.2074182697257333e-06,2.5673907444456745e-16,1.2074182697257333e-06,0.0386259530731815,0.2656547652527387,3.721390916887058e-15,4.654262911570635e-14,3.721390916887058e-15,4.654262911570635e-14,0.07061543261198136,0.06959295263945262,0.0,0,1,floor,0,0,1
ec,32,4,3.434752482434078e-16,1.2074182697257333e-06,3.434752482434078e-16,1.2074182697257333e-06,0.038429289387717065,0.27417653746426873,3.716982125486011e-15,4.661197309536589e-14,3.716982125486011e-15,4.661197309536589e-14,0.003940062702588183,0.0029746601374556043,0.0,0,1,floor,0,0,1
ec,32,5,4.3021142204224816e-16,1.2074182697257333e-06,4.3021142204224816e-16,1.2074182697257333e-06,0.038420918721412095,0.27452794406497577,3.718412232831495e-15,4.657932301041402e-14,3.718412232831495e-15,4.657932301041402e-14,0.00016768639511483178,0.00012266181176491411,0.0,0,1,floor,0,0,1
ec,32,6,5.169475958410885e-16,1.2074182697257333e-06,5.169475958410885e-16,1.2074182697257333e-06,0.03842055669626747,0.27454288811815375,3.714872395948961e-15,4.673291228174186e-14,3.714872395948961e-15,4.673291228174186e-14,7.2519506854328295e-06,5.127385417844444e-06,0.0,0,1,floor,0,0,1
ec,32,7,6.036837696399289e-16,1.2074182697257333e-06,6.036837696399289e-16,1.2074182697257333e-06,0.038420541030451436,0.27454352415679906,3.815378830955248e-15,5.0041930809704005e-14,3.815378830955248e-15,5.0041930809704005e-14,3.137967334347112e-07,0.0,0.0,0,1,floor,0,0,1
ec,32,8,6.904199434387692e-16,1.2074182697257333e-06,6.904199434387692e-16,1.2074182697257333e-06,0.03842054035251177,0.27454355122788976,3.830347474890449e-15,5.011801248382186e-14,3.830347474890449e-15,5.011801248382186e-14,1.3578950201682063e-08,0.0,0.0,0,1,floor,0,0,1
ec,32,9,7.771561172376096e-16,1.2074182697257333e-06,7.771561172376096e-16,1.2074182697257333e-06,0.038420540323172825,0.27454355238284506,3.832257400969059e-15,5.0133951103745665e-14,3.832257400969059e-15,5.0133951103745665e-14,5.876246852084898e-10,0.0,0.0,0,1,floor,0,0,1
ec,32,10,8.638922910364499e-16,1.2074182697257333e-06,8.638922910364499e-16,1.2074182697257333e-06,0.03842054032190318,0.27454355242001605,3.832632930685987e-15,5.0069719783421345e-14,3.832632930685987e-15,5.0069719783421345e-14,2.5428582839857005e-11,0.0,0.0,0,1,floor,0,0,1
ec,33,0,0.0,1.7075472925031877e-06,0.0,1.7075472925031877e-06,0.0,1.7075472925031877e-06,3.803232058387867e-15,4.566842600168276e-14,3.803232058387867e-15,4.566842600168276e-14,0.0,0.0,0.0,0,1,floor,0,0,1
ec,33,1,1.6653345369377348e-16,1.7075472925031877e-06,1.6653345369377348e-16,1.7075472925031877e-06,0.011764434132556841,1.0799477313527681e-05,3.80270876931206e-15,4.553467366236489e-14,3.80270876931206e-15,4.553467366236489e-14,0.2352886826511368,3.7697287323097995e-06,0.0,0,1,floor,0,0,1
ec,33,2,3.400058012914542e-16,1.7075472925031877e-06,3.400058012914542e-16,1.7075472925031877e-06,0.04215102411235188,0.06628564886527646,3.805472238437592e-15,4.5555650671896225e-14,3.805472238437592e-15,4.5555650671896225e-14,0.6077324987047977,0.023134300743661452,0.0,0,1,floor,0,0,1
ec,33,3,5.134781488891349e-16,1.7075472925031877e-06,5.134781488891349e-16,1.7075472925031877e-06,0.03864214824642807,0.2656547652527387,3.803520906976447e-15,4.555263242958995e-14,3.803520906976447e-15,4.555263242958995e-14,0.07037296419664943,0.06959295264072887,0.0,0,1,floor,0,0,1
ec,33,4,6.869504964868156e-16,1.7075472925031877e-06,6.869504964868156e-16,1.7075472925031877e-06,0.03844600397744032,0.27417653746426873,3.799903731194408e-15,4.5781922977601944e-14,3.799903731194408e-15,4.5781922977601944e-14,0.0039296892377586054,0.0029746601374556043,0.0,0,1,floor,0,0,1
ec,33,5,8.604228440844963e-16,1.7075472925031877e-06,8.604228440844963e-16,1.7075472925031877e-06,0.03843765472356379,0.274527944067631,3.806053924804267e-15,4.5515908297954496e-14,3.806053924804267e-15,4.5515908297954496e-14,0.00016725871845312492,0.00012266253584992918,0.0,0,1,floor,0,0,1
ec,33,6,1.033895191682177e-15,1.7075472925031877e-06,1.033895191682177e-15,1.7075472925031877e-06,0.038437293608787795,0.27454288812080885,3.802469604577628e-15,4.5624701296592337e-14,3.802469604577628e-15,4.5624701296592337e-14,7.233766775477663e-06,5.161913655903585e-06,0.0,0,1,floor,0,0,1
ec,33,7,1.2073675392798577e-15,1.7075472925031877e-06,1.2073675392798577e-15,1.7075472925031877e-06,0.038437277981708894,0.2745435241594542,3.804263257623376e-15,4.559229946105844e-14,3.804263257623376e-15,4.559229946105844e-14,3.1302295474246117e-07,0.0,0.0,0,1,floor,0,0,1
ec,33,8,1.3808398868775384e-15,1.7075472925031877e-06,1.3808398868775384e-15,1.7075472925031877e-06,0.03843727730541737,0.27454355122788976,3.80286928881066e-15,4.5587441577667005e-14,3.80286928881066e-15,4.5587441577667005e-14,1.3546027147518062e-08,0.0,0.0,0,1,floor,0,0,1
ec,33,9,1.5543122344752192e-15,1.7075472925031877e-06,1.5543122344752192e-15,1.7075472925031877e-06,0.03843727727614854,0.2745435523855001,3.807719911795455e-15,4.543227828437931e-14,3.807719911795455e-15,4.543227828437931e-14,5.862239779874443e-10,0.0,0.0,0,1,floor,0,0,1
ec,33,10,1.7277845820728999e-15,1.7075472925031877e-06,1.7277845820728999e-15,1.7075472925031877e-06,0.03843727727488187,0.27454355242001605,3.803810899303117e-15,4.549372143597024e-14,3.803810899303117e-15,4.549372143597024e-14,2.5369317688172767e-11,0.0,0.0,0,1,floor,0,0,1
ec,34,0,0.0,0.0,0.0,0.0,0.0,0.0,3.802918545708257e-15,4.568505933719521e-14,3.802918545708257e-15,4.568505933719521e-14,0.0,0.0,0.0,0,1,floor,0,0,1
ec,34,1,1.6653345369377348e-16,0.0,1.6653345369377348e-16,0.0,0.011764437723718936,1.059505231752994e-05,3.8029853222862624e-15,4.571265142196836e-14,3.8029853222862624e-15,4.571265142196836e-14,0.23528875447437872,3.6983709472390634e-06,0.0,0,1,floor,0,0,1
ec,34,2,3.400058012914542e-16,0.0,3.400058012914542e-16,0.0,0.0421736391252632,0.0662856488212893,3.802932819405717e-15,4.576387980520295e-14,3.802932819405717e-15,4.576387980520295e-14,0.6081847264507246,0.023134300728304538,0.0,0,1,floor,0,0,1
ec,34,3,5.134781488891349e-16,0.0,5.134781488891349e-16,0.0,0.03873279077045183,0.26565476524176307,3.805143103113592e-15,4.559248149874763e-14,3.805143103113592e-15,4.559248149874763e-14,0.06901599125015896,0.06959295263562387,0.0,0,1,floor,0,0,1
ec,34,4,6.869504964868156e-16,0.0,6.869504964868156e-16,0.0,0.03853955370455114,0.2741765374562929,3.901319070994468e-15,4.019334784159098e-14,3.901319070994468e-15,4.019334784159098e-14,0.0038716299315415966,0.002974660047881159,0.0,0,1,floor,0,0,1
ec,34,5,8.604228440844963e-16,0.0,8.604228440844963e-16,0.0,0.03853132430486262,0.2745279440570101,3.804803064760154e-15,4.561362375885321e-14,3.804803064760154e-15,4.561362375885321e-14,0.00016486489430112594,0.00012265963948422236,0.0,0,1,floor,0,0,1
ec,34,6,1.033895191682177e-15,0.0,1.033895191682177e-15,0.0,0.03853096828606497,0.27454288811018857,3.801084435426852e-15,4.585440929877943e-14,3.801084435426852e-15,4.585440929877943e-14,7.131980907476932e-06,5.0926230819925985e-06,0.0,0,1,floor,0,0,1
ec,34,7,1.2073675392798577e-15,0.0,1.2073675392798577e-15,0.0,0.03853095287583691,0.27454352414883393,3.801036308206648e-15,4.5793518726822515e-14,3.801036308206648e-15,4.5793518726822515e-14,3.0869142999528853e-07,0.0,0.0,0,1,floor,0,0,1
ec,34,8,1.3808398868775384e-15,0.0,1.3808398868775384e-15,0.0,0.038530952208772215,0.27454355121726953,3.802698994192248e-15,4.563346108065395e-14,3.802698994192248e-15,4.563346108065395e-14,1.3361716092055683e-08,0.0,0.0,0,1,floor,0,0,1
ec,34,9,1.5543122344752192e-15,0.0,1.5543122344752192e-15,0.0,0.03853095217989591,0.2745435523775349,3.8023706633153546e-15,4.5672581594302813e-14,3.8023706633153546e-15,4.5672581594302813e-14,5.783827187022857e-10,0.0,0.0,0,1,floor,0,0,1
ec,34,10,1.7277845820728999e-15,0.0,1.7277845820728999e-15,0.0,0.038530952178645946,0.2745435524120508,3.8034969647196666e-15,4.5615693973117146e-14,3.8034969647196666e-15,4.5615693973117146e-14,2.5035597167901356e-11,0.0,0.0,0,1,floor,0,0,1
ec,35,0,0.0,0.0,0.0,0.0,0.0,0.0,3.97562524686862e-15,4.557042604319956e-14,3.97562524686862e-15,4.557042604319956e-14,0.0,0.0,0.0,0,1,floor,0,0,1
ec,35,1,1.6653345369377348e-16,0.0,1.6653345369377348e-16,0.0,0.011764437375799509,1.0173887179578492e-05,3.974413387984335e-15,4.555571098825722e-14,3.974413387984335e-15,4.555571098825722e-14,0.23528874751599016,3.5513565802016854e-06,0.0,0,1,floor,0,0,1
ec,35,2,3.400058012914542e-16,0.0,3.400058012914542e-16,0.0,0.042169895690001444,0.06628564876630533,3.97375492998707e-15,4.5535925019635034e-14,3.97375492998707e-15,4.5535925019635034e-14,0.6081098648179342,0.023134300705269166,0.0,0,1,floor,0,0,1
ec,35,3,5.134781488891349e-16,0.0,5.134781488891349e-16,0.0,0.03871775744983821,0.2656547652307874,3.974205638611973e-15,4.5595712473551925e-14,3.974205638611973e-15,4.5595712473551925e-14,0.06924118543270306,0.06959295262924262,0.0,0,1,floor,0,0,1
ec,35,4,6.869504964868156e-16,0.0,6.869504964868156e-16,0.0,0.03852403921516662,0.2741765374429998,3.974715315612068e-15,4.5580819220137275e-14,3.974715315612068e-15,4.5580819220137275e-14,0.00388123909511936,0.0029746598985904114,0.0,0,1,floor,0,0,1
ec,35,5,8.604228440844963e-16,0.0,8.604228440844963e-16,0.0,0.03851579006493177,0.274527944043734,3.9746881955844255e-15,4.5595048248200863e-14,3.9746881955844255e-15,4.5595048248200863e-14,0.00016525936132221126,0.00012265601893090978,0.0,0,1,floor,0,0,1
ec,35,6,1.033895191682177e-15,0.0,1.033895191682177e-15,0.0,0.03851543320943637,0.2745428880995682,3.9715090302245405e-15,4.558686337585358e-14,3.9715090302245405e-15,4.558686337585358e-14,7.148692642166363e-06,4.986882367933259e-06,0.0,0,1,floor,0,0,1
ec,35,7,1.2073675392798577e-15,0.0,1.2073675392798577e-15,0.0,0.038515417763735606,0.27454352413555855,3.9715533908988106e-15,4.573288624832098e-14,3.9715533908988106e-15,4.573288624832098e-14,3.0939997505136595e-07,0.0,0.0,0,1,floor,0,0,1
ec,35,8,1.3808398868775384e-15,0.0,1.3808398868775384e-15,0.0,0.0385154170951673,0.27454355120399415,3.973166485909749e-15,4.558896158366415e-14,3.973166485909749e-15,4.558896158366415e-14,1.3391751054172886e-08,0.0,0.0,0,1,floor,0,0,1
ec,35,9,1.5543122344752192e-15,0.0,1.5543122344752192e-15,0.0,0.03851541706622729,0.27454355236160444,3.972324602098312e-15,4.5669549620018035e-14,3.972324602098312e-15,4.5669549620018035e-14,5.796554310396331e-10,0.0,0.0,0,1,floor,0,0,1
ec,35,10,1.7277845820728999e-15,0.0,1.7277845820728999e-15,0.0,0.03851541706497462,0.2745435523961204,3.978973296398623e-15,4.5145005347013897e-14,3.978973296398623e-15,4.5145005347013897e-14,2.5089590847269695e-11,0.0,0.0,0,1,floor,0,0,1
ec,36,0,0.0,0.0,0.0,0.0,0.0,0.0,3.974300146438907e-15,4.566896743815548e-14,3.974300146438907e-15,4.566896743815548e-14,0.0,0.0,0.0,0,1,floor,0,0,1
ec,36,1,1.6653345369377348e-16,0.0,1.6653345369377348e-16,0.0,0.01176443801449076,1.045654894575938e-05,3.976400838188159e-15,4.5672169460254745e-14,3.976400838188159e-15,4.5672169460254745e-14,0.23528876028981519,3.6500241499888623e-06,0.0,0,1,floor,0,0,1
ec,36,2,3.400058012914542e-16,0.0,3.400058012914542e-16,0.0,0.04217501517762749,0.0662856487992957,3.974622093601426e-15,4.557514607229367e-14,3.974622093601426e-15,4.557514607229367e-14,0.6082122416407111,0.023134300720626087,0.0,0,1,floor,0,0,1
ec,36,3,5.134781488891349e-16,0.0,5.134781488891349e-16,0.0,0.038738297472694534,0.26565476523627524,3.975810875621221e-15,4.564955291569552e-14,3.975810875621221e-15,4.564955291569552e-14,0.06893360005453446,0.06959295263307137,0.0,0,1,floor,0,0,1
ec,36,4,6.869504964868156e-16,0.0,6.869504964868156e-16,0.0,0.038545237317718924,0.27417653745097564,3.976103779595681e-15,4.5688374579753034e-14,3.976103779595681e-15,4.5688374579753034e-14,0.0038680969578066674,0.0029746599881648613,0.0,0,1,floor,0,0,1
ec,36,5,8.604228440844963e-16,0.0,8.604228440844963e-16,0.0,0.03853701523680385,0.2745279440516996,3.973043675773503e-15,4.5576790163671817e-14,3.973043675773503e-15,4.5576790163671817e-14,0.00016471872119020053,0.00012265819127572165,0.0,0,1,floor,0,0,1
ec,36,6,1.033895191682177e-15,0.0,1.033895191682177e-15,0.0,0.038536659530083554,0.2745428881048784,3.977569060534609e-15,4.561181737437901e-14,3.977569060534609e-15,4.561181737437901e-14,7.125747683510187e-06,5.057621821307297e-06,0.0,0,1,floor,0,0,1
ec,36,7,1.2073675392798577e-15,0.0,1.2073675392798577e-15,0.0,0.038536644133173995,0.2745435241435238,3.977736568000415e-15,4.558054524625541e-14,3.977736568000415e-15,4.558054524625541e-14,3.0842540280475156e-07,0.0,0.0,0,1,floor,0,0,1
ec,36,8,1.3808398868775384e-15,0.0,1.3808398868775384e-15,0.0,0.038536643466677664,0.2745435512119594,3.97415609876547e-15,4.562512334815082e-14,3.97415609876547e-15,4.562512334815082e-14,1.3350363051810261e-08,0.0,0.0,0,1,floor,0,0,1
ec,36,9,1.5543122344752192e-15,0.0,1.5543122344752192e-15,0.0,0.03853664343782562,0.2745435523722248,3.9755627383848394e-15,4.571322138516317e-14,3.9755627383848394e-15,4.571322138516317e-14,5.778981564469819e-10,0.0,0.0,0,1,floor,0,0,1
ec,36,10,1.7277845820728999e-15,0.0,1.7277845820728999e-15,0.0,0.038536643436576694,0.27454355240674067,3.980157037866489e-15,4.542669653871933e-14,3.980157037866489e-15,4.542669653871933e-14,2.5014776191176378e-11,0.0,0.0,0,1,floor,0,0,1
ec,37,0,0.0,0.0,0.0,0.0,0.0,0.0,3.721452805442053e-15,4.662869784634446e-14,3.721452805442053e-15,4.662869784634446e-14,0.0,0.0,0.0,0,1,floor,0,0,1
ec,37,1,8.326672684688674e-17,0.0,8.326672684688674e-17,0.0,0.011764437150949634,1.059505231752994e-05,3.721970767640453e-15,4.660273121363466e-14,3.721970767640453e-15,4.660273121363466e-14,0.23528874301899266,3.6983709472390634e-06,0.0,0,1,floor,0,0,1
ec,37,2,1.700029006457271e-16,0.0,1.700029006457271e-16,0.0,0.042170210939934206,0.0662856488212893,3.7198830766834255e-15,4.668750783918732e-14,3.7198830766834255e-15,4.668750783918732e-14,0.6081161743038952,0.023134300728304538,0.0,0,1,floor,0,0,1
ec,37,3,2.5673907444456745e-16,0.0,2.5673907444456745e-16,0.0,0.0387190537505418,0.26565476524176307,3.722147543860381e-15,4.668951151122133e-14,3.722147543860381e-15,4.668951151122133e-14,0.06922161671621824,0.06959295263562387,0.0,0,1,floor,0,0,1
ec,37,4,3.434752482434078e-16,0.0,3.434752482434078e-16,0.0,0.03852537597822128,0.2741765374562929,3.7226055564206525e-15,4.663244248850967e-14,3.7226055564206525e-15,4.663244248850967e-14,0.003880431039156956,0.002974660047881159,0.0,0,1,floor,0,0,1
ec,37,5,4.3021142204224816e-16,0.0,4.3021142204224816e-16,0.0,0.03851712839973964,0.2745279440570101,3.7236561336038205e-15,4.662006889038781e-14,3.7236561336038205e-15,4.662006889038781e-14,0.00016522796927833806,0.00012265963948422236,0.0,0,1,floor,0,0,1
ec,37,6,5.169475958410885e-16,0.0,5.169475958410885e-16,0.0,0.03851677160766107,0.27454288811018857,3.722204011565003e-15,4.663626373287537e-14,3.722204011565003e-15,4.663626373287537e-14,7.147425974796693e-06,5.0926230819925985e-06,0.0,0,1,floor,0,0,1
ec,37,7,6.036837696399289e-16,0.0,6.036837696399289e-16,0.0,0.03851675616451219,0.27454352414883393,3.7219490813881805e-15,4.6626384939247424e-14,3.7219490813881805e-15,4.6626384939247424e-14,3.093490019085701e-07,0.0,0.0,0,1,floor,0,0,1
ec,37,8,6.904199434387692e-16,0.0,6.904199434387692e-16,0.0,0.03851675549604608,0.27454355121726953,3.719420854867356e-15,4.68063007392815e-14,3.719420854867356e-15,4.68063007392815e-14,1.3389709684958245e-08,0.0,0.0,0,1,floor,0,0,1
ec,37,9,7.771561172376096e-16,0.0,7.771561172376096e-16,0.0,0.03851675546711014,0.2745435523775349,3.719941150360886e-15,4.666471514454708e-14,3.719941150360886e-15,4.666471514454708e-14,5.795738884663688e-10,0.0,0.0,0,1,floor,0,0,1
ec,37,10,8.638922910364499e-16,0.0,8.638922910364499e-16,0.0,0.03851675546585764,0.2745435524120508,3.722987763348764e-15,4.655822398730101e-14,3.722987763348764e-15,4.655822398730101e-14,2.5086189348986736e-11,0.0,0.0,0,1,floor,0,0,1
ec,38,0,0.0,0.0,0.0,0.0,0.0,0.0,4.2180347984257046e-15,4.666345380512191e-14,4.2180347984257046e-15,4.666345380512191e-14,0.0,0.0,0.0,0,1,floor,0,0,1
ec,38,1,8.326672684688674e-17,0.0,8.326672684688674e-17,0.0,0.011764436754210615,1.0173887179578492e-05,4.2155791177329864e-15,4.6654412543712265e-14,4.2155791177329864e-15,4.6654412543712265e-14,0.2352887350842123,3.5513565802016854e-06,0.0,0,1,floor,0,0,1
ec,38,2,1.700029006457271e-16,0.0,1.700029006457271e-16,0.0,0.042166363909939074,0.06628564875530854,4.254956252689223e-15,4.754920326507039e-14,4.254956252689223e-15,4.754920326507039e-14,0.6080392417560045,0.023134300705269166,0.0,0,1,floor,0,0,1
ec,38,3,2.5673907444456745e-16,0.0,2.5673907444456745e-16,0.0,0.038703609072322474,0.2656547652252996,4.220762125212329e-15,4.674213161622892e-14,4.220762125212329e-15,4.674213161622892e-14,0.06945295347835968,0.06959295262796637,0.0,0,1,floor,0,0,1
ec,38,4,3.434752482434078e-16,0.0,3.434752482434078e-16,0.0,0.03850943680646744,0.27417653744034115,4.218962954968573e-15,4.659391646764133e-14,4.218962954968573e-15,4.659391646764133e-14,0.0038903063751558947,0.002974659868732262,0.0,0,1,floor,0,0,1
ec,38,5,4.3021142204224816e-16,0.0,4.3021142204224816e-16,0.0,0.038501168916757006,0.2745279440410788,4.219678295829818e-15,4.6659250300394215e-14,4.219678295829818e-15,4.6659250300394215e-14,0.00016563363713262172,0.0001226552948074226,0.0,0,1,floor,0,0,1
ec,38,6,5.169475958410885e-16,0.0,5.169475958410885e-16,0.0,0.038500811263739866,0.2745428880942581,4.221212553166814e-15,4.663066582151929e-14,4.221212553166814e-15,4.663066582151929e-14,7.1646219877320205e-06,4.986882367933259e-06,0.0,0,1,floor,0,0,1
ec,38,7,6.036837696399289e-16,0.0,6.036837696399289e-16,0.0,0.03850079578406947,0.2745435241329035,4.217979570376606e-15,4.658965779886926e-14,4.217979570376606e-15,4.658965779886926e-14,3.1007850029475814e-07,0.0,0.0,0,1,floor,0,0,1
ec,38,8,6.904199434387692e-16,0.0,6.904199434387692e-16,0.0,0.038500795114054374,0.27454355120133905,4.219936415016923e-15,4.6721628378618265e-14,4.219936415016923e-15,4.6721628378618265e-14,1.3420651296893859e-08,0.0,0.0,0,1,floor,0,0,1
ec,38,9,7.771561172376096e-16,0.0,7.771561172376096e-16,0.0,0.03850079508505275,0.27454355236160444,4.219343204138268e-15,4.667808343625438e-14,4.219343204138268e-15,4.667808343625438e-14,5.808861561894824e-10,0.0,0.0,0,1,floor,0,0,1
ec,38,10,8.638922910364499e-16,0.0,8.638922910364499e-16,0.0,0.03850079508379745,0.2745435523961204,4.2180550387642295e-15,4.665885896156926e-14,4.2180550387642295e-15,4.665885896156926e-14,2.5141922102617246e-11,0.0,0.0,0,1,floor,0,0,1
ec,39,0,0.0,1.7075472925031877e-06,0.0,1.7075472925031877e-06,0.0,1.7075472925031877e-06,4.694418005438018e-15,5.727078561886832e-14,4.694418005438018e-15,5.727078561886832e-14,0.0,0.0,0.0,0,1,floor,0,0,1
ec,39,1,1.6653345369377348e-16,1.7075472925031877e-06,1.6653345369377348e-16,1.7075472925031877e-06,0.01176443385868539,1.0799477313527681e-05,4.692451855018656e-15,5.734154863983323e-14,4.692451855018656e-15,5.734154863983323e-14,0.23528867717370777,3.7697287323097995e-06,0.0,0,1,floor,0,0,1
ec,39,2,3.400058012914542e-16,1.7075472925031877e-06,3.400058012914542e-16,1.7075472925031877e-06,0.04215026748225337,0.06628564886527646,4.6927164130173134e-15,5.733395339449859e-14,4.6927164130173134e-15,5.733395339449859e-14,0.60771737160328,0.023134300743661452,0.0,0,1,floor,0,0,1
ec,39,3,5.134781488891349e-16,1.7075472925031877e-06,5.134781488891349e-16,1.7075472925031877e-06,0.038639133938154116,0.2656547652527387,4.691666052733291e-15,5.736286697013451e-14,4.691666052733291e-15,5.736286697013451e-14,0.07041800143945541,0.06959295264072887,0.0,0,1,floor,0,0,1
ec,39,4,6.869504964868156e-16,1.7075472925031877e-06,6.869504964868156e-16,1.7075472925031877e-06,0.03844289236736058,0.27417653746692733,4.689854418961955e-15,5.796371092839393e-14,4.689854418961955e-15,5.796371092839393e-14,0.003931632482243819,0.002974660167313752,0.0,0,1,floor,0,0,1
ec,39,5,8.604228440844963e-16,1.7075472925031877e-06,8.604228440844963e-16,1.7075472925031877e-06,0.03843453904816931,0.274527944067631,4.691723888966058e-15,5.741337340966494e-14,4.691723888966058e-15,5.741337340966494e-14,0.00016733991582820377,0.00012266253584992918,0.0,0,1,floor,0,0,1
ec,39,6,1.033895191682177e-15,1.7075472925031877e-06,1.033895191682177e-15,1.7075472925031877e-06,0.038434177758636175,0.27454288812080885,4.691515428950588e-15,5.734658208242454e-14,4.691515428950588e-15,5.734658208242454e-14,7.237257398046507e-06,5.161913655903585e-06,0.0,0,1,floor,0,0,1
ec,39,7,1.2073675392798577e-15,1.7075472925031877e-06,1.2073675392798577e-15,1.7075472925031877e-06,0.03843416212403875,0.2745435241594542,4.691553628019053e-15,5.73678938388185e-14,4.691553628019053e-15,5.73678938388185e-14,3.131731373191812e-07,0.0,0.0,0,1,floor,0,0,1
ec,39,8,1.3808398868775384e-15,1.7075472925031877e-06,1.3808398868775384e-15,1.7075472925031877e-06,0.03843416144742376,0.27454355122788976,4.6928393030293175e-15,5.727519749991045e-14,4.6928393030293175e-15,5.727519749991045e-14,1.3552488767080999e-08,0.0,0.0,0,1,floor,0,0,1
ec,39,9,1.5543122344752192e-15,1.7075472925031877e-06,1.5543122344752192e-15,1.7075472925031877e-06,0.03843416141814101,0.2745435523881552,4.6940971653310344e-15,5.727204904023946e-14,4.6940971653310344e-15,5.727204904023946e-14,5.865020613503039e-10,0.0,0.0,0,1,floor,0,0,1
ec,39,10,1.7277845820728999e-15,1.7075472925031877e-06,1.7277845820728999e-15,1.7075472925031877e-06,0.038434161416873745,0.2745435524226711,4.6935158083832956e-15,5.73377935874481e-14,4.6935158083832956e-15,5.73377935874481e-14,2.5381240691372535e-11,0.0,0.0,0,1,floor,0,0,1
ec,40,0,0.0,0.0,0.0,0.0,0.0,0.0,3.2294621917432314e-15,3.6059548483512084e-14,3.2294621917432314e-15,3.6059548483512084e-14,0.0,0.0,0.0,0,1,floor,0,0,1
ec,40,1,8.326672684688674e-17,0.0,8.326672684688674e-17,0.0,0.011764438498217409,1.059505231752994e-05,3.2280398001527743e-15,3.607828191865207e-14,3.2280398001527743e-15,3.607828191865207e-14,0.23528876996434817,3.6983709472390634e-06,0.0,0,1,floor,0,0,1
ec,40,2,1.700029006457271e-16,0.0,1.700029006457271e-16,0.0,0.042178071055309414,0.06628564883228609,3.215423702540551e-15,3.731912403838652e-14,3.215423702540551e-15,3.731912403838652e-14,0.6082733494268114,0.023134300728304538,0.0,0,1,floor,0,0,1
ec,40,3,2.5673907444456745e-16,0.0,2.5673907444456745e-16,0.0,0.03875054582355121,0.2656547652472509,3.22802530179298e-15,3.614080290695205e-14,3.22802530179298e-15,3.614080290695205e-14,0.06875024613527003,0.06959295263690014,0.0,0,1,floor,0,0,1
ec,40,4,3.434752482434078e-16,0.0,3.434752482434078e-16,0.0,0.038557878507235556,0.2741765374589515,3.2288189843284037e-15,3.6046579672371607e-14,3.2288189843284037e-15,3.6046579672371607e-14,0.003860251866354055,0.002974660077739308,0.0,0,1,floor,0,0,1
ec,40,5,4.3021142204224816e-16,0.0,4.3021142204224816e-16,0.0,0.038549672621197725,0.2745279440596653,3.2269066187875457e-15,3.613905549404039e-14,3.2269066187875457e-15,3.613905549404039e-14,0.00016439527267684867,0.00012266036358206077,0.0,0,1,floor,0,0,1
ec,40,6,5.169475958410885e-16,0.0,5.169475958410885e-16,0.0,0.03854931760303463,0.2745428881154987,3.228151085908601e-15,3.608958732574937e-14,3.228151085908601e-15,3.608958732574937e-14,7.1119949516226936e-06,5.0926230819925985e-06,0.0,0,1,floor,0,0,1
ec,40,7,6.036837696399289e-16,0.0,6.036837696399289e-16,0.0,0.038549302235424646,0.27454352415148897,3.2290674284316076e-15,3.6109290630965074e-14,3.2290674284316076e-15,3.6109290630965074e-14,3.078401672906853e-07,0.0,0.0,0,1,floor,0,0,1
ec,40,8,6.904199434387692e-16,0.0,6.904199434387692e-16,0.0,0.03854930157017495,0.2745435512199246,3.2314292121258656e-15,3.598015588682106e-14,3.2314292121258656e-15,3.598015588682106e-14,1.332546127249949e-08,0.0,0.0,0,1,floor,0,0,1
ec,40,9,7.771561172376096e-16,0.0,7.771561172376096e-16,0.0,0.03854930154137594,0.2745435523775349,3.2305839433516095e-15,3.601165479663159e-14,3.2305839433516095e-15,3.601165479663159e-14,5.768385953145235e-10,0.0,0.0,0,1,floor,0,0,1
ec,40,10,8.638922910364499e-16,0.0,8.638922910364499e-16,0.0,0.03854930154012926,0.2745435524120508,3.2285204739004756e-15,3.605794074199141e-14,3.2285204739004756e-15,3.605794074199141e-14,2.496978316123757e-11,0.0,0.0,0,1,floor,0,0,1
ec,41,0,0.0,0.0,0.0,0.0,0.0,0.0,3.720211377739113e-15,4.652365127442047e-14,3.720211377739113e-15,4.652365127442047e-14,0.0,0.0,0.0,0,1,floor,0,0,1
ec,41,1,8.326672684688674e-17,0.0,8.326672684688674e-17,0.0,0.011764434916844356,1.0386604689550578e-05,3.7184088458692985e-15,4.65882925933562e-14,3.7184088458692985e-15,4.65882925933562e-14,0.23528869833688712,3.625608998714821e-06,0.0,0,1,floor,0,0,1
ec,41,2,1.700029006457271e-16,0.0,1.700029006457271e-16,0.0,0.042155413197434384,0.06628564878829891,3.717552725561096e-15,4.6607841909793276e-14,3.717552725561096e-15,4.6607841909793276e-14,0.6078202645868986,0.023134300716786856,0.0,0,1,floor,0,0,1
ec,41,3,2.5673907444456745e-16,0.0,2.5673907444456745e-16,0.0,0.03865972959525683,0.26565476523627524,3.717584770238306e-15,4.659990670549231e-14,3.717584770238306e-15,4.659990670549231e-14,0.0701098016832013,0.06959295263179513,0.0,0,1,floor,0,0,1
ec,41,4,3.434752482434078e-16,0.0,3.434752482434078e-16,0.0,0.0384641495716526,0.27417653744831705,3.717894841901758e-15,4.667008003712612e-14,3.717894841901758e-15,4.667008003712612e-14,0.003918420572563905,0.002974659958306711,0.0,0,1,floor,0,0,1
ec,41,5,4.3021142204224816e-16,0.0,4.3021142204224816e-16,0.0,0.038455823610323195,0.2745279440490444,3.717545304842589e-15,4.655789248275596e-14,3.717545304842589e-15,4.655789248275596e-14,0.00016679349324250084,0.00012265746716505922,0.0,0,1,floor,0,0,1
ec,41,6,5.169475958410885e-16,0.0,5.169475958410885e-16,0.0,0.03845546348698673,0.2745428881022233,3.7174931920793464e-15,4.662112444953843e-14,3.7174931920793464e-15,4.662112444953843e-14,7.213963684646073e-06,5.022376640544164e-06,0.0,0,1,floor,0,0,1
ec,41,7,6.036837696399289e-16,0.0,6.036837696399289e-16,0.0,0.03845544790214348,0.27454352414086874,3.717567741926982e-15,4.65909002324115e-14,3.717567741926982e-15,4.65909002324115e-14,3.121792986295802e-07,0.0,0.0,0,1,floor,0,0,1
ec,41,8,6.904199434387692e-16,0.0,6.904199434387692e-16,0.0,0.03845544722765108,0.2745435512093043,3.7185470526451526e-15,4.657996495321115e-14,3.7185470526451526e-15,4.657996495321115e-14,1.351008812445584e-08,0.0,0.0,0,1,floor,0,0,1
ec,41,9,7.771561172376096e-16,0.0,7.771561172376096e-16,0.0,0.03845544719845888,0.27454355236691463,3.7243910317812404e-15,4.6179252042717046e-14,3.7243910317812404e-15,4.6179252042717046e-14,5.846931128551281e-10,0.0,0.0,0,1,floor,0,0,1
ec,41,10,8.638922910364499e-16,0.0,8.638922910364499e-16,0.0,0.03845544719719548,0.27454355240408557,3.7205627133718615e-15,4.647397718624411e-14,3.7205627133718615e-15,4.647397718624411e-14,2.5303829269736124e-11,0.0,0.0,0,1,floor,0,0,1
ec,42,0,0.0,0.0,0.0,0.0,0.0,0.0,3.718883528686357e-15,4.669728747445361e-14,3.718883528686357e-15,4.669728747445361e-14,0.0,0.0,0.0,0,1,floor,0,0,1
ec,42,1,8.326672684688674e-17,0.0,8.326672684688674e-17,0.0,0.011764434920209363,1.0173887179578492e-05,3.721142543688801e-15,4.6658446984233677e-14,3.721142543688801e-15,4.6658446984233677e-14,0.23528869840418723,3.5513565802016854e-06,0.0,0,1,floor,0,0,1
ec,42,2,1.700029006457271e-16,0.0,1.700029006457271e-16,0.0,0.04215515109657079,0.06628564875530854,3.7203637821391696e-15,4.6708264289829214e-14,3.7203637821391696e-15,4.6708264289829214e-14,0.6078150225103324,0.023134300705269166,0.0,0,1,floor,0,0,1
ec,42,3,2.5673907444456745e-16,0.0,2.5673907444456745e-16,0.0,0.038658673716733,0.2656547652252996,3.721174840587017e-15,4.66667241181617e-14,3.721174840587017e-15,4.66667241181617e-14,0.07012563600548583,0.06959295262796637,0.0,0,1,floor,0,0,1
ec,42,4,3.434752482434078e-16,0.0,3.434752482434078e-16,0.0,0.03846306000997992,0.27417653744034115,3.721264461928442e-15,4.660680224467101e-14,3.721264461928442e-15,4.660680224467101e-14,0.003919093263389888,0.002974659868732262,0.0,0,1,floor,0,0,1
ec,42,5,4.3021142204224816e-16,0.0,4.3021142204224816e-16,0.0,0.038454732675777994,0.2745279440410788,3.722370375787362e-15,4.669724731205682e-14,3.722370375787362e-15,4.669724731205682e-14,0.00016682091374083121,0.0001226552948074226,0.0,0,1,floor,0,0,1
ec,42,6,5.169475958410885e-16,0.0,5.169475958410885e-16,0.0,0.038454372494627714,0.2745428880942581,3.721359723640867e-15,4.671585158695205e-14,3.721359723640867e-15,4.671585158695205e-14,7.215118460236011e-06,4.986882367933259e-06,0.0,0,1,floor,0,0,1
ec,42,7,6.036837696399289e-16,0.0,6.036837696399289e-16,0.0,0.03845435690734832,0.2745435241329035,3.719260097226713e-15,4.667642692770893e-14,3.719260097226713e-15,4.667642692770893e-14,3.122279606381852e-07,0.0,0.0,0,1,floor,0,0,1
ec,42,8,6.904199434387692e-16,0.0,6.904199434387692e-16,0.0,0.0384543562327533,0.27454355120133905,3.71986556594658e-15,4.6700299376929405e-14,3.71986556594658e-15,4.6700299376929405e-14,1.351213803362427e-08,0.0,0.0,0,1,floor,0,0,1
ec,42,9,7.806255641895632e-16,0.0,7.806255641895632e-16,0.0,0.038454356203556785,0.27454355236160444,3.720642889856433e-15,4.6696972367693434e-14,3.720642889856433e-15,4.6696972367693434e-14,5.847793202913338e-10,0.0,0.0,0,1,floor,0,0,1
ec,42,10,8.673617379884035e-16,0.0,8.673617379884035e-16,0.0,0.038454356202293205,0.2745435523961204,3.7222597450440704e-15,4.663019253497101e-14,3.7222597450440704e-15,4.663019253497101e-14,2.53074337702054e-11,0.0,0.0,0,1,floor,0,0,1
ec,43,0,0.0,0.0,0.0,0.0,0.0,0.0,3.864603829907065e-15,4.657271714307061e-14,3.864603829907065e-15,4.657271714307061e-14,0.0,0.0,0.0,0,1,floor,0,0,1
ec,43,1,8.326672684688674e-17,0.0,8.326672684688674e-17,0.0,0.011764433578560133,1.0386604689550578e-05,3.8653659231826994e-15,4.660579731778646e-14,3.8653659231826994e-15,4.660579731778646e-14,0.23528867157120265,3.625608998714821e-06,0.0,0,1,floor,0,0,1
ec,43,2,1.700029006457271e-16,0.0,1.700029006457271e-16,0.0,0.04214687475765652,0.06628564878829891,3.862059320897805e-15,4.6895820149069306e-14,3.862059320897805e-15,4.6895820149069306e-14,0.607649522817421,0.023134300716786856,0.0,0,1,floor,0,0,1
ec,43,3,2.5673907444456745e-16,0.0,2.5673907444456745e-16,0.0,0.03862550484913657,0.26565476523627524,3.863381834815474e-15,4.6645995924170137e-14,3.863381834815474e-15,4.6645995924170137e-14,0.07062220316543595,0.06959295263179513,0.0,0,1,floor,0,0,1
ec,43,4,3.434752482434078e-16,0.0,3.434752482434078e-16,0.0,0.03842882719709741,0.27417653744831705,3.865898222068433e-15,4.657857092260337e-14,3.865898222068433e-15,4.657857092260337e-14,0.003940341635999413,0.002974659958306711,0.0,0,1,floor,0,0,1
ec,43,5,4.3021142204224816e-16,0.0,4.3021142204224816e-16,0.0,0.03842045599040988,0.2745279440490444,3.8648423910381665e-15,4.6592707879374476e-14,3.8648423910381665e-15,4.6592707879374476e-14,0.00016769718843775213,0.00012265746716505922,0.0,0,1,floor,0,0,1
ec,43,6,5.169475958410885e-16,0.0,5.169475958410885e-16,0.0,0.03842009394354264,0.2745428881022233,3.8065049212089945e-15,4.895669008777369e-14,3.8065049212089945e-15,4.895669008777369e-14,7.252384583772478e-06,5.022376640544164e-06,0.0,0,1,floor,0,0,1
ec,43,7,6.036837696399289e-16,0.0,6.036837696399289e-16,0.0,0.03842007827685614,0.27454352414086874,3.863593074446425e-15,4.658192585894469e-14,3.863593074446425e-15,4.658192585894469e-14,3.1381412125504845e-07,0.0,0.0,0,1,floor,0,0,1
ec,43,8,6.904199434387692e-16,0.0,6.904199434387692e-16,0.0,0.038420077598881795,0.2745435512093043,3.864185718454686e-15,4.659815613245593e-14,3.864185718454686e-15,4.659815613245593e-14,1.3579643243170032e-08,0.0,0.0,0,1,floor,0,0,1
ec,43,9,7.771561172376096e-16,0.0,7.771561172376096e-16,0.0,0.038420077569541466,0.27454355236691463,3.86322478967216e-15,4.661501870937533e-14,3.86322478967216e-15,4.661501870937533e-14,5.876521359378902e-10,0.0,0.0,0,1,floor,0,0,1
ec,43,10,8.638922910364499e-16,0.0,8.638922910364499e-16,0.0,0.03842007756827177,0.27454355240408557,3.803202043574892e-15,5.047276557413886e-14,3.803202043574892e-15,5.047276557413886e-14,2.5429667147703233e-11,0.0,0.0,0,1,floor,0,0,1
ec,44,0,0.0,0.0,0.0,0.0,0.0,0.0,3.804326413721477e-15,4.5500932721389876e-14,3.804326413721477e-15,4.5500932721389876e-14,0.0,0.0,0.0,0,1,floor,0,0,1
ec,44,1,1.6653345369377348e-16,0.0,1.6653345369377348e-16,0.0,0.011764433913208585,1.059505231752994e-05,3.805702734379018e-15,4.552317660480673e-14,3.805702734379018e-15,4.552317660480673e-14,0.23528867826417169,3.6983709472390634e-06,0.0,0,1,floor,0,0,1
ec,44,2,3.400058012914542e-16,0.0,3.400058012914542e-16,0.0,0.04214823753338409,0.06628564883228609,3.8045014948899925e-15,4.552828169479004e-14,3.8045014948899925e-15,4.552828169479004e-14,0.6076767715974718,0.023134300728304538,0.0,0,1,floor,0,0,1
ec,44,3,5.134781488891349e-16,0.0,5.134781488891349e-16,0.0,0.03863095285772944,0.2656547652472509,3.807668582032873e-15,4.547303370098597e-14,3.807668582032873e-15,4.547303370098597e-14,0.07054070787455614,0.06959295263690014,0.0,0,1,floor,0,0,1
ec,44,4,6.869504964868156e-16,0.0,6.869504964868156e-16,0.0,0.038434450420434633,0.2741765374589515,3.802553568883224e-15,4.560992503847236e-14,3.802553568883224e-15,4.560992503847236e-14,0.003936842345955973,0.002974660077739308,0.0,0,1,floor,0,0,1
ec,44,5,8.604228440844963e-16,0.0,8.604228440844963e-16,0.0,0.0384260864787131,0.2745279440596653,3.81016014005802e-15,4.5101733040450675e-14,3.81016014005802e-15,4.5101733040450675e-14,0.00016755208285986446,0.00012266036358206077,0.0,0,1,floor,0,0,1
ec,44,6,1.033895191682177e-15,0.0,1.033895191682177e-15,0.0,0.03842572474220603,0.2745428881154987,3.804477679672462e-15,4.558265866708069e-14,3.804477679672462e-15,4.558265866708069e-14,7.2461853691839535e-06,5.0926230819925985e-06,0.0,0,1,floor,0,0,1
ec,44,7,1.2073675392798577e-15,0.0,1.2073675392798577e-15,0.0,0.03842570908878949,0.27454352415148897,3.802778926717846e-15,4.55700987171067e-14,3.802778926717846e-15,4.55700987171067e-14,3.1354905205256184e-07,0.0,0.0,0,1,floor,0,0,1
ec,44,8,1.3808398868775384e-15,0.0,1.3808398868775384e-15,0.0,0.038425708411382514,0.2745435512199246,3.80233152052225e-15,4.5757399517064055e-14,3.80233152052225e-15,4.5757399517064055e-14,1.3568309463418909e-08,0.0,0.0,0,1,floor,0,0,1
ec,44,9,1.5543122344752192e-15,0.0,1.5543122344752192e-15,0.0,0.03842570838206645,0.2745435523775349,3.8013635572181365e-15,4.562104526582848e-14,3.8013635572181365e-15,4.562104526582848e-14,5.871676286989464e-10,0.0,0.0,0,1,floor,0,0,1
ec,44,10,1.7277845820728999e-15,0.0,1.7277845820728999e-15,0.0,0.03842570838079779,0.2745435524120508,3.805550170115901e-15,4.554206400839688e-14,3.805550170115901e-15,4.554206400839688e-14,2.5408969114337524e-11,0.0,0.0,0,1,floor,0,0,1
ec,45,0,0.0,0.0,0.0,0.0,0.0,0.0,3.7173715409584104e-15,4.659537804459208e-14,3.7173715409584104e-15,4.659537804459208e-14,0.0,0.0,0.0,0,1,floor,0,0,1
ec,45,1,8.326672684688674e-17,0.0,8.326672684688674e-17,0.0,0.011764432881073018,1.0386604689550578e-05,3.718815977552265e-15,4.6604805305339674e-14,3.718815977552265e-15,4.6604805305339674e-14,0.23528865762146037,3.625608998714821e-06,0.0,0,1,floor,0,0,1
ec,45,2,1.700029006457271e-16,0.0,1.700029006457271e-16,0.0,0.04214434199626452,0.06628564878829891,3.71897290676033e-15,4.657099694199019e-14,3.71897290676033e-15,4.657099694199019e-14,0.6075988816164976,0.023134300716786856,0.0,0,1,floor,0,0,1
ec,45,3,2.5673907444456745e-16,0.0,2.5673907444456745e-16,0.0,0.0386153885547096,0.26565476523627524,3.716204472741826e-15,4.6631389092374894e-14,3.716204472741826e-15,4.6631389092374894e-14,0.07077348647179318,0.06959295263179513,0.0,0,1,floor,0,0,1
ec,45,4,3.434752482434078e-16,0.0,3.434752482434078e-16,0.0,0.03841838524310537,0.27417653744831705,3.716444100793552e-15,4.659368089773766e-14,3.716444100793552e-15,4.659368089773766e-14,0.003946845549755388,0.002974659958306711,0.0,0,1,floor,0,0,1
ec,45,5,4.3021142204224816e-16,0.0,4.3021142204224816e-16,0.0,0.038410000507051775,0.2745279440490444,3.718085502086205e-15,4.664898148992892e-14,3.718085502086205e-15,4.664898148992892e-14,0.00016796741586123194,0.00012265746716505922,0.0,0,1,floor,0,0,1
ec,45,6,5.169475958410885e-16,0.0,5.169475958410885e-16,0.0,0.038409637881276736,0.2745428881022233,3.718039787869079e-15,4.662279990235648e-14,3.718039787869079e-15,4.662279990235648e-14,7.263947874120383e-06,5.022376640544164e-06,0.0,0,1,floor,0,0,1
ec,45,7,6.036837696399289e-16,0.0,6.036837696399289e-16,0.0,0.038409622189798195,0.27454352414086874,3.718337243570816e-15,4.6633975886772355e-14,3.718337243570816e-15,4.6633975886772355e-14,3.14309347133374e-07,0.0,0.0,0,1,floor,0,0,1
ec,45,8,6.904199434387692e-16,0.0,6.904199434387692e-16,0.0,0.038409621510762104,0.2745435512093043,3.717522758341962e-15,4.659484779420455e-14,3.717522758341962e-15,4.659484779420455e-14,1.3600852646884617e-08,0.0,0.0,0,1,floor,0,0,1
ec,45,9,7.771561172376096e-16,0.0,7.771561172376096e-16,0.0,0.038409621481376326,0.27454355236691463,3.7257843813930664e-15,4.634411662885807e-14,3.7257843813930664e-15,4.634411662885807e-14,5.885602756988363e-10,0.0,0.0,0,1,floor,0,0,1
ec,45,10,8.638922910364499e-16,0.0,8.638922910364499e-16,0.0,0.03840962148010466,0.27454355240408557,3.7171369116676276e-15,4.659201137819184e-14,3.7171369116676276e-15,4.659201137819184e-14,2.5468764900988376e-11,0.0,0.0,0,1,floor,0,0,1
ec,46,0,0.0,0.0,0.0,0.0,0.0,0.0,3.599705858195663e-15,4.6690865864698064e-14,3.599705858195663e-15,4.6690865864698064e-14,0.0,0.0,0.0,0,1,floor,0,0,1
ec,46,1,8.326672684688674e-17,0.0,8.326672684688674e-17,0.0,0.011764436673482852,9.88314448090898e-06,3.600448939774553e-15,4.664840662627223e-14,3.600448939774553e-15,4.664840662627223e-14,0.23528873346965704,3.449868232843351e-06,0.0,0,1,floor,0,0,1
ec,46,2,1.700029006457271e-16,0.0,1.700029006457271e-16,0.0,0.04216554697809508,0.06628564871132135,3.599746868906894e-15,4.6610820609875056e-14,3.599746868906894e-15,4.6610820609875056e-14,0.6080229047585805,0.023134300689912263,0.0,0,1,floor,0,0,1
ec,46,3,2.5673907444456745e-16,0.0,2.5673907444456745e-16,0.0,0.03870032891502715,0.2656547652170679,3.600220189323807e-15,4.6669870950428356e-14,3.600220189323807e-15,4.6669870950428356e-14,0.06950208764663666,0.06959295262413763,0.0,0,1,floor,0,0,1
ec,46,4,3.434752482434078e-16,0.0,3.434752482434078e-16,0.0,0.03850605164235853,0.27417653742970666,3.601160310747533e-15,4.6655151061919695e-14,3.601160310747533e-15,4.6655151061919695e-14,0.0038924034350041256,0.0029746597492996563,0.0,0,1,floor,0,0,1
ec,46,5,4.3021142204224816e-16,0.0,4.3021142204224816e-16,0.0,0.03849777944074758,0.2745279440304579,3.601182445443552e-15,4.665980038584553e-14,3.601182445443552e-15,4.665980038584553e-14,0.00016571975733105954,0.00012265312241131055,0.0,0,1,floor,0,0,1
ec,46,6,5.169475958410885e-16,0.0,5.169475958410885e-16,0.0,0.0384974216050044,0.27454288808629285,3.600003900358744e-15,4.667423441049541e-14,3.600003900358744e-15,4.667423441049541e-14,7.16827169343913e-06,4.91512492372712e-06,0.0,0,1,floor,0,0,1
ec,46,7,6.036837696399289e-16,0.0,6.036837696399289e-16,0.0,0.03849740611758454,0.2745435241222833,3.601258164266696e-15,4.671890953713656e-14,3.601258164266696e-15,4.671890953713656e-14,3.102332925699475e-07,0.0,0.0,0,1,floor,0,0,1
ec,46,8,6.904199434387692e-16,0.0,6.904199434387692e-16,0.0,0.03849740544724085,0.2745435511933739,3.602180716228499e-15,4.664081516676006e-14,3.602180716228499e-15,4.664081516676006e-14,1.3427215070087706e-08,0.0,0.0,0,1,floor,0,0,1
ec,46,9,7.771561172376096e-16,0.0,7.771561172376096e-16,0.0,0.038497405418225286,0.27454355235098427,3.6008594106066325e-15,4.663042761246673e-14,3.6008594106066325e-15,4.663042761246673e-14,5.811644856105589e-10,0.0,0.0,0,1,floor,0,0,1
ec,46,10,8.638922910364499e-16,0.0,8.638922910364499e-16,0.0,0.03849740541696941,0.2745435523855001,3.600001141573645e-15,4.6700630446824347e-14,3.600001141573645e-15,4.6700630446824347e-14,2.5153543061400814e-11,0.0,0.0,0,1,floor,0,0,1
ec,47,0,0.0,0.0,0.0,0.0,0.0,0.0,3.832296196839543e-15,5.0092877122727847e-14,3.832296196839543e-15,5.0092877122727847e-14,0.0,0.0,0.0,0,1,floor,0,0,1
ec,47,1,8.326672684688674e-17,0.0,8.326672684688674e-17,0.0,0.011764435560819894,1.0663629423853027e-05,3.830009535742399e-15,5.023364985799125e-14,3.830009535742399e-15,5.023364985799125e-14,0.23528871121639788,3.7223088731756253e-06,0.0,0,1,floor,0,0,1
ec,47,2,1.700029006457271e-16,0.0,1.700029006457271e-16,0.0,0.042159741009138565,0.06628564883228609,3.8323231486599645e-15,5.015092960966526e-14,3.8323231486599645e-15,5.015092960966526e-14,0.6079068078095431,0.023134300732143766,0.0,0,1,floor,0,0,1
ec,47,3,2.5673907444456745e-16,0.0,2.5673907444456745e-16,0.0,0.03867708091617225,0.2656547652472509,3.8340923120836675e-15,5.004206977775481e-14,3.8340923120836675e-15,5.004206977775481e-14,0.06985001064355678,0.06959295263690014,0.0,0,1,floor,0,0,1
ec,47,4,3.434752482434078e-16,0.0,3.434752482434078e-16,0.0,0.0384820572309617,0.2741765374589515,3.831011135289535e-15,5.010617602251448e-14,3.831011135289535e-15,5.010617602251448e-14,0.003907309916029646,0.002974660077739308,0.0,0,1,floor,0,0,1
ec,47,5,4.3021142204224816e-16,0.0,4.3021142204224816e-16,0.0,0.03847375419042382,0.2745279440596653,3.83286271006543e-15,5.009442058485392e-14,3.83286271006543e-15,5.009442058485392e-14,0.00016633569671530924,0.00012266036358206077,0.0,0,1,floor,0,0,1
ec,47,6,5.169475958410885e-16,0.0,5.169475958410885e-16,0.0,0.03847339504110019,0.2745428881128436,3.830357981004419e-15,5.019465043506003e-14,3.830357981004419e-15,5.019465043506003e-14,7.1945088173242506e-06,5.0926230819925985e-06,0.0,0,1,floor,0,0,1
ec,47,7,6.036837696399289e-16,0.0,6.036837696399289e-16,0.0,0.03847337949768134,0.27454352415148897,3.829634317894793e-15,5.025802089535849e-14,3.829634317894793e-15,5.025802089535849e-14,3.1135185314130605e-07,0.0,0.0,0,1,floor,0,0,1
ec,47,8,6.904199434387692e-16,0.0,6.904199434387692e-16,0.0,0.03847337882495052,0.2745435512199246,3.831446846552953e-15,5.0129444885107075e-14,3.831446846552953e-15,5.0129444885107075e-14,1.3474899264305584e-08,0.0,0.0,0,1,floor,0,0,1
ec,47,9,7.771561172376096e-16,0.0,7.771561172376096e-16,0.0,0.038473378795833214,0.2745435523775349,3.833262675621827e-15,5.004712325190017e-14,3.833262675621827e-15,5.004712325190017e-14,5.831969912570203e-10,0.0,0.0,0,1,floor,0,0,1
ec,47,10,8.638922910364499e-16,0.0,8.638922910364499e-16,0.0,0.03847337879457299,0.27454355241470585,3.831139163441428e-15,5.0144002749939985e-14,3.831139163441428e-15,5.0144002749939985e-14,2.5240331663766613e-11,0.0,0.0,0,1,floor,0,0,1
ec,48,0,0.0,0.0,0.0,0.0,0.0,0.0,3.599509329728767e-15,4.6578692059480034e-14,3.599509329728767e-15,4.6578692059480034e-14,0.0,0.0,0.0,0,1,floor,0,0,1
ec,48,1,8.326672684688674e-17,0.0,8.326672684688674e-17,0.0,0.011764435040292866,9.956626120759437e-06,3.599850577213952e-15,4.666859004235608e-14,3.599850577213952e-15,4.666859004235608e-14,0.23528870080585731,3.4755181639464542e-06,0.0,0,1,floor,0,0,1
ec,48,2,1.700029006457271e-16,0.0,1.700029006457271e-16,0.0,0.04215501978226579,0.06628564872231814,3.585663912836955e-15,4.769506409906637e-14,3.585663912836955e-15,4.769506409906637e-14,0.6078123938266128,0.023134300693751483,0.0,0,1,floor,0,0,1
ec,48,3,2.5673907444456745e-16,0.0,2.5673907444456745e-16,0.0,0.03865813060662384,0.2656547652198118,3.598150363780216e-15,4.668184780759188e-14,3.598150363780216e-15,4.668184780759188e-14,0.07013385053344719,0.06959295262413763,0.0,0,1,floor,0,0,1
ec,48,4,3.434752482434078e-16,0.0,3.434752482434078e-16,0.0,0.038462500051792026,0.27417653743236525,3.600880766868178e-15,4.6731984196156003e-14,3.600880766868178e-15,4.6731984196156003e-14,0.003919429739383615,0.0029746597791578083,0.0,0,1,floor,0,0,1
ec,48,5,4.3021142204224816e-16,0.0,4.3021142204224816e-16,0.0,0.03845417207240733,0.27452794403311304,3.599010187180504e-15,4.670316061279263e-14,3.599010187180504e-15,4.670316061279263e-14,0.0001668338001116211,0.00012265312241131055,0.0,0,1,floor,0,0,1
ec,48,6,5.169475958410885e-16,0.0,5.169475958410885e-16,0.0,0.03845381186557389,0.27454288808629285,3.598109535567347e-15,4.663398296963564e-14,3.598109535567347e-15,4.663398296963564e-14,7.215631462340709e-06,4.91512492372712e-06,0.0,0,1,floor,0,0,1
ec,48,7,6.036837696399289e-16,0.0,6.036837696399289e-16,0.0,0.03845379627727678,0.27454352412493827,3.597965341196424e-15,4.662103747129078e-14,3.597965341196424e-15,4.662103747129078e-14,3.122482895384103e-07,0.0,0.0,0,1,floor,0,0,1
ec,48,8,6.904199434387692e-16,0.0,6.904199434387692e-16,0.0,0.03845379560264174,0.2745435511933739,3.5981534775515916e-15,4.668397437296769e-14,3.5981534775515916e-15,4.668397437296769e-14,1.3512937510364988e-08,0.0,0.0,0,1,floor,0,0,1
ec,48,9,7.771561172376096e-16,0.0,7.771561172376096e-16,0.0,0.03845379557344366,0.27454355235098427,3.6008207682964816e-15,4.6629277574324846e-14,3.6008207682964816e-15,4.6629277574324846e-14,5.848106522140869e-10,0.0,0.0,0,1,floor,0,0,1
ec,48,10,8.638922910364499e-16,0.0,8.638922910364499e-16,0.0,0.038453795572180025,0.2745435523881552,3.5989988476870296e-15,4.6659615855926836e-14,3.5989988476870296e-15,4.6659615855926836e-14,2.5308543267079168e-11,0.0,0.0,0,1,floor,0,0,1
ec,49,0,0.0,0.0,0.0,0.0,0.0,0.0,3.655931277662213e-15,4.5556006726787015e-14,3.655931277662213e-15,4.5556006726787015e-14,0.0,0.0,0.0,0,1,floor,0,0,1
ec,49,1,1.6653345369377348e-16,0.0,1.6653345369377348e-16,0.0,0.01176443620767666,9.035490975690211e-06,3.655594104728408e-15,4.5502740370617153e-14,3.655594104728408e-15,4.5502740370617153e-14,0.2352887241535332,3.1539813412005822e-06,0.0,0,1,floor,0,0,1
ec,49,2,3.400058012914542e-16,0.0,3.400058012914542e-16,0.0,0.04216477705639089,0.06628564860135343,3.654695105590723e-15,4.554677647476331e-14,3.654695105590723e-15,4.554677647476331e-14,0.6080075156639588,0.023134300651519973,0.0,0,1,floor,0,0,1
ec,49,3,5.134781488891349e-16,0.0,5.134781488891349e-16,0.0,0.038697283951659646,0.26565476518688497,3.6507829234249146e-15,4.571807527602286e-14,3.6507829234249146e-15,4.571807527602286e-14,0.06954746828163734,0.06959295261009887,0.0,0,1,floor,0,0,1
ec,49,4,6.869504964868156e-16,0.0,6.869504964868156e-16,0.0,0.03850290762455735,0.2741765374004618,3.65455810937149e-15,4.5632649964053874e-14,3.65455810937149e-15,4.5632649964053874e-14,0.003894381623048174,0.0029746594208599694,0.0,0,1,floor,0,0,1
ec,49,5,8.604228440844963e-16,0.0,8.604228440844963e-16,0.0,0.03849463121883146,0.2745279440039057,3.653733977268146e-15,4.567016185147471e-14,3.653733977268146e-15,4.567016185147471e-14,0.00016580372463949396,0.0001226451566296875,0.0,0,1,floor,0,0,1
ec,49,6,1.033895191682177e-15,0.0,1.033895191682177e-15,0.0,0.038494273200074196,0.27454288805708704,3.651476141873146e-15,4.5661558727683936e-14,3.651476141873146e-15,4.5661558727683936e-14,7.171927140815607e-06,4.730972011800879e-06,0.0,0,1,floor,0,0,1
ec,49,7,1.2073675392798577e-15,0.0,1.2073675392798577e-15,0.0,0.038494257704683135,0.2745435240957325,3.6567857232182196e-15,4.5515970673302304e-14,3.6567857232182196e-15,4.5515970673302304e-14,3.103925131935872e-07,0.0,0.0,0,1,floor,0,0,1
ec,49,8,1.3808398868775384e-15,0.0,1.3808398868775384e-15,0.0,0.0384942570339923,0.2745435511641681,3.655039321066881e-15,4.5649120617922945e-14,3.655039321066881e-15,4.5649120617922945e-14,1.3434149548809264e-08,0.0,0.0,0,1,floor,0,0,1
ec,49,9,1.5543122344752192e-15,0.0,1.5543122344752192e-15,0.0,0.038494257004961625,0.27454355232177846,3.653033255189255e-15,4.5721283157039123e-14,3.653033255189255e-15,4.5721283157039123e-14,5.814664586832585e-10,0.0,0.0,0,1,floor,0,0,1
ec,49,10,1.7277845820728999e-15,0.0,1.7277845820728999e-15,0.0,0.038494257003705096,0.27454355235629435,3.651127633641075e-15,4.5852226827519764e-14,3.651127633641075e-15,4.5852226827519764e-14,2.5166674489485437e-11,0.0,0.0,0,1,floor,0,0,1
